 2013 04 20 13 59 36.550   -8.957   45.000     .000   758584.3    -.0357    -.3342     .0000   -5176.7
 2013 04 20 13 59 37.000   -8.973   44.849     .000   756255.5    -.0357    -.3365     .0000   -5162.9
 2013 04 20 13 59 38.000   -9.009   44.510     .000   751108.2    -.0356    -.3416     .0000   -5131.6
 2013 04 20 13 59 39.000   -9.044   44.166     .000   745992.4    -.0356    -.3467     .0000   -5099.8
 2013 04 20 13 59 40.000   -9.080   43.816     .000   740908.9    -.0355    -.3519     .0000   -5067.2
 2013 04 20 13 59 41.000   -9.115   43.462     .000   735858.2    -.0354    -.3572     .0000   -5034.0
 2013 04 20 13 59 42.000   -9.150   43.102     .000   730841.1    -.0354    -.3625     .0000   -5000.1
 2013 04 20 13 59 43.000   -9.186   42.737     .000   725858.3    -.0353    -.3679     .0000   -4965.5
 2013 04 20 13 59 44.000   -9.221   42.366     .000   720910.5    -.0353    -.3734     .0000   -4930.1
 2013 04 20 13 59 45.000   -9.256   41.990     .000   715998.3    -.0352    -.3790     .0000   -4894.0
 2013 04 20 13 59 46.000   -9.291   41.608     .000   711122.7    -.0351    -.3847     .0000   -4857.2
 2013 04 20 13 59 47.000   -9.326   41.221     .000   706284.2    -.0351    -.3904     .0000   -4819.6
 2013 04 20 13 59 48.000   -9.361   40.827     .000   701483.8    -.0350    -.3962     .0000   -4781.2
 2013 04 20 13 59 49.000   -9.396   40.428     .000   696722.1    -.0349    -.4020     .0000   -4742.0
 2013 04 20 13 59 50.000   -9.431   40.023     .000   692000.0    -.0348    -.4080     .0000   -4702.0
 2013 04 20 13 59 51.000   -9.466   39.612     .000   687318.4    -.0348    -.4140     .0000   -4661.2
 2013 04 20 13 59 52.000   -9.501   39.195     .000   682678.0    -.0347    -.4200     .0000   -4619.5
 2013 04 20 13 59 53.000   -9.535   38.772     .000   678079.7    -.0346    -.4262     .0000   -4577.0
 2013 04 20 13 59 54.000   -9.570   38.343     .000   673524.3    -.0345    -.4324     .0000   -4533.6
 2013 04 20 13 59 55.000   -9.604   37.908     .000   669012.9    -.0345    -.4387     .0000   -4489.3
 2013 04 20 13 59 56.000   -9.639   37.466     .000   664546.1    -.0344    -.4450     .0000   -4444.1
 2013 04 20 13 59 57.000   -9.673   37.018     .000   660125.0    -.0343    -.4514     .0000   -4397.9
 2013 04 20 13 59 58.000   -9.707   36.563     .000   655750.6    -.0342    -.4579     .0000   -4350.9
 2013 04 20 13 59 59.000   -9.741   36.102     .000   651423.6    -.0341    -.4644     .0000   -4302.9
 2013 04 20 14 00   .000   -9.775   35.634     .000   647145.3    -.0340    -.4709     .0000   -4253.9
 2013 04 20 14 00  1.000   -9.809   35.160     .000   642916.1    -.0339    -.4776     .0000   -4203.9
 2013 04 20 14 00  2.000   -9.843   34.679     .000   638737.6    -.0339    -.4843     .0000   -4153.0
 2013 04 20 14 00  3.000   -9.877   34.191     .000   634610.5    -.0338    -.4910     .0000   -4101.0
 2013 04 20 14 00  4.000   -9.910   33.697     .000   630535.9    -.0337    -.4977     .0000   -4048.1
 2013 04 20 14 00  5.000   -9.944   33.196     .000   626514.7    -.0336    -.5046     .0000   -3994.0
 2013 04 20 14 00  6.000   -9.977   32.688     .000   622548.1    -.0335    -.5114     .0000   -3939.0
 2013 04 20 14 00  7.000  -10.011   32.173     .000   618637.1    -.0334    -.5183     .0000   -3882.9
 2013 04 20 14 00  8.000  -10.044   31.651     .000   614782.7    -.0333    -.5252     .0000   -3825.7
 2013 04 20 14 00  9.000  -10.077   31.123     .000   610986.1    -.0332    -.5321     .0000   -3767.4
 2013 04 20 14 00 10.000  -10.110   30.587     .000   607248.2    -.0331    -.5391     .0000   -3708.1
 2013 04 20 14 00 11.000  -10.143   30.045     .000   603570.3    -.0330    -.5461     .0000   -3647.6
 2013 04 20 14 00 12.000  -10.176   29.495     .000   599953.4    -.0328    -.5530     .0000   -3586.0
 2013 04 20 14 00 13.000  -10.209   28.939     .000   596398.6    -.0327    -.5600     .0000   -3523.3
 2013 04 20 14 00 14.000  -10.242   28.375     .000   592907.1    -.0326    -.5670     .0000   -3459.5
 2013 04 20 14 00 15.000  -10.274   27.805     .000   589480.0    -.0325    -.5740     .0000   -3394.6
 2013 04 20 14 00 16.000  -10.307   27.227     .000   586118.3    -.0324    -.5809     .0000   -3328.5
 2013 04 20 14 00 17.000  -10.339   26.643     .000   582823.4    -.0323    -.5879     .0000   -3261.3
 2013 04 20 14 00 18.000  -10.371   26.051     .000   579596.2    -.0322    -.5948     .0000   -3192.9
 2013 04 20 14 00 19.000  -10.403   25.453     .000   576437.9    -.0320    -.6017     .0000   -3123.4
 2013 04 20 14 00 20.000  -10.435   24.848     .000   573349.7    -.0319    -.6085     .0000   -3052.8
 2013 04 20 14 00 21.000  -10.467   24.236     .000   570332.7    -.0318    -.6153     .0000   -2981.0
 2013 04 20 14 00 22.000  -10.499   23.618     .000   567388.1    -.0317    -.6220     .0000   -2908.1
 2013 04 20 14 00 23.000  -10.530   22.992     .000   564516.9    -.0316    -.6287     .0000   -2834.0
 2013 04 20 14 00 24.000  -10.562   22.360     .000   561720.4    -.0314    -.6353     .0000   -2758.9
 2013 04 20 14 00 25.000  -10.593   21.722     .000   558999.6    -.0313    -.6418     .0000   -2682.6
 2013 04 20 14 00 26.000  -10.624   21.077     .000   556355.6    -.0312    -.6482     .0000   -2605.2
 2013 04 20 14 00 27.000  -10.655   20.425     .000   553789.6    -.0310    -.6545     .0000   -2526.7
 2013 04 20 14 00 28.000  -10.686   19.768     .000   551302.7    -.0309    -.6607     .0000   -2447.1
 2013 04 20 14 00 29.000  -10.717   19.104     .000   548895.9    -.0308    -.6668     .0000   -2366.4
 2013 04 20 14 00 30.000  -10.748   18.434     .000   546570.3    -.0306    -.6727     .0000   -2284.7
 2013 04 20 14 00 31.000  -10.778   17.759     .000   544326.8    -.0305    -.6785     .0000   -2202.0
 2013 04 20 14 00 32.000  -10.809   17.077     .000   542166.6    -.0304    -.6842     .0000   -2118.2
 2013 04 20 14 00 33.000  -10.839   16.390     .000   540090.7    -.0302    -.6897     .0000   -2033.5
 2013 04 20 14 00 34.000  -10.869   15.698     .000   538100.0    -.0301    -.6951     .0000   -1947.8
 2013 04 20 14 00 35.000  -10.899   15.000     .000   536195.5    -.0299    -.7002     .0000   -1861.1
 2013 04 20 14 00 36.000  -10.929   14.298     .000   534378.0    -.0298    -.7052     .0000   -1773.6
 2013 04 20 14 00 37.000  -10.959   13.590     .000   532648.6    -.0297    -.7100     .0000   -1685.1
 2013 04 20 14 00 38.000  -10.988   12.878     .000   531008.0    -.0295    -.7146     .0000   -1595.9
 2013 04 20 14 00 39.000  -11.018   12.161     .000   529457.1    -.0294    -.7190     .0000   -1505.8
 2013 04 20 14 00 40.000  -11.047   11.440     .000   527996.7    -.0292    -.7231     .0000   -1414.9
 2013 04 20 14 00 41.000  -11.076   10.715     .000   526627.5    -.0291    -.7270     .0000   -1323.4
 2013 04 20 14 00 42.000  -11.105    9.986     .000   525350.2    -.0289    -.7307     .0000   -1231.1
 2013 04 20 14 00 43.000  -11.134    9.253     .000   524165.6    -.0288    -.7342     .0000   -1138.1
 2013 04 20 14 00 44.000  -11.163    8.518     .000   523074.1    -.0286    -.7374     .0000   -1044.6
 2013 04 20 14 00 45.000  -11.191    7.779     .000   522076.6    -.0285    -.7403     .0000    -950.5
 2013 04 20 14 00 46.000  -11.220    7.037     .000   521173.3    -.0283    -.7430     .0000    -855.9
 2013 04 20 14 00 47.000  -11.248    6.293     .000   520365.0    -.0281    -.7454     .0000    -760.8
 2013 04 20 14 00 48.000  -11.276    5.546     .000   519651.9    -.0280    -.7476     .0000    -665.3
 2013 04 20 14 00 49.000  -11.304    4.798     .000   519034.5    -.0278    -.7494     .0000    -569.4
 2013 04 20 14 00 50.000  -11.332    4.048     .000   518513.2    -.0277    -.7510     .0000    -473.2
 2013 04 20 14 00 51.000  -11.359    3.296     .000   518088.2    -.0275    -.7523     .0000    -376.8
 2013 04 20 14 00 52.000  -11.387    2.543     .000   517759.7    -.0273    -.7533     .0000    -280.1
 2013 04 20 14 00 53.000  -11.414    1.790     .000   517528.0    -.0272    -.7540     .0000    -183.3
 2013 04 20 14 00 54.000  -11.441    1.035     .000   517393.2    -.0270    -.7544     .0000     -86.4
 2013 04 20 14 00 55.000  -11.468     .281     .000   517355.3    -.0269    -.7545     .0000      10.6
 2013 04 20 14 00 56.000  -11.495    -.473     .000   517414.4    -.0267    -.7543     .0000     107.6
 2013 04 20 14 00 57.000  -11.521   -1.228     .000   517570.5    -.0265    -.7539     .0000     204.5
 2013 04 20 14 00 58.000  -11.548   -1.981     .000   517823.4    -.0263    -.7531     .0000     301.3
 2013 04 20 14 00 59.000  -11.574   -2.734     .000   518172.9    -.0262    -.7520     .0000     397.9
 2013 04 20 14 01   .000  -11.600   -3.485     .000   518619.0    -.0260    -.7507     .0000     494.3
 2013 04 20 14 01  1.000  -11.626   -4.235     .000   519161.4    -.0258    -.7491     .0000     590.4
 2013 04 20 14 01  2.000  -11.652   -4.983     .000   519799.7    -.0257    -.7472     .0000     686.2
 2013 04 20 14 01  3.000  -11.677   -5.729     .000   520533.6    -.0255    -.7450     .0000     781.6
 2013 04 20 14 01  4.000  -11.703   -6.473     .000   521362.7    -.0253    -.7425     .0000     876.6
 2013 04 20 14 01  5.000  -11.728   -7.214     .000   522286.6    -.0251    -.7398     .0000     971.1
 2013 04 20 14 01  6.000  -11.753   -7.952     .000   523304.7    -.0250    -.7368     .0000    1065.0
 2013 04 20 14 01  7.000  -11.778   -8.688     .000   524416.4    -.0248    -.7335     .0000    1158.4
 2013 04 20 14 01  8.000  -11.803   -9.419     .000   525621.3    -.0246    -.7301     .0000    1251.2
 2013 04 20 14 01  9.000  -11.827  -10.148     .000   526918.6    -.0244    -.7263     .0000    1343.3
 2013 04 20 14 01 10.000  -11.852  -10.872     .000   528307.7    -.0242    -.7223     .0000    1434.7
 2013 04 20 14 01 11.000  -11.876  -11.592     .000   529787.8    -.0241    -.7181     .0000    1525.4
 2013 04 20 14 01 12.000  -11.900  -12.308     .000   531358.2    -.0239    -.7137     .0000    1615.3
 2013 04 20 14 01 13.000  -11.923  -13.020     .000   533018.1    -.0237    -.7091     .0000    1704.3
 2013 04 20 14 01 14.000  -11.947  -13.726     .000   534766.6    -.0235    -.7043     .0000    1792.6
 2013 04 20 14 01 15.000  -11.970  -14.428     .000   536602.9    -.0233    -.6993     .0000    1879.9
 2013 04 20 14 01 16.000  -11.994  -15.125     .000   538526.1    -.0231    -.6941     .0000    1966.3
 2013 04 20 14 01 17.000  -12.017  -15.816     .000   540535.2    -.0230    -.6887     .0000    2051.8
 2013 04 20 14 01 18.000  -12.040  -16.502     .000   542629.3    -.0228    -.6832     .0000    2136.3
 2013 04 20 14 01 19.000  -12.062  -17.182     .000   544807.4    -.0226    -.6775     .0000    2219.8
 2013 04 20 14 01 20.000  -12.085  -17.857     .000   547068.5    -.0224    -.6716     .0000    2302.3
 2013 04 20 14 01 21.000  -12.107  -18.526     .000   549411.6    -.0222    -.6657     .0000    2383.7
 2013 04 20 14 01 22.000  -12.129  -19.188     .000   551835.6    -.0220    -.6596     .0000    2464.1
 2013 04 20 14 01 23.000  -12.151  -19.845     .000   554339.4    -.0218    -.6534     .0000    2543.4
 2013 04 20 14 01 24.000  -12.173  -20.495     .000   556922.1    -.0216    -.6470     .0000    2621.6
 2013 04 20 14 01 25.000  -12.195  -21.139     .000   559582.4    -.0214    -.6406     .0000    2698.8
 2013 04 20 14 01 26.000  -12.216  -21.776     .000   562319.2    -.0212    -.6341     .0000    2774.8
 2013 04 20 14 01 27.000  -12.237  -22.407     .000   565131.6    -.0211    -.6275     .0000    2849.7
 2013 04 20 14 01 28.000  -12.258  -23.031     .000   568018.2    -.0209    -.6208     .0000    2923.5
 2013 04 20 14 01 29.000  -12.279  -23.648     .000   570978.1    -.0207    -.6141     .0000    2996.1
 2013 04 20 14 01 30.000  -12.299  -24.259     .000   574010.0    -.0205    -.6073     .0000    3067.6
 2013 04 20 14 01 31.000  -12.320  -24.863     .000   577112.9    -.0203    -.6005     .0000    3137.9
 2013 04 20 14 01 32.000  -12.340  -25.460     .000   580285.5    -.0201    -.5936     .0000    3207.2
 2013 04 20 14 01 33.000  -12.360  -26.050     .000   583526.8    -.0199    -.5867     .0000    3275.2
 2013 04 20 14 01 34.000  -12.380  -26.633     .000   586835.6    -.0197    -.5798     .0000    3342.2
 2013 04 20 14 01 35.000  -12.400  -27.210     .000   590210.7    -.0195    -.5728     .0000    3407.9
 2013 04 20 14 01 36.000  -12.419  -27.779     .000   593651.1    -.0193    -.5658     .0000    3472.6
 2013 04 20 14 01 37.000  -12.438  -28.341     .000   597155.6    -.0191    -.5589     .0000    3536.1
 2013 04 20 14 01 38.000  -12.457  -28.897     .000   600723.0    -.0189    -.5519     .0000    3598.5
 2013 04 20 14 01 39.000  -12.476  -29.445     .000   604352.3    -.0187    -.5449     .0000    3659.8
 2013 04 20 14 01 40.000  -12.495  -29.986     .000   608042.3    -.0185    -.5380     .0000    3720.0
 2013 04 20 14 01 41.000  -12.513  -30.521     .000   611791.9    -.0183    -.5310     .0000    3779.1
 2013 04 20 14 01 42.000  -12.531  -31.049     .000   615600.1    -.0181    -.5241     .0000    3837.1
 2013 04 20 14 01 43.000  -12.549  -31.569     .000   619465.7    -.0179    -.5172     .0000    3894.0
 2013 04 20 14 01 44.000  -12.567  -32.083     .000   623387.7    -.0177    -.5104     .0000    3949.8
 2013 04 20 14 01 45.000  -12.585  -32.590     .000   627365.0    -.0175    -.5035     .0000    4004.6
 2013 04 20 14 01 46.000  -12.602  -33.090     .000   631396.6    -.0173    -.4967     .0000    4058.4
 2013 04 20 14 01 47.000  -12.620  -33.583     .000   635481.4    -.0171    -.4900     .0000    4111.1
 2013 04 20 14 01 48.000  -12.637  -34.070     .000   639618.4    -.0169    -.4833     .0000    4162.8
 2013 04 20 14 01 49.000  -12.654  -34.550     .000   643806.6    -.0167    -.4766     .0000    4213.5
 2013 04 20 14 01 50.000  -12.670  -35.023     .000   648045.0    -.0165    -.4700     .0000    4263.2
 2013 04 20 14 01 51.000  -12.687  -35.490     .000   652332.6    -.0163    -.4635     .0000    4311.9
 2013 04 20 14 01 52.000  -12.703  -35.950     .000   656668.4    -.0161    -.4570     .0000    4359.6
 2013 04 20 14 01 53.000  -12.719  -36.404     .000   661051.5    -.0159    -.4505     .0000    4406.4
 2013 04 20 14 01 54.000  -12.735  -36.851     .000   665481.0    -.0157    -.4442     .0000    4452.3
 2013 04 20 14 01 55.000  -12.750  -37.292     .000   669955.9    -.0155    -.4378     .0000    4497.3
 2013 04 20 14 01 56.000  -12.766  -37.727     .000   674475.3    -.0153    -.4316     .0000    4541.3
 2013 04 20 14 01 57.000  -12.781  -38.155     .000   679038.3    -.0151    -.4254     .0000    4584.5
 2013 04 20 14 01 58.000  -12.796  -38.578     .000   683644.0    -.0149    -.4193     .0000    4626.8
 2013 04 20 14 01 59.000  -12.811  -38.994     .000   688291.6    -.0147    -.4133     .0000    4668.3
 2013 04 20 14 02   .000  -12.826  -39.404     .000   692980.2    -.0145    -.4073     .0000    4708.9
 2013 04 20 14 02  1.000  -12.840  -39.808     .000   697709.1    -.0143    -.4014     .0000    4748.7
 2013 04 20 14 02  2.000  -12.854  -40.207     .000   702477.3    -.0141    -.3955     .0000    4787.6
 2013 04 20 14 02  3.000  -12.868  -40.599     .000   707284.1    -.0139    -.3898     .0000    4825.8
 2013 04 20 14 02  4.000  -12.882  -40.986     .000   712128.7    -.0137    -.3841     .0000    4863.2
 2013 04 20 14 02  5.000  -12.896  -41.368     .000   717010.2    -.0135    -.3785     .0000    4899.8
 2013 04 20 14 02  6.000  -12.909  -41.743     .000   721928.1    -.0133    -.3729     .0000    4935.7
 2013 04 20 14 02  7.000  -12.922  -42.113     .000   726881.4    -.0131    -.3674     .0000    4970.9
 2013 04 20 14 02  8.000  -12.935  -42.478     .000   731869.6    -.0129    -.3620     .0000    5005.3
 2013 04 20 14 02  9.000  -12.948  -42.838     .000   736891.8    -.0127    -.3567     .0000    5039.0
 2013 04 20 14 02 10.000  -12.961  -43.192     .000   741947.3    -.0125    -.3515     .0000    5072.0
 2013 04 20 14 02 11.000  -12.973  -43.540     .000   747035.6    -.0123    -.3463     .0000    5104.4
 2013 04 20 14 02 12.000  -12.986  -43.884     .000   752155.9    -.0121    -.3412     .0000    5136.1
 2013 04 20 14 02 13.000  -12.998  -44.223     .000   757307.6    -.0119    -.3362     .0000    5167.1
 2013 04 20 14 02 14.000  -13.009  -44.556     .000   762490.0    -.0117    -.3312     .0000    5197.5
 2013 04 20 14 02 15.000  -13.021  -44.885     .000   767702.4    -.0115    -.3263     .0000    5227.3
 2013 04 20 14 02 15.352  -13.025  -45.000     .000   769546.2    -.0114    -.3246     .0000    5237.7
 
 2013 04 20 14 00 49.545   41.382   45.000     .000  1086321.9     .0302    -.2236     .0000   -5333.5
 2013 04 20 14 00 50.000   41.396   44.898     .000  1083895.4     .0301    -.2247     .0000   -5324.4
 2013 04 20 14 00 51.000   41.426   44.672     .000  1078581.1     .0298    -.2272     .0000   -5304.2
 2013 04 20 14 00 52.000   41.455   44.443     .000  1073287.1     .0295    -.2297     .0000   -5283.7
 2013 04 20 14 00 53.000   41.485   44.212     .000  1068013.8     .0292    -.2322     .0000   -5262.9
 2013 04 20 14 00 54.000   41.514   43.979     .000  1062761.4     .0289    -.2347     .0000   -5241.8
 2013 04 20 14 00 55.000   41.543   43.743     .000  1057530.4     .0286    -.2373     .0000   -5220.3
 2013 04 20 14 00 56.000   41.571   43.504     .000  1052320.9     .0283    -.2399     .0000   -5198.5
 2013 04 20 14 00 57.000   41.599   43.263     .000  1047133.4     .0280    -.2425     .0000   -5176.4
 2013 04 20 14 00 58.000   41.627   43.019     .000  1041968.2     .0277    -.2452     .0000   -5153.9
 2013 04 20 14 00 59.000   41.655   42.773     .000  1036825.7     .0273    -.2479     .0000   -5131.1
 2013 04 20 14 01   .000   41.682   42.523     .000  1031706.2     .0270    -.2506     .0000   -5108.0
 2013 04 20 14 01  1.000   41.709   42.271     .000  1026609.8     .0267    -.2533     .0000   -5084.5
 2013 04 20 14 01  2.000   41.735   42.017     .000  1021537.2     .0264    -.2561     .0000   -5060.7
 2013 04 20 14 01  3.000   41.762   41.759     .000  1016488.6     .0261    -.2589     .0000   -5036.5
 2013 04 20 14 01  4.000   41.788   41.499     .000  1011464.4     .0258    -.2617     .0000   -5011.9
 2013 04 20 14 01  5.000   41.813   41.236     .000  1006465.0     .0254    -.2646     .0000   -4986.9
 2013 04 20 14 01  6.000   41.839   40.969     .000  1001490.7     .0251    -.2674     .0000   -4961.6
 2013 04 20 14 01  7.000   41.864   40.701     .000   996541.9     .0248    -.2704     .0000   -4935.9
 2013 04 20 14 01  8.000   41.888   40.429     .000   991619.1     .0245    -.2733     .0000   -4909.7
 2013 04 20 14 01  9.000   41.913   40.154     .000   986722.6     .0241    -.2763     .0000   -4883.2
 2013 04 20 14 01 10.000   41.937   39.876     .000   981852.8     .0238    -.2792     .0000   -4856.3
 2013 04 20 14 01 11.000   41.960   39.595     .000   977010.1     .0235    -.2823     .0000   -4829.0
 2013 04 20 14 01 12.000   41.984   39.311     .000   972194.9     .0232    -.2853     .0000   -4801.3
 2013 04 20 14 01 13.000   42.007   39.025     .000   967407.7     .0228    -.2884     .0000   -4773.1
 2013 04 20 14 01 14.000   42.029   38.735     .000   962648.8     .0225    -.2915     .0000   -4744.5
 2013 04 20 14 01 15.000   42.052   38.442     .000   957918.7     .0222    -.2946     .0000   -4715.5
 2013 04 20 14 01 16.000   42.074   38.145     .000   953217.9     .0218    -.2978     .0000   -4686.1
 2013 04 20 14 01 17.000   42.096   37.846     .000   948546.7     .0215    -.3009     .0000   -4656.2
 2013 04 20 14 01 18.000   42.117   37.543     .000   943905.6     .0211    -.3042     .0000   -4625.9
 2013 04 20 14 01 19.000   42.138   37.238     .000   939295.1     .0208    -.3074     .0000   -4595.1
 2013 04 20 14 01 20.000   42.159   36.928     .000   934715.6     .0205    -.3106     .0000   -4563.8
 2013 04 20 14 01 21.000   42.179   36.616     .000   930167.6     .0201    -.3139     .0000   -4532.1
 2013 04 20 14 01 22.000   42.199   36.301     .000   925651.5     .0198    -.3172     .0000   -4499.9
 2013 04 20 14 01 23.000   42.218   35.982     .000   921167.9     .0194    -.3206     .0000   -4467.2
 2013 04 20 14 01 24.000   42.238   35.659     .000   916717.2     .0191    -.3239     .0000   -4434.1
 2013 04 20 14 01 25.000   42.257   35.334     .000   912299.9     .0187    -.3273     .0000   -4400.4
 2013 04 20 14 01 26.000   42.275   35.005     .000   907916.5     .0184    -.3307     .0000   -4366.3
 2013 04 20 14 01 27.000   42.294   34.672     .000   903567.4     .0180    -.3341     .0000   -4331.7
 2013 04 20 14 01 28.000   42.311   34.336     .000   899253.3     .0177    -.3376     .0000   -4296.5
 2013 04 20 14 01 29.000   42.329   33.997     .000   894974.6     .0173    -.3410     .0000   -4260.9
 2013 04 20 14 01 30.000   42.346   33.654     .000   890731.9     .0170    -.3445     .0000   -4224.7
 2013 04 20 14 01 31.000   42.363   33.308     .000   886525.4     .0166    -.3480     .0000   -4188.0
 2013 04 20 14 01 32.000   42.379   32.958     .000   882355.9     .0163    -.3515     .0000   -4150.8
 2013 04 20 14 01 33.000   42.396   32.605     .000   878224.0     .0159    -.3551     .0000   -4113.0
 2013 04 20 14 01 34.000   42.411   32.248     .000   874130.1     .0155    -.3586     .0000   -4074.7
 2013 04 20 14 01 35.000   42.427   31.887     .000   870074.8     .0152    -.3622     .0000   -4035.9
 2013 04 20 14 01 36.000   42.442   31.523     .000   866058.6     .0148    -.3658     .0000   -3996.5
 2013 04 20 14 01 37.000   42.456   31.156     .000   862082.1     .0145    -.3694     .0000   -3956.5
 2013 04 20 14 01 38.000   42.471   30.784     .000   858145.8     .0141    -.3730     .0000   -3916.0
 2013 04 20 14 01 39.000   42.485   30.409     .000   854250.3     .0137    -.3767     .0000   -3874.9
 2013 04 20 14 01 40.000   42.498   30.031     .000   850396.1     .0134    -.3803     .0000   -3833.3
 2013 04 20 14 01 41.000   42.511   29.649     .000   846583.9     .0130    -.3839     .0000   -3791.1
 2013 04 20 14 01 42.000   42.524   29.263     .000   842814.1     .0126    -.3876     .0000   -3748.3
 2013 04 20 14 01 43.000   42.537   28.873     .000   839087.5     .0123    -.3913     .0000   -3704.9
 2013 04 20 14 01 44.000   42.549   28.480     .000   835404.4     .0119    -.3949     .0000   -3661.0
 2013 04 20 14 01 45.000   42.560   28.083     .000   831765.7     .0115    -.3986     .0000   -3616.5
 2013 04 20 14 01 46.000   42.572   27.683     .000   828171.7     .0111    -.4023     .0000   -3571.3
 2013 04 20 14 01 47.000   42.583   27.279     .000   824623.2     .0108    -.4059     .0000   -3525.6
 2013 04 20 14 01 48.000   42.593   26.871     .000   821120.7     .0104    -.4096     .0000   -3479.3
 2013 04 20 14 01 49.000   42.604   26.460     .000   817664.7     .0100    -.4133     .0000   -3432.4
 2013 04 20 14 01 50.000   42.614   26.044     .000   814256.0     .0096    -.4169     .0000   -3384.9
 2013 04 20 14 01 51.000   42.623   25.626     .000   810895.1     .0093    -.4206     .0000   -3336.8
 2013 04 20 14 01 52.000   42.632   25.203     .000   807582.6     .0089    -.4243     .0000   -3288.1
 2013 04 20 14 01 53.000   42.641   24.777     .000   804319.1     .0085    -.4279     .0000   -3238.8
 2013 04 20 14 01 54.000   42.649   24.347     .000   801105.1     .0081    -.4315     .0000   -3188.9
 2013 04 20 14 01 55.000   42.657   23.914     .000   797941.4     .0078    -.4351     .0000   -3138.4
 2013 04 20 14 01 56.000   42.665   23.477     .000   794828.5     .0074    -.4387     .0000   -3087.3
 2013 04 20 14 01 57.000   42.672   23.036     .000   791767.1     .0070    -.4423     .0000   -3035.6
 2013 04 20 14 01 58.000   42.679   22.592     .000   788757.6     .0066    -.4459     .0000   -2983.2
 2013 04 20 14 01 59.000   42.685   22.144     .000   785800.8     .0062    -.4494     .0000   -2930.3
 2013 04 20 14 02   .000   42.691   21.693     .000   782897.2     .0058    -.4529     .0000   -2876.8
 2013 04 20 14 02  1.000   42.697   21.238     .000   780047.3     .0055    -.4564     .0000   -2822.7
 2013 04 20 14 02  2.000   42.702   20.780     .000   777252.0     .0051    -.4599     .0000   -2768.0
 2013 04 20 14 02  3.000   42.707   20.319     .000   774511.6     .0047    -.4633     .0000   -2712.7
 2013 04 20 14 02  4.000   42.712   19.854     .000   771826.8     .0043    -.4667     .0000   -2656.8
 2013 04 20 14 02  5.000   42.716   19.385     .000   769198.1     .0039    -.4700     .0000   -2600.3
 2013 04 20 14 02  6.000   42.719   18.913     .000   766626.3     .0035    -.4734     .0000   -2543.3
 2013 04 20 14 02  7.000   42.723   18.438     .000   764111.7     .0031    -.4766     .0000   -2485.7
 2013 04 20 14 02  8.000   42.726   17.960     .000   761655.1     .0027    -.4799     .0000   -2427.5
 2013 04 20 14 02  9.000   42.728   17.479     .000   759257.0     .0023    -.4830     .0000   -2368.7
 2013 04 20 14 02 10.000   42.730   16.994     .000   756917.8     .0020    -.4862     .0000   -2309.4
 2013 04 20 14 02 11.000   42.732   16.506     .000   754638.3     .0016    -.4893     .0000   -2249.6
 2013 04 20 14 02 12.000   42.734   16.015     .000   752418.9     .0012    -.4923     .0000   -2189.2
 2013 04 20 14 02 13.000   42.735   15.522     .000   750260.1     .0008    -.4952     .0000   -2128.3
 2013 04 20 14 02 14.000   42.735   15.025     .000   748162.6     .0004    -.4982     .0000   -2066.8
 2013 04 20 14 02 15.000   42.735   14.525     .000   746126.7     .0000    -.5010     .0000   -2004.8
 2013 04 20 14 02 16.000   42.735   14.023     .000   744153.1    -.0004    -.5038     .0000   -1942.4
 2013 04 20 14 02 17.000   42.735   13.518     .000   742242.1    -.0008    -.5065     .0000   -1879.4
 2013 04 20 14 02 18.000   42.734   13.010     .000   740394.4    -.0012    -.5091     .0000   -1816.0
 2013 04 20 14 02 19.000   42.732   12.499     .000   738610.3    -.0016    -.5117     .0000   -1752.1
 2013 04 20 14 02 20.000   42.730   11.986     .000   736890.4    -.0020    -.5142     .0000   -1687.7
 2013 04 20 14 02 21.000   42.728   11.471     .000   735235.1    -.0024    -.5166     .0000   -1622.9
 2013 04 20 14 02 22.000   42.726   10.953     .000   733644.8    -.0028    -.5190     .0000   -1557.6
 2013 04 20 14 02 23.000   42.723   10.433     .000   732120.0    -.0032    -.5212     .0000   -1491.9
 2013 04 20 14 02 24.000   42.719    9.910     .000   730661.1    -.0036    -.5234     .0000   -1425.9
 2013 04 20 14 02 25.000   42.716    9.386     .000   729268.4    -.0040    -.5255     .0000   -1359.4
 2013 04 20 14 02 26.000   42.711    8.859     .000   727942.4    -.0044    -.5275     .0000   -1292.6
 2013 04 20 14 02 27.000   42.707    8.331     .000   726683.4    -.0048    -.5294     .0000   -1225.4
 2013 04 20 14 02 28.000   42.702    7.800     .000   725491.7    -.0052    -.5312     .0000   -1157.8
 2013 04 20 14 02 29.000   42.697    7.268     .000   724367.8    -.0056    -.5329     .0000   -1090.0
 2013 04 20 14 02 30.000   42.691    6.735     .000   723311.9    -.0060    -.5345     .0000   -1021.8
 2013 04 20 14 02 31.000   42.685    6.199     .000   722324.3    -.0064    -.5361     .0000    -953.3
 2013 04 20 14 02 32.000   42.678    5.662     .000   721405.3    -.0068    -.5375     .0000    -884.6
 2013 04 20 14 02 33.000   42.671    5.124     .000   720555.1    -.0072    -.5388     .0000    -815.6
 2013 04 20 14 02 34.000   42.664    4.585     .000   719774.1    -.0076    -.5400     .0000    -746.4
 2013 04 20 14 02 35.000   42.656    4.044     .000   719062.4    -.0080    -.5411     .0000    -677.0
 2013 04 20 14 02 36.000   42.648    3.502     .000   718420.2    -.0084    -.5421     .0000    -607.3
 2013 04 20 14 02 37.000   42.639    2.960     .000   717847.8    -.0088    -.5430     .0000    -537.5
 2013 04 20 14 02 38.000   42.630    2.416     .000   717345.3    -.0092    -.5438     .0000    -467.5
 2013 04 20 14 02 39.000   42.621    1.872     .000   716912.8    -.0096    -.5445     .0000    -397.4
 2013 04 20 14 02 40.000   42.611    1.327     .000   716550.5    -.0100    -.5450     .0000    -327.2
 2013 04 20 14 02 41.000   42.601     .782     .000   716258.4    -.0104    -.5455     .0000    -256.9
 2013 04 20 14 02 42.000   42.590     .236     .000   716036.7    -.0108    -.5459     .0000    -186.5
 2013 04 20 14 02 43.000   42.579    -.310     .000   715885.5    -.0112    -.5461     .0000    -116.0
 2013 04 20 14 02 44.000   42.568    -.856     .000   715804.7    -.0116    -.5462     .0000     -45.5
 2013 04 20 14 02 45.000   42.556   -1.402     .000   715794.4    -.0120    -.5462     .0000      25.0
 2013 04 20 14 02 46.000   42.544   -1.948     .000   715854.7    -.0124    -.5461     .0000      95.5
 2013 04 20 14 02 47.000   42.531   -2.494     .000   715985.4    -.0128    -.5459     .0000     165.9
 2013 04 20 14 02 48.000   42.518   -3.040     .000   716186.5    -.0132    -.5456     .0000     236.4
 2013 04 20 14 02 49.000   42.505   -3.586     .000   716458.1    -.0136    -.5451     .0000     306.7
 2013 04 20 14 02 50.000   42.491   -4.131     .000   716799.9    -.0140    -.5446     .0000     377.0
 2013 04 20 14 02 51.000   42.477   -4.675     .000   717212.0    -.0144    -.5439     .0000     447.1
 2013 04 20 14 02 52.000   42.462   -5.218     .000   717694.1    -.0148    -.5431     .0000     517.1
 2013 04 20 14 02 53.000   42.447   -5.761     .000   718246.2    -.0152    -.5423     .0000     587.0
 2013 04 20 14 02 54.000   42.432   -6.303     .000   718868.1    -.0156    -.5413     .0000     656.7
 2013 04 20 14 02 55.000   42.416   -6.844     .000   719559.5    -.0160    -.5402     .0000     726.2
 2013 04 20 14 02 56.000   42.400   -7.383     .000   720320.3    -.0164    -.5390     .0000     795.5
 2013 04 20 14 02 57.000   42.383   -7.922     .000   721150.4    -.0168    -.5377     .0000     864.5
 2013 04 20 14 02 58.000   42.366   -8.459     .000   722049.3    -.0172    -.5363     .0000     933.3
 2013 04 20 14 02 59.000   42.349   -8.994     .000   723017.0    -.0176    -.5348     .0000    1001.9
 2013 04 20 14 03   .000   42.331   -9.528     .000   724053.0    -.0180    -.5331     .0000    1070.1
 2013 04 20 14 03  1.000   42.313  -10.061     .000   725157.2    -.0184    -.5314     .0000    1138.1
 2013 04 20 14 03  2.000   42.294  -10.591     .000   726329.1    -.0188    -.5296     .0000    1205.7
 2013 04 20 14 03  3.000   42.275  -11.120     .000   727568.5    -.0192    -.5277     .0000    1273.0
 2013 04 20 14 03  4.000   42.256  -11.647     .000   728875.1    -.0196    -.5258     .0000    1340.0
 2013 04 20 14 03  5.000   42.236  -12.172     .000   730248.3    -.0200    -.5237     .0000    1406.5
 2013 04 20 14 03  6.000   42.216  -12.694     .000   731688.0    -.0204    -.5215     .0000    1472.7
 2013 04 20 14 03  7.000   42.195  -13.215     .000   733193.7    -.0208    -.5193     .0000    1538.5
 2013 04 20 14 03  8.000   42.174  -13.733     .000   734764.9    -.0212    -.5169     .0000    1603.9
 2013 04 20 14 03  9.000   42.153  -14.249     .000   736401.3    -.0216    -.5145     .0000    1668.8
 2013 04 20 14 03 10.000   42.131  -14.762     .000   738102.5    -.0220    -.5120     .0000    1733.3
 2013 04 20 14 03 11.000   42.109  -15.273     .000   739867.9    -.0224    -.5095     .0000    1797.4
 2013 04 20 14 03 12.000   42.086  -15.781     .000   741697.1    -.0228    -.5068     .0000    1861.0
 2013 04 20 14 03 13.000   42.063  -16.286     .000   743589.6    -.0232    -.5041     .0000    1924.1
 2013 04 20 14 03 14.000   42.040  -16.789     .000   745545.1    -.0235    -.5013     .0000    1986.7
 2013 04 20 14 03 15.000   42.016  -17.289     .000   747562.8    -.0239    -.4985     .0000    2048.8
 2013 04 20 14 03 16.000   41.992  -17.786     .000   749642.5    -.0243    -.4956     .0000    2110.4
 2013 04 20 14 03 17.000   41.968  -18.280     .000   751783.5    -.0247    -.4926     .0000    2171.5
 2013 04 20 14 03 18.000   41.943  -18.772     .000   753985.3    -.0251    -.4896     .0000    2232.0
 2013 04 20 14 03 19.000   41.917  -19.260     .000   756247.3    -.0255    -.4865     .0000    2292.0
 2013 04 20 14 03 20.000   41.892  -19.745     .000   758569.1    -.0259    -.4834     .0000    2351.5
 2013 04 20 14 03 21.000   41.865  -20.227     .000   760950.2    -.0263    -.4802     .0000    2410.4
 2013 04 20 14 03 22.000   41.839  -20.705     .000   763389.8    -.0267    -.4770     .0000    2468.8
 2013 04 20 14 03 23.000   41.812  -21.181     .000   765887.5    -.0271    -.4737     .0000    2526.6
 2013 04 20 14 03 24.000   41.785  -21.653     .000   768442.7    -.0274    -.4704     .0000    2583.8
 2013 04 20 14 03 25.000   41.757  -22.121     .000   771054.9    -.0278    -.4670     .0000    2640.4
 2013 04 20 14 03 26.000   41.729  -22.587     .000   773723.3    -.0282    -.4636     .0000    2696.5
 2013 04 20 14 03 27.000   41.701  -23.049     .000   776447.6    -.0286    -.4602     .0000    2751.9
 2013 04 20 14 03 28.000   41.672  -23.507     .000   779227.0    -.0290    -.4567     .0000    2806.8
 2013 04 20 14 03 29.000   41.643  -23.962     .000   782061.0    -.0294    -.4532     .0000    2861.1
 2013 04 20 14 03 30.000   41.613  -24.414     .000   784949.0    -.0297    -.4497     .0000    2914.8
 2013 04 20 14 03 31.000   41.583  -24.862     .000   787890.4    -.0301    -.4462     .0000    2967.9
 2013 04 20 14 03 32.000   41.553  -25.306     .000   790884.6    -.0305    -.4426     .0000    3020.4
 2013 04 20 14 03 33.000   41.522  -25.747     .000   793931.0    -.0309    -.4390     .0000    3072.3
 2013 04 20 14 03 34.000   41.491  -26.184     .000   797029.0    -.0313    -.4354     .0000    3123.6
 2013 04 20 14 03 35.000   41.460  -26.618     .000   800177.9    -.0316    -.4318     .0000    3174.2
 2013 04 20 14 03 36.000   41.428  -27.048     .000   803377.2    -.0320    -.4281     .0000    3224.3
 2013 04 20 14 03 37.000   41.395  -27.474     .000   806626.4    -.0324    -.4245     .0000    3273.8
 2013 04 20 14 03 38.000   41.363  -27.897     .000   809924.7    -.0328    -.4208     .0000    3322.7
 2013 04 20 14 03 39.000   41.330  -28.316     .000   813271.6    -.0331    -.4171     .0000    3371.0
 2013 04 20 14 03 40.000   41.297  -28.731     .000   816666.4    -.0335    -.4134     .0000    3418.6
 2013 04 20 14 03 41.000   41.263  -29.143     .000   820108.6    -.0339    -.4098     .0000    3465.7
 2013 04 20 14 03 42.000   41.229  -29.551     .000   823597.6    -.0342    -.4061     .0000    3512.2
 2013 04 20 14 03 43.000   41.194  -29.955     .000   827132.8    -.0346    -.4024     .0000    3558.1
 2013 04 20 14 03 44.000   41.159  -30.356     .000   830713.6    -.0350    -.3987     .0000    3603.4
 2013 04 20 14 03 45.000   41.124  -30.752     .000   834339.4    -.0353    -.3950     .0000    3648.1
 2013 04 20 14 03 46.000   41.089  -31.146     .000   838009.6    -.0357    -.3913     .0000    3692.2
 2013 04 20 14 03 47.000   41.053  -31.535     .000   841723.6    -.0361    -.3876     .0000    3735.7
 2013 04 20 14 03 48.000   41.017  -31.921     .000   845480.8    -.0364    -.3840     .0000    3778.7
 2013 04 20 14 03 49.000   40.980  -32.303     .000   849280.7    -.0368    -.3803     .0000    3821.1
 2013 04 20 14 03 50.000   40.943  -32.682     .000   853122.7    -.0372    -.3767     .0000    3862.9
 2013 04 20 14 03 51.000   40.905  -33.057     .000   857006.2    -.0375    -.3730     .0000    3904.1
 2013 04 20 14 03 52.000   40.868  -33.428     .000   860930.7    -.0379    -.3694     .0000    3944.8
 2013 04 20 14 03 53.000   40.830  -33.795     .000   864895.6    -.0382    -.3658     .0000    3984.9
 2013 04 20 14 03 54.000   40.791  -34.159     .000   868900.3    -.0386    -.3621     .0000    4024.4
 2013 04 20 14 03 55.000   40.752  -34.520     .000   872944.3    -.0389    -.3585     .0000    4063.4
 2013 04 20 14 03 56.000   40.713  -34.877     .000   877027.0    -.0393    -.3550     .0000    4101.9
 2013 04 20 14 03 57.000   40.674  -35.230     .000   881147.9    -.0396    -.3514     .0000    4139.8
 2013 04 20 14 03 58.000   40.634  -35.580     .000   885306.4    -.0400    -.3479     .0000    4177.2
 2013 04 20 14 03 59.000   40.594  -35.926     .000   889502.1    -.0403    -.3443     .0000    4214.1
 2013 04 20 14 04   .000   40.553  -36.268     .000   893734.2    -.0407    -.3408     .0000    4250.4
 2013 04 20 14 04  1.000   40.512  -36.607     .000   898002.7    -.0410    -.3373     .0000    4286.2
 2013 04 20 14 04  2.000   40.471  -36.943     .000   902306.5    -.0414    -.3339     .0000    4321.5
 2013 04 20 14 04  3.000   40.429  -37.275     .000   906645.5    -.0417    -.3304     .0000    4356.3
 2013 04 20 14 04  4.000   40.388  -37.604     .000   911018.9    -.0421    -.3270     .0000    4390.6
 2013 04 20 14 04  5.000   40.345  -37.929     .000   915426.4    -.0424    -.3236     .0000    4424.3
 2013 04 20 14 04  6.000   40.303  -38.251     .000   919867.4    -.0427    -.3202     .0000    4457.6
 2013 04 20 14 04  7.000   40.260  -38.570     .000   924341.5    -.0431    -.3169     .0000    4490.4
 2013 04 20 14 04  8.000   40.216  -38.885     .000   928848.2    -.0434    -.3135     .0000    4522.8
 2013 04 20 14 04  9.000   40.173  -39.197     .000   933386.9    -.0437    -.3102     .0000    4554.6
 2013 04 20 14 04 10.000   40.129  -39.506     .000   937957.3    -.0441    -.3070     .0000    4586.0
 2013 04 20 14 04 11.000   40.085  -39.811     .000   942558.8    -.0444    -.3037     .0000    4616.9
 2013 04 20 14 04 12.000   40.040  -40.113     .000   947191.0    -.0447    -.3005     .0000    4647.4
 2013 04 20 14 04 13.000   39.995  -40.412     .000   951853.5    -.0451    -.2973     .0000    4677.4
 2013 04 20 14 04 14.000   39.950  -40.708     .000   956545.7    -.0454    -.2941     .0000    4707.0
 2013 04 20 14 04 15.000   39.904  -41.001     .000   961267.3    -.0457    -.2909     .0000    4736.1
 2013 04 20 14 04 16.000   39.858  -41.290     .000   966017.8    -.0460    -.2878     .0000    4764.8
 2013 04 20 14 04 17.000   39.812  -41.576     .000   970796.9    -.0463    -.2847     .0000    4793.1
 2013 04 20 14 04 18.000   39.765  -41.860     .000   975603.9    -.0467    -.2817     .0000    4821.0
 2013 04 20 14 04 19.000   39.719  -42.140     .000   980438.7    -.0470    -.2786     .0000    4848.4
 2013 04 20 14 04 20.000   39.671  -42.417     .000   985300.6    -.0473    -.2756     .0000    4875.4
 2013 04 20 14 04 21.000   39.624  -42.691     .000   990189.4    -.0476    -.2726     .0000    4902.1
 2013 04 20 14 04 22.000   39.576  -42.962     .000   995104.6    -.0479    -.2697     .0000    4928.3
 2013 04 20 14 04 23.000   39.528  -43.230     .000  1000045.9    -.0482    -.2667     .0000    4954.1
 2013 04 20 14 04 24.000   39.480  -43.496     .000  1005012.7    -.0485    -.2638     .0000    4979.6
 2013 04 20 14 04 25.000   39.431  -43.758     .000  1010004.9    -.0488    -.2610     .0000    5004.6
 2013 04 20 14 04 26.000   39.382  -44.018     .000  1015021.9    -.0492    -.2581     .0000    5029.3
 2013 04 20 14 04 27.000   39.332  -44.275     .000  1020063.4    -.0495    -.2553     .0000    5053.7
 2013 04 20 14 04 28.000   39.283  -44.528     .000  1025129.1    -.0498    -.2525     .0000    5077.6
 2013 04 20 14 04 29.000   39.233  -44.780     .000  1030218.5    -.0501    -.2497     .0000    5101.2
 2013 04 20 14 04 29.887   39.188  -45.000     .000  1034749.9    -.0503    -.2473     .0000    5121.8
 
 2013 04 20 15 38 35.681  -41.233   45.000     .000  1079582.4    -.0473    -.2324     .0000   -5120.7
 2013 04 20 15 38 36.000  -41.248   44.926     .000  1077949.1    -.0472    -.2332     .0000   -5113.9
 2013 04 20 15 38 37.000  -41.295   44.691     .000  1072846.0    -.0469    -.2357     .0000   -5092.3
 2013 04 20 15 38 38.000  -41.342   44.454     .000  1067764.5    -.0466    -.2382     .0000   -5070.4
 2013 04 20 15 38 39.000  -41.388   44.215     .000  1062705.2    -.0463    -.2407     .0000   -5048.2
 2013 04 20 15 38 40.000  -41.434   43.973     .000  1057668.2    -.0460    -.2432     .0000   -5025.7
 2013 04 20 15 38 41.000  -41.480   43.729     .000  1052654.0    -.0457    -.2458     .0000   -5002.8
 2013 04 20 15 38 42.000  -41.526   43.482     .000  1047662.7    -.0454    -.2484     .0000   -4979.6
 2013 04 20 15 38 43.000  -41.571   43.232     .000  1042694.9    -.0451    -.2510     .0000   -4956.0
 2013 04 20 15 38 44.000  -41.616   42.980     .000  1037750.8    -.0448    -.2537     .0000   -4932.2
 2013 04 20 15 38 45.000  -41.661   42.725     .000  1032830.7    -.0445    -.2564     .0000   -4907.9
 2013 04 20 15 38 46.000  -41.705   42.467     .000  1027935.0    -.0442    -.2591     .0000   -4883.3
 2013 04 20 15 38 47.000  -41.749   42.207     .000  1023064.1    -.0439    -.2618     .0000   -4858.4
 2013 04 20 15 38 48.000  -41.793   41.944     .000  1018218.4    -.0436    -.2645     .0000   -4833.1
 2013 04 20 15 38 49.000  -41.836   41.678     .000  1013398.1    -.0433    -.2673     .0000   -4807.4
 2013 04 20 15 38 50.000  -41.879   41.409     .000  1008603.7    -.0430    -.2701     .0000   -4781.3
 2013 04 20 15 38 51.000  -41.922   41.138     .000  1003835.6    -.0427    -.2729     .0000   -4754.9
 2013 04 20 15 38 52.000  -41.964   40.863     .000   999094.0    -.0424    -.2758     .0000   -4728.1
 2013 04 20 15 38 53.000  -42.007   40.586     .000   994379.5    -.0420    -.2786     .0000   -4700.9
 2013 04 20 15 38 54.000  -42.048   40.306     .000   989692.4    -.0417    -.2815     .0000   -4673.3
 2013 04 20 15 38 55.000  -42.090   40.023     .000   985033.1    -.0414    -.2844     .0000   -4645.3
 2013 04 20 15 38 56.000  -42.131   39.737     .000   980401.9    -.0411    -.2874     .0000   -4616.9
 2013 04 20 15 38 57.000  -42.172   39.449     .000   975799.4    -.0408    -.2903     .0000   -4588.1
 2013 04 20 15 38 58.000  -42.213   39.157     .000   971225.9    -.0404    -.2933     .0000   -4558.9
 2013 04 20 15 38 59.000  -42.253   38.862     .000   966681.8    -.0401    -.2963     .0000   -4529.2
 2013 04 20 15 39   .000  -42.293   38.564     .000   962167.7    -.0398    -.2994     .0000   -4499.2
 2013 04 20 15 39  1.000  -42.332   38.263     .000   957683.7    -.0394    -.3024     .0000   -4468.7
 2013 04 20 15 39  2.000  -42.372   37.959     .000   953230.4    -.0391    -.3055     .0000   -4437.7
 2013 04 20 15 39  3.000  -42.410   37.652     .000   948808.3    -.0388    -.3086     .0000   -4406.4
 2013 04 20 15 39  4.000  -42.449   37.342     .000   944417.8    -.0385    -.3117     .0000   -4374.5
 2013 04 20 15 39  5.000  -42.487   37.029     .000   940059.4    -.0381    -.3148     .0000   -4342.3
 2013 04 20 15 39  6.000  -42.525   36.713     .000   935733.4    -.0378    -.3180     .0000   -4309.6
 2013 04 20 15 39  7.000  -42.563   36.393     .000   931440.4    -.0374    -.3212     .0000   -4276.4
 2013 04 20 15 39  8.000  -42.600   36.071     .000   927180.8    -.0371    -.3243     .0000   -4242.7
 2013 04 20 15 39  9.000  -42.637   35.745     .000   922955.1    -.0368    -.3276     .0000   -4208.6
 2013 04 20 15 39 10.000  -42.673   35.416     .000   918763.7    -.0364    -.3308     .0000   -4174.0
 2013 04 20 15 39 11.000  -42.710   35.083     .000   914607.2    -.0361    -.3340     .0000   -4139.0
 2013 04 20 15 39 12.000  -42.746   34.748     .000   910486.0    -.0357    -.3373     .0000   -4103.4
 2013 04 20 15 39 13.000  -42.781   34.409     .000   906400.5    -.0354    -.3406     .0000   -4067.4
 2013 04 20 15 39 14.000  -42.816   34.067     .000   902351.4    -.0350    -.3439     .0000   -4030.8
 2013 04 20 15 39 15.000  -42.851   33.721     .000   898339.0    -.0347    -.3472     .0000   -3993.8
 2013 04 20 15 39 16.000  -42.886   33.372     .000   894363.9    -.0343    -.3505     .0000   -3956.3
 2013 04 20 15 39 17.000  -42.920   33.020     .000   890426.6    -.0340    -.3538     .0000   -3918.2
 2013 04 20 15 39 18.000  -42.954   32.665     .000   886527.6    -.0336    -.3571     .0000   -3879.7
 2013 04 20 15 39 19.000  -42.987   32.306     .000   882667.3    -.0333    -.3605     .0000   -3840.6
 2013 04 20 15 39 20.000  -43.020   31.944     .000   878846.5    -.0329    -.3639     .0000   -3801.1
 2013 04 20 15 39 21.000  -43.053   31.578     .000   875065.4    -.0326    -.3672     .0000   -3761.0
 2013 04 20 15 39 22.000  -43.085   31.210     .000   871324.7    -.0322    -.3706     .0000   -3720.3
 2013 04 20 15 39 23.000  -43.117   30.837     .000   867624.9    -.0319    -.3740     .0000   -3679.2
 2013 04 20 15 39 24.000  -43.149   30.462     .000   863966.5    -.0315    -.3774     .0000   -3637.5
 2013 04 20 15 39 25.000  -43.180   30.083     .000   860350.0    -.0312    -.3808     .0000   -3595.3
 2013 04 20 15 39 26.000  -43.211   29.700     .000   856776.0    -.0308    -.3842     .0000   -3552.6
 2013 04 20 15 39 27.000  -43.242   29.314     .000   853245.0    -.0304    -.3875     .0000   -3509.3
 2013 04 20 15 39 28.000  -43.272   28.925     .000   849757.6    -.0301    -.3909     .0000   -3465.4
 2013 04 20 15 39 29.000  -43.302   28.533     .000   846314.3    -.0297    -.3943     .0000   -3421.1
 2013 04 20 15 39 30.000  -43.331   28.137     .000   842915.8    -.0293    -.3977     .0000   -3376.2
 2013 04 20 15 39 31.000  -43.360   27.737     .000   839562.2    -.0290    -.4011     .0000   -3330.7
 2013 04 20 15 39 32.000  -43.389   27.335     .000   836254.5    -.0286    -.4045     .0000   -3284.7
 2013 04 20 15 39 33.000  -43.418   26.928     .000   832993.0    -.0282    -.4078     .0000   -3238.1
 2013 04 20 15 39 34.000  -43.446   26.519     .000   829778.4    -.0279    -.4112     .0000   -3191.0
 2013 04 20 15 39 35.000  -43.473   26.106     .000   826611.2    -.0275    -.4146     .0000   -3143.3
 2013 04 20 15 39 36.000  -43.501   25.690     .000   823491.9    -.0271    -.4179     .0000   -3095.1
 2013 04 20 15 39 37.000  -43.528   25.271     .000   820421.1    -.0268    -.4212     .0000   -3046.4
 2013 04 20 15 39 38.000  -43.554   24.848     .000   817399.3    -.0264    -.4245     .0000   -2997.1
 2013 04 20 15 39 39.000  -43.580   24.422     .000   814427.2    -.0260    -.4278     .0000   -2947.2
 2013 04 20 15 39 40.000  -43.606   23.992     .000   811505.1    -.0257    -.4311     .0000   -2896.8
 2013 04 20 15 39 41.000  -43.632   23.560     .000   808633.7    -.0253    -.4343     .0000   -2845.9
 2013 04 20 15 39 42.000  -43.657   23.124     .000   805813.5    -.0249    -.4375     .0000   -2794.4
 2013 04 20 15 39 43.000  -43.681   22.685     .000   803045.1    -.0245    -.4407     .0000   -2742.3
 2013 04 20 15 39 44.000  -43.706   22.242     .000   800329.0    -.0242    -.4439     .0000   -2689.8
 2013 04 20 15 39 45.000  -43.730   21.797     .000   797665.8    -.0238    -.4470     .0000   -2636.7
 2013 04 20 15 39 46.000  -43.753   21.348     .000   795055.9    -.0234    -.4501     .0000   -2583.0
 2013 04 20 15 39 47.000  -43.776   20.897     .000   792499.9    -.0230    -.4532     .0000   -2528.9
 2013 04 20 15 39 48.000  -43.799   20.442     .000   789998.4    -.0226    -.4562     .0000   -2474.2
 2013 04 20 15 39 49.000  -43.822   19.985     .000   787551.8    -.0223    -.4592     .0000   -2419.0
 2013 04 20 15 39 50.000  -43.844   19.524     .000   785160.7    -.0219    -.4622     .0000   -2363.2
 2013 04 20 15 39 51.000  -43.865   19.060     .000   782825.5    -.0215    -.4651     .0000   -2307.0
 2013 04 20 15 39 52.000  -43.887   18.594     .000   780546.8    -.0211    -.4679     .0000   -2250.3
 2013 04 20 15 39 53.000  -43.908   18.125     .000   778325.1    -.0207    -.4707     .0000   -2193.0
 2013 04 20 15 39 54.000  -43.928   17.653     .000   776160.9    -.0204    -.4735     .0000   -2135.3
 2013 04 20 15 39 55.000  -43.948   17.178     .000   774054.7    -.0200    -.4762     .0000   -2077.1
 2013 04 20 15 39 56.000  -43.968   16.700     .000   772006.8    -.0196    -.4789     .0000   -2018.5
 2013 04 20 15 39 57.000  -43.987   16.220     .000   770017.9    -.0192    -.4815     .0000   -1959.3
 2013 04 20 15 39 58.000  -44.006   15.737     .000   768088.3    -.0188    -.4840     .0000   -1899.7
 2013 04 20 15 39 59.000  -44.025   15.252     .000   766218.6    -.0184    -.4865     .0000   -1839.7
 2013 04 20 15 40   .000  -44.043   14.765     .000   764409.1    -.0180    -.4889     .0000   -1779.2
 2013 04 20 15 40  1.000  -44.061   14.274     .000   762660.2    -.0177    -.4913     .0000   -1718.4
 2013 04 20 15 40  2.000  -44.078   13.782     .000   760972.5    -.0173    -.4936     .0000   -1657.0
 2013 04 20 15 40  3.000  -44.096   13.287     .000   759346.3    -.0169    -.4958     .0000   -1595.3
 2013 04 20 15 40  4.000  -44.112   12.791     .000   757782.0    -.0165    -.4980     .0000   -1533.2
 2013 04 20 15 40  5.000  -44.128   12.292     .000   756279.9    -.0161    -.5000     .0000   -1470.7
 2013 04 20 15 40  6.000  -44.144   11.791     .000   754840.6    -.0157    -.5020     .0000   -1407.9
 2013 04 20 15 40  7.000  -44.160   11.288     .000   753464.3    -.0153    -.5040     .0000   -1344.7
 2013 04 20 15 40  8.000  -44.175   10.783     .000   752151.3    -.0149    -.5058     .0000   -1281.2
 2013 04 20 15 40  9.000  -44.190   10.276     .000   750902.0    -.0145    -.5076     .0000   -1217.3
 2013 04 20 15 40 10.000  -44.204    9.768     .000   749716.8    -.0142    -.5093     .0000   -1153.1
 2013 04 20 15 40 11.000  -44.218    9.258     .000   748595.9    -.0138    -.5109     .0000   -1088.6
 2013 04 20 15 40 12.000  -44.232    8.746     .000   747539.7    -.0134    -.5124     .0000   -1023.9
 2013 04 20 15 40 13.000  -44.245    8.233     .000   746548.3    -.0130    -.5138     .0000    -958.8
 2013 04 20 15 40 14.000  -44.258    7.719     .000   745622.1    -.0126    -.5151     .0000    -893.6
 2013 04 20 15 40 15.000  -44.270    7.203     .000   744761.3    -.0122    -.5164     .0000    -828.0
 2013 04 20 15 40 16.000  -44.282    6.686     .000   743966.1    -.0118    -.5176     .0000    -762.3
 2013 04 20 15 40 17.000  -44.293    6.168     .000   743236.7    -.0114    -.5186     .0000    -696.4
 2013 04 20 15 40 18.000  -44.305    5.649     .000   742573.4    -.0110    -.5196     .0000    -630.2
 2013 04 20 15 40 19.000  -44.316    5.129     .000   741976.3    -.0106    -.5205     .0000    -563.9
 2013 04 20 15 40 20.000  -44.326    4.608     .000   741445.6    -.0102    -.5213     .0000    -497.5
 2013 04 20 15 40 21.000  -44.336    4.087     .000   740981.3    -.0098    -.5219     .0000    -430.9
 2013 04 20 15 40 22.000  -44.346    3.564     .000   740583.8    -.0094    -.5225     .0000    -364.2
 2013 04 20 15 40 23.000  -44.355    3.042     .000   740252.9    -.0091    -.5230     .0000    -297.4
 2013 04 20 15 40 24.000  -44.364    2.518     .000   739988.9    -.0087    -.5234     .0000    -230.6
 2013 04 20 15 40 25.000  -44.372    1.995     .000   739791.8    -.0083    -.5237     .0000    -163.6
 2013 04 20 15 40 26.000  -44.380    1.471     .000   739661.7    -.0079    -.5239     .0000     -96.6
 2013 04 20 15 40 27.000  -44.388     .947     .000   739598.5    -.0075    -.5240     .0000     -29.6
 2013 04 20 15 40 28.000  -44.395     .423     .000   739602.4    -.0071    -.5240     .0000      37.4
 2013 04 20 15 40 29.000  -44.402    -.101     .000   739673.3    -.0067    -.5239     .0000     104.4
 2013 04 20 15 40 30.000  -44.409    -.624     .000   739811.2    -.0063    -.5237     .0000     171.4
 2013 04 20 15 40 31.000  -44.415   -1.148     .000   740016.0    -.0059    -.5234     .0000     238.3
 2013 04 20 15 40 32.000  -44.420   -1.671     .000   740287.7    -.0055    -.5230     .0000     305.1
 2013 04 20 15 40 33.000  -44.426   -2.194     .000   740626.3    -.0051    -.5225     .0000     371.9
 2013 04 20 15 40 34.000  -44.431   -2.716     .000   741031.5    -.0047    -.5219     .0000     438.6
 2013 04 20 15 40 35.000  -44.435   -3.238     .000   741503.4    -.0043    -.5212     .0000     505.2
 2013 04 20 15 40 36.000  -44.439   -3.758     .000   742041.8    -.0039    -.5204     .0000     571.6
 2013 04 20 15 40 37.000  -44.443   -4.278     .000   742646.6    -.0035    -.5196     .0000     637.9
 2013 04 20 15 40 38.000  -44.446   -4.797     .000   743317.5    -.0032    -.5186     .0000     703.9
 2013 04 20 15 40 39.000  -44.449   -5.315     .000   744054.4    -.0028    -.5175     .0000     769.9
 2013 04 20 15 40 40.000  -44.452   -5.832     .000   744857.1    -.0024    -.5164     .0000     835.6
 2013 04 20 15 40 41.000  -44.454   -6.348     .000   745725.4    -.0020    -.5151     .0000     901.0
 2013 04 20 15 40 42.000  -44.456   -6.862     .000   746659.1    -.0016    -.5138     .0000     966.3
 2013 04 20 15 40 43.000  -44.457   -7.375     .000   747657.9    -.0012    -.5123     .0000    1031.3
 2013 04 20 15 40 44.000  -44.458   -7.887     .000   748721.5    -.0008    -.5108     .0000    1096.0
 2013 04 20 15 40 45.000  -44.459   -8.397     .000   749849.8    -.0004    -.5092     .0000    1160.4
 2013 04 20 15 40 46.000  -44.459   -8.905     .000   751042.3     .0000    -.5075     .0000    1224.5
 2013 04 20 15 40 47.000  -44.459   -9.412     .000   752298.7     .0004    -.5058     .0000    1288.4
 2013 04 20 15 40 48.000  -44.458   -9.917     .000   753618.9     .0008    -.5039     .0000    1351.8
 2013 04 20 15 40 49.000  -44.457  -10.420     .000   755002.3     .0012    -.5020     .0000    1415.0
 2013 04 20 15 40 50.000  -44.456  -10.921     .000   756448.7     .0015    -.5000     .0000    1477.8
 2013 04 20 15 40 51.000  -44.454  -11.419     .000   757957.8     .0019    -.4979     .0000    1540.2
 2013 04 20 15 40 52.000  -44.452  -11.916     .000   759529.0     .0023    -.4958     .0000    1602.2
 2013 04 20 15 40 53.000  -44.450  -12.411     .000   761162.1     .0027    -.4935     .0000    1663.9
 2013 04 20 15 40 54.000  -44.447  -12.903     .000   762856.7     .0031    -.4912     .0000    1725.1
 2013 04 20 15 40 55.000  -44.444  -13.393     .000   764612.2     .0035    -.4889     .0000    1785.9
 2013 04 20 15 40 56.000  -44.440  -13.881     .000   766428.4     .0039    -.4865     .0000    1846.3
 2013 04 20 15 40 57.000  -44.436  -14.366     .000   768304.8     .0043    -.4840     .0000    1906.3
 2013 04 20 15 40 58.000  -44.431  -14.849     .000   770240.9     .0047    -.4814     .0000    1965.8
 2013 04 20 15 40 59.000  -44.427  -15.329     .000   772236.2     .0050    -.4788     .0000    2024.9
 2013 04 20 15 41   .000  -44.421  -15.806     .000   774290.4     .0054    -.4762     .0000    2083.5
 2013 04 20 15 41  1.000  -44.416  -16.281     .000   776403.0     .0058    -.4735     .0000    2141.6
 2013 04 20 15 41  2.000  -44.410  -16.753     .000   778573.4     .0062    -.4707     .0000    2199.2
 2013 04 20 15 41  3.000  -44.403  -17.222     .000   780801.3     .0066    -.4679     .0000    2256.4
 2013 04 20 15 41  4.000  -44.397  -17.689     .000   783086.0     .0070    -.4650     .0000    2313.0
 2013 04 20 15 41  5.000  -44.389  -18.152     .000   785427.1     .0073    -.4621     .0000    2369.2
 2013 04 20 15 41  6.000  -44.382  -18.613     .000   787824.1     .0077    -.4592     .0000    2424.8
 2013 04 20 15 41  7.000  -44.374  -19.070     .000   790276.5     .0081    -.4562     .0000    2479.9
 2013 04 20 15 41  8.000  -44.366  -19.525     .000   792783.8     .0085    -.4532     .0000    2534.5
 2013 04 20 15 41  9.000  -44.357  -19.977     .000   795345.4     .0089    -.4501     .0000    2588.6
 2013 04 20 15 41 10.000  -44.348  -20.425     .000   797960.8     .0092    -.4470     .0000    2642.1
 2013 04 20 15 41 11.000  -44.339  -20.871     .000   800629.5     .0096    -.4439     .0000    2695.2
 2013 04 20 15 41 12.000  -44.329  -21.313     .000   803350.9     .0100    -.4407     .0000    2747.6
 2013 04 20 15 41 13.000  -44.319  -21.752     .000   806124.6     .0104    -.4375     .0000    2799.6
 2013 04 20 15 41 14.000  -44.308  -22.188     .000   808949.9     .0108    -.4343     .0000    2851.0
 2013 04 20 15 41 15.000  -44.297  -22.621     .000   811826.4     .0111    -.4311     .0000    2901.8
 2013 04 20 15 41 16.000  -44.286  -23.050     .000   814753.4     .0115    -.4278     .0000    2952.2
 2013 04 20 15 41 17.000  -44.274  -23.476     .000   817730.5     .0119    -.4246     .0000    3001.9
 2013 04 20 15 41 18.000  -44.262  -23.899     .000   820757.1     .0123    -.4213     .0000    3051.1
 2013 04 20 15 41 19.000  -44.250  -24.319     .000   823832.6     .0126    -.4180     .0000    3099.8
 2013 04 20 15 41 20.000  -44.237  -24.735     .000   826956.5     .0130    -.4146     .0000    3147.9
 2013 04 20 15 41 21.000  -44.224  -25.148     .000   830128.2     .0134    -.4113     .0000    3195.5
 2013 04 20 15 41 22.000  -44.210  -25.557     .000   833347.3     .0137    -.4079     .0000    3242.5
 2013 04 20 15 41 23.000  -44.196  -25.963     .000   836613.0     .0141    -.4046     .0000    3289.0
 2013 04 20 15 41 24.000  -44.182  -26.366     .000   839925.0     .0145    -.4012     .0000    3334.9
 2013 04 20 15 41 25.000  -44.167  -26.766     .000   843282.6     .0149    -.3978     .0000    3380.2
 2013 04 20 15 41 26.000  -44.152  -27.162     .000   846685.3     .0152    -.3945     .0000    3425.1
 2013 04 20 15 41 27.000  -44.137  -27.555     .000   850132.5     .0156    -.3911     .0000    3469.3
 2013 04 20 15 41 28.000  -44.121  -27.944     .000   853623.8     .0160    -.3877     .0000    3513.1
 2013 04 20 15 41 29.000  -44.105  -28.330     .000   857158.5     .0163    -.3843     .0000    3556.3
 2013 04 20 15 41 30.000  -44.089  -28.712     .000   860736.0     .0167    -.3809     .0000    3598.9
 2013 04 20 15 41 31.000  -44.072  -29.092     .000   864356.1     .0170    -.3776     .0000    3641.0
 2013 04 20 15 41 32.000  -44.055  -29.467     .000   868018.0     .0174    -.3742     .0000    3682.6
 2013 04 20 15 41 33.000  -44.037  -29.840     .000   871721.2     .0178    -.3708     .0000    3723.7
 2013 04 20 15 41 34.000  -44.019  -30.209     .000   875465.1     .0181    -.3674     .0000    3764.2
 2013 04 20 15 41 35.000  -44.001  -30.575     .000   879249.4     .0185    -.3641     .0000    3804.2
 2013 04 20 15 41 36.000  -43.982  -30.937     .000   883073.4     .0188    -.3607     .0000    3843.7
 2013 04 20 15 41 37.000  -43.963  -31.296     .000   886936.6     .0192    -.3574     .0000    3882.6
 2013 04 20 15 41 38.000  -43.944  -31.652     .000   890838.5     .0196    -.3541     .0000    3921.1
 2013 04 20 15 41 39.000  -43.924  -32.004     .000   894778.6     .0199    -.3507     .0000    3959.0
 2013 04 20 15 41 40.000  -43.904  -32.353     .000   898756.4     .0203    -.3474     .0000    3996.5
 2013 04 20 15 41 41.000  -43.884  -32.699     .000   902771.4     .0206    -.3441     .0000    4033.4
 2013 04 20 15 41 42.000  -43.863  -33.041     .000   906823.1     .0210    -.3409     .0000    4069.9
 2013 04 20 15 41 43.000  -43.842  -33.380     .000   910910.9     .0213    -.3376     .0000    4105.8
 2013 04 20 15 41 44.000  -43.821  -33.716     .000   915034.5     .0217    -.3344     .0000    4141.3
 2013 04 20 15 41 45.000  -43.799  -34.049     .000   919193.3     .0220    -.3311     .0000    4176.2
 2013 04 20 15 41 46.000  -43.777  -34.379     .000   923386.9     .0224    -.3279     .0000    4210.7
 2013 04 20 15 41 47.000  -43.754  -34.705     .000   927614.7     .0227    -.3247     .0000    4244.8
 2013 04 20 15 41 48.000  -43.731  -35.028     .000   931876.2     .0230    -.3215     .0000    4278.3
 2013 04 20 15 41 49.000  -43.708  -35.348     .000   936171.2     .0234    -.3184     .0000    4311.4
 2013 04 20 15 41 50.000  -43.685  -35.664     .000   940498.9     .0237    -.3152     .0000    4344.1
 2013 04 20 15 41 51.000  -43.661  -35.978     .000   944859.1     .0241    -.3121     .0000    4376.2
 2013 04 20 15 41 52.000  -43.636  -36.289     .000   949251.2     .0244    -.3090     .0000    4408.0
 2013 04 20 15 41 53.000  -43.612  -36.596     .000   953674.9     .0247    -.3059     .0000    4439.2
 2013 04 20 15 41 54.000  -43.587  -36.900     .000   958129.6     .0251    -.3029     .0000    4470.1
 2013 04 20 15 41 55.000  -43.562  -37.202     .000   962614.9     .0254    -.2998     .0000    4500.5
 2013 04 20 15 41 56.000  -43.536  -37.500     .000   967130.4     .0258    -.2968     .0000    4530.5
 2013 04 20 15 41 57.000  -43.510  -37.795     .000   971675.7     .0261    -.2938     .0000    4560.0
 2013 04 20 15 41 58.000  -43.484  -38.087     .000   976250.4     .0264    -.2908     .0000    4589.2
 2013 04 20 15 41 59.000  -43.458  -38.377     .000   980854.0     .0268    -.2879     .0000    4617.9
 2013 04 20 15 42   .000  -43.431  -38.663     .000   985486.0     .0271    -.2850     .0000    4646.2
 2013 04 20 15 42  1.000  -43.404  -38.946     .000   990146.3     .0274    -.2821     .0000    4674.1
 2013 04 20 15 42  2.000  -43.376  -39.227     .000   994834.2     .0277    -.2792     .0000    4701.7
 2013 04 20 15 42  3.000  -43.348  -39.505     .000   999549.5     .0281    -.2763     .0000    4728.8
 2013 04 20 15 42  4.000  -43.320  -39.780     .000  1004291.7     .0284    -.2735     .0000    4755.5
 2013 04 20 15 42  5.000  -43.292  -40.052     .000  1009060.4     .0287    -.2707     .0000    4781.9
 2013 04 20 15 42  6.000  -43.263  -40.321     .000  1013855.3     .0290    -.2679     .0000    4807.9
 2013 04 20 15 42  7.000  -43.234  -40.587     .000  1018676.0     .0293    -.2651     .0000    4833.5
 2013 04 20 15 42  8.000  -43.204  -40.851     .000  1023522.1     .0297    -.2624     .0000    4858.7
 2013 04 20 15 42  9.000  -43.174  -41.112     .000  1028393.3     .0300    -.2597     .0000    4883.6
 2013 04 20 15 42 10.000  -43.144  -41.370     .000  1033289.1     .0303    -.2570     .0000    4908.1
 2013 04 20 15 42 11.000  -43.114  -41.626     .000  1038209.3     .0306    -.2543     .0000    4932.2
 2013 04 20 15 42 12.000  -43.083  -41.879     .000  1043153.5     .0309    -.2517     .0000    4956.1
 2013 04 20 15 42 13.000  -43.052  -42.129     .000  1048121.3     .0312    -.2491     .0000    4979.5
 2013 04 20 15 42 14.000  -43.021  -42.377     .000  1053112.4     .0315    -.2465     .0000    5002.7
 2013 04 20 15 42 15.000  -42.989  -42.622     .000  1058126.5     .0319    -.2439     .0000    5025.5
 2013 04 20 15 42 16.000  -42.957  -42.865     .000  1063163.3     .0322    -.2414     .0000    5047.9
 2013 04 20 15 42 17.000  -42.925  -43.105     .000  1068222.3     .0325    -.2389     .0000    5070.1
 2013 04 20 15 42 18.000  -42.892  -43.342     .000  1073303.3     .0328    -.2364     .0000    5091.9
 2013 04 20 15 42 19.000  -42.859  -43.578     .000  1078406.0     .0331    -.2339     .0000    5113.4
 2013 04 20 15 42 20.000  -42.826  -43.810     .000  1083530.1     .0334    -.2315     .0000    5134.6
 2013 04 20 15 42 21.000  -42.793  -44.040     .000  1088675.2     .0337    -.2291     .0000    5155.5
 2013 04 20 15 42 22.000  -42.759  -44.268     .000  1093841.1     .0340    -.2267     .0000    5176.1
 2013 04 20 15 42 23.000  -42.725  -44.494     .000  1099027.4     .0343    -.2243     .0000    5196.4
 2013 04 20 15 42 24.000  -42.691  -44.717     .000  1104233.9     .0346    -.2220     .0000    5216.5
 2013 04 20 15 42 25.000  -42.656  -44.938     .000  1109460.2     .0349    -.2197     .0000    5236.2
 2013 04 20 15 42 25.284  -42.646  -45.000     .000  1110948.6     .0349    -.2190     .0000    5241.7
 
 2013 04 20 20 34 18.046     .583   45.000     .000   744516.8     .0199    -.3393     .0000   -5208.0
 2013 04 20 20 34 19.000     .602   44.674     .000   739561.7     .0199    -.3443     .0000   -5178.2
 2013 04 20 20 34 20.000     .622   44.327     .000   734399.4     .0199    -.3496     .0000   -5146.4
 2013 04 20 20 34 21.000     .642   43.975     .000   729269.2     .0200    -.3549     .0000   -5113.8
 2013 04 20 20 34 22.000     .662   43.617     .000   724172.0     .0200    -.3604     .0000   -5080.6
 2013 04 20 20 34 23.000     .683   43.254     .000   719108.3     .0200    -.3659     .0000   -5046.7
 2013 04 20 20 34 24.000     .703   42.885     .000   714078.8     .0201    -.3715     .0000   -5012.0
 2013 04 20 20 34 25.000     .723   42.511     .000   709084.5     .0201    -.3772     .0000   -4976.6
 2013 04 20 20 34 26.000     .743   42.131     .000   704125.9     .0201    -.3830     .0000   -4940.4
 2013 04 20 20 34 27.000     .763   41.745     .000   699203.8     .0201    -.3889     .0000   -4903.5
 2013 04 20 20 34 28.000     .783   41.353     .000   694319.1     .0202    -.3948     .0000   -4865.8
 2013 04 20 20 34 29.000     .804   40.955     .000   689472.5     .0202    -.4008     .0000   -4827.2
 2013 04 20 20 34 30.000     .824   40.551     .000   684665.0     .0202    -.4069     .0000   -4787.9
 2013 04 20 20 34 31.000     .844   40.141     .000   679897.1     .0203    -.4130     .0000   -4747.7
 2013 04 20 20 34 32.000     .865   39.725     .000   675169.9     .0203    -.4193     .0000   -4706.6
 2013 04 20 20 34 33.000     .885   39.303     .000   670484.2     .0203    -.4256     .0000   -4664.7
 2013 04 20 20 34 34.000     .905   38.874     .000   665840.9     .0203    -.4320     .0000   -4621.8
 2013 04 20 20 34 35.000     .926   38.439     .000   661240.8     .0204    -.4385     .0000   -4578.1
 2013 04 20 20 34 36.000     .946   37.997     .000   656685.0     .0204    -.4450     .0000   -4533.4
 2013 04 20 20 34 37.000     .967   37.549     .000   652174.2     .0204    -.4516     .0000   -4487.8
 2013 04 20 20 34 38.000     .987   37.094     .000   647709.6     .0204    -.4583     .0000   -4441.3
 2013 04 20 20 34 39.000    1.007   36.632     .000   643292.0     .0204    -.4650     .0000   -4393.8
 2013 04 20 20 34 40.000    1.028   36.164     .000   638922.4     .0205    -.4718     .0000   -4345.2
 2013 04 20 20 34 41.000    1.049   35.688     .000   634601.8     .0205    -.4787     .0000   -4295.7
 2013 04 20 20 34 42.000    1.069   35.206     .000   630331.3     .0205    -.4856     .0000   -4245.2
 2013 04 20 20 34 43.000    1.090   34.717     .000   626111.8     .0205    -.4926     .0000   -4193.6
 2013 04 20 20 34 44.000    1.110   34.221     .000   621944.5     .0205    -.4997     .0000   -4141.0
 2013 04 20 20 34 45.000    1.131   33.718     .000   617830.3     .0205    -.5068     .0000   -4087.3
 2013 04 20 20 34 46.000    1.151   33.207     .000   613770.3     .0206    -.5139     .0000   -4032.5
 2013 04 20 20 34 47.000    1.172   32.690     .000   609765.7     .0206    -.5211     .0000   -3976.6
 2013 04 20 20 34 48.000    1.193   32.165     .000   605817.5     .0206    -.5283     .0000   -3919.6
 2013 04 20 20 34 49.000    1.213   31.633     .000   601926.9     .0206    -.5356     .0000   -3861.5
 2013 04 20 20 34 50.000    1.234   31.094     .000   598094.9     .0206    -.5429     .0000   -3802.2
 2013 04 20 20 34 51.000    1.255   30.547     .000   594322.8     .0206    -.5502     .0000   -3741.8
 2013 04 20 20 34 52.000    1.275   29.994     .000   590611.6     .0206    -.5575     .0000   -3680.3
 2013 04 20 20 34 53.000    1.296   29.432     .000   586962.6     .0206    -.5648     .0000   -3617.6
 2013 04 20 20 34 54.000    1.317   28.864     .000   583376.9     .0206    -.5722     .0000   -3553.7
 2013 04 20 20 34 55.000    1.337   28.288     .000   579855.6     .0206    -.5795     .0000   -3488.6
 2013 04 20 20 34 56.000    1.358   27.705     .000   576400.0     .0207    -.5869     .0000   -3422.4
 2013 04 20 20 34 57.000    1.379   27.114     .000   573011.3     .0207    -.5942     .0000   -3354.9
 2013 04 20 20 34 58.000    1.399   26.516     .000   569690.6     .0207    -.6015     .0000   -3286.2
 2013 04 20 20 34 59.000    1.420   25.911     .000   566439.2     .0207    -.6088     .0000   -3216.4
 2013 04 20 20 35   .000    1.441   25.299     .000   563258.3     .0207    -.6161     .0000   -3145.3
 2013 04 20 20 35  1.000    1.461   24.679     .000   560149.0     .0207    -.6233     .0000   -3073.0
 2013 04 20 20 35  2.000    1.482   24.052     .000   557112.6     .0207    -.6304     .0000   -2999.6
 2013 04 20 20 35  3.000    1.503   23.418     .000   554150.3     .0207    -.6375     .0000   -2924.9
 2013 04 20 20 35  4.000    1.523   22.777     .000   551263.2     .0207    -.6445     .0000   -2849.0
 2013 04 20 20 35  5.000    1.544   22.129     .000   548452.6     .0207    -.6515     .0000   -2772.0
 2013 04 20 20 35  6.000    1.565   21.474     .000   545719.7     .0207    -.6583     .0000   -2693.7
 2013 04 20 20 35  7.000    1.586   20.813     .000   543065.6     .0207    -.6651     .0000   -2614.3
 2013 04 20 20 35  8.000    1.606   20.144     .000   540491.4     .0207    -.6717     .0000   -2533.7
 2013 04 20 20 35  9.000    1.627   19.469     .000   537998.5     .0206    -.6783     .0000   -2452.0
 2013 04 20 20 35 10.000    1.648   18.788     .000   535587.8     .0206    -.6847     .0000   -2369.2
 2013 04 20 20 35 11.000    1.668   18.100     .000   533260.5     .0206    -.6909     .0000   -2285.2
 2013 04 20 20 35 12.000    1.689   17.406     .000   531017.7     .0206    -.6970     .0000   -2200.2
 2013 04 20 20 35 13.000    1.710   16.706     .000   528860.5     .0206    -.7030     .0000   -2114.1
 2013 04 20 20 35 14.000    1.730   16.000     .000   526789.9     .0206    -.7088     .0000   -2026.9
 2013 04 20 20 35 15.000    1.751   15.289     .000   524807.0     .0206    -.7144     .0000   -1938.7
 2013 04 20 20 35 16.000    1.771   14.571     .000   522912.7     .0206    -.7198     .0000   -1849.6
 2013 04 20 20 35 17.000    1.792   13.849     .000   521108.1     .0206    -.7250     .0000   -1759.5
 2013 04 20 20 35 18.000    1.813   13.121     .000   519394.1     .0205    -.7300     .0000   -1668.5
 2013 04 20 20 35 19.000    1.833   12.389     .000   517771.5     .0205    -.7348     .0000   -1576.5
 2013 04 20 20 35 20.000    1.854   11.652     .000   516241.2     .0205    -.7393     .0000   -1483.8
 2013 04 20 20 35 21.000    1.874   10.910     .000   514804.2     .0205    -.7436     .0000   -1390.2
 2013 04 20 20 35 22.000    1.895   10.165     .000   513461.0     .0205    -.7477     .0000   -1295.9
 2013 04 20 20 35 23.000    1.915    9.415     .000   512212.6     .0205    -.7515     .0000   -1200.9
 2013 04 20 20 35 24.000    1.936    8.662     .000   511059.6     .0204    -.7550     .0000   -1105.1
 2013 04 20 20 35 25.000    1.956    7.905     .000   510002.5     .0204    -.7583     .0000   -1008.8
 2013 04 20 20 35 26.000    1.976    7.145     .000   509042.2     .0204    -.7613     .0000    -911.9
 2013 04 20 20 35 27.000    1.997    6.383     .000   508179.0     .0204    -.7640     .0000    -814.4
 2013 04 20 20 35 28.000    2.017    5.617     .000   507413.5     .0204    -.7664     .0000    -716.5
 2013 04 20 20 35 29.000    2.038    4.850     .000   506746.1     .0203    -.7685     .0000    -618.2
 2013 04 20 20 35 30.000    2.058    4.081     .000   506177.2     .0203    -.7703     .0000    -519.5
 2013 04 20 20 35 31.000    2.078    3.309     .000   505707.2     .0203    -.7718     .0000    -420.5
 2013 04 20 20 35 32.000    2.098    2.537     .000   505336.3     .0203    -.7730     .0000    -321.2
 2013 04 20 20 35 33.000    2.119    1.764     .000   505064.7     .0202    -.7738     .0000    -221.8
 2013 04 20 20 35 34.000    2.139     .989     .000   504892.7     .0202    -.7744     .0000    -122.2
 2013 04 20 20 35 35.000    2.159     .215     .000   504820.3     .0202    -.7746     .0000     -22.6
 2013 04 20 20 35 36.000    2.179    -.560     .000   504847.5     .0201    -.7745     .0000      77.1
 2013 04 20 20 35 37.000    2.199   -1.334     .000   504974.4     .0201    -.7741     .0000     176.7
 2013 04 20 20 35 38.000    2.219   -2.108     .000   505200.8     .0201    -.7734     .0000     276.2
 2013 04 20 20 35 39.000    2.240   -2.881     .000   505526.7     .0200    -.7724     .0000     375.5
 2013 04 20 20 35 40.000    2.260   -3.653     .000   505951.8     .0200    -.7710     .0000     474.7
 2013 04 20 20 35 41.000    2.280   -4.423     .000   506475.9     .0200    -.7694     .0000     573.5
 2013 04 20 20 35 42.000    2.299   -5.191     .000   507098.7     .0199    -.7674     .0000     672.0
 2013 04 20 20 35 43.000    2.319   -5.958     .000   507819.8     .0199    -.7652     .0000     770.1
 2013 04 20 20 35 44.000    2.339   -6.721     .000   508638.8     .0199    -.7626     .0000     867.8
 2013 04 20 20 35 45.000    2.359   -7.483     .000   509555.3     .0198    -.7598     .0000     965.0
 2013 04 20 20 35 46.000    2.379   -8.241     .000   510568.7     .0198    -.7566     .0000    1061.6
 2013 04 20 20 35 47.000    2.399   -8.996     .000   511678.3     .0197    -.7532     .0000    1157.6
 2013 04 20 20 35 48.000    2.418   -9.747     .000   512883.7     .0197    -.7495     .0000    1253.0
 2013 04 20 20 35 49.000    2.438  -10.495     .000   514184.1     .0197    -.7456     .0000    1347.7
 2013 04 20 20 35 50.000    2.458  -11.238     .000   515578.9     .0196    -.7414     .0000    1441.6
 2013 04 20 20 35 51.000    2.477  -11.978     .000   517067.2     .0196    -.7370     .0000    1534.8
 2013 04 20 20 35 52.000    2.497  -12.712     .000   518648.2     .0195    -.7323     .0000    1627.1
 2013 04 20 20 35 53.000    2.516  -13.442     .000   520321.1     .0195    -.7274     .0000    1718.6
 2013 04 20 20 35 54.000    2.536  -14.167     .000   522085.0     .0194    -.7223     .0000    1809.1
 2013 04 20 20 35 55.000    2.555  -14.887     .000   523939.0     .0194    -.7170     .0000    1898.7
 2013 04 20 20 35 56.000    2.574  -15.601     .000   525882.2     .0193    -.7114     .0000    1987.4
 2013 04 20 20 35 57.000    2.594  -16.309     .000   527913.5     .0193    -.7057     .0000    2075.0
 2013 04 20 20 35 58.000    2.613  -17.012     .000   530031.9     .0192    -.6999     .0000    2161.7
 2013 04 20 20 35 59.000    2.632  -17.709     .000   532236.4     .0192    -.6938     .0000    2247.2
 2013 04 20 20 36   .000    2.651  -18.400     .000   534525.9     .0191    -.6876     .0000    2331.7
 2013 04 20 20 36  1.000    2.670  -19.084     .000   536899.5     .0191    -.6813     .0000    2415.1
 2013 04 20 20 36  2.000    2.690  -19.762     .000   539355.8     .0190    -.6748     .0000    2497.4
 2013 04 20 20 36  3.000    2.708  -20.434     .000   541893.8     .0190    -.6682     .0000    2578.5
 2013 04 20 20 36  4.000    2.727  -21.099     .000   544512.4     .0189    -.6615     .0000    2658.5
 2013 04 20 20 36  5.000    2.746  -21.757     .000   547210.3     .0189    -.6547     .0000    2737.3
 2013 04 20 20 36  6.000    2.765  -22.408     .000   549986.5     .0188    -.6478     .0000    2814.9
 2013 04 20 20 36  7.000    2.784  -23.053     .000   552839.7     .0188    -.6408     .0000    2891.4
 2013 04 20 20 36  8.000    2.803  -23.690     .000   555768.8     .0187    -.6338     .0000    2966.6
 2013 04 20 20 36  9.000    2.821  -24.320     .000   558772.6     .0187    -.6267     .0000    3040.7
 2013 04 20 20 36 10.000    2.840  -24.943     .000   561849.8     .0186    -.6195     .0000    3113.5
 2013 04 20 20 36 11.000    2.858  -25.559     .000   564999.2     .0185    -.6122     .0000    3185.2
 2013 04 20 20 36 12.000    2.877  -26.168     .000   568219.7     .0185    -.6050     .0000    3255.6
 2013 04 20 20 36 13.000    2.895  -26.769     .000   571510.1     .0184    -.5977     .0000    3324.9
 2013 04 20 20 36 14.000    2.914  -27.363     .000   574869.1     .0184    -.5904     .0000    3392.9
 2013 04 20 20 36 15.000    2.932  -27.950     .000   578295.5     .0183    -.5830     .0000    3459.8
 2013 04 20 20 36 16.000    2.950  -28.529     .000   581788.2     .0182    -.5757     .0000    3525.4
 2013 04 20 20 36 17.000    2.968  -29.101     .000   585346.0     .0182    -.5683     .0000    3589.9
 2013 04 20 20 36 18.000    2.987  -29.666     .000   588967.6     .0181    -.5610     .0000    3653.2
 2013 04 20 20 36 19.000    3.005  -30.223     .000   592651.9     .0180    -.5536     .0000    3715.3
 2013 04 20 20 36 20.000    3.023  -30.773     .000   596397.8     .0180    -.5463     .0000    3776.3
 2013 04 20 20 36 21.000    3.040  -31.316     .000   600204.1     .0179    -.5390     .0000    3836.1
 2013 04 20 20 36 22.000    3.058  -31.851     .000   604069.6     .0179    -.5318     .0000    3894.7
 2013 04 20 20 36 23.000    3.076  -32.379     .000   607993.2     .0178    -.5245     .0000    3952.3
 2013 04 20 20 36 24.000    3.094  -32.900     .000   611973.8     .0177    -.5173     .0000    4008.7
 2013 04 20 20 36 25.000    3.111  -33.414     .000   616010.2     .0176    -.5102     .0000    4064.0
 2013 04 20 20 36 26.000    3.129  -33.921     .000   620101.5     .0176    -.5030     .0000    4118.3
 2013 04 20 20 36 27.000    3.146  -34.420     .000   624246.4     .0175    -.4960     .0000    4171.4
 2013 04 20 20 36 28.000    3.164  -34.913     .000   628444.0     .0174    -.4890     .0000    4223.5
 2013 04 20 20 36 29.000    3.181  -35.398     .000   632693.1     .0174    -.4820     .0000    4274.6
 2013 04 20 20 36 30.000    3.199  -35.877     .000   636992.7     .0173    -.4751     .0000    4324.6
 2013 04 20 20 36 31.000    3.216  -36.348     .000   641342.0     .0172    -.4683     .0000    4373.6
 2013 04 20 20 36 32.000    3.233  -36.813     .000   645739.8     .0172    -.4615     .0000    4421.7
 2013 04 20 20 36 33.000    3.250  -37.271     .000   650185.0     .0171    -.4548     .0000    4468.7
 2013 04 20 20 36 34.000    3.267  -37.723     .000   654676.9     .0170    -.4482     .0000    4514.8
 2013 04 20 20 36 35.000    3.284  -38.168     .000   659214.3     .0169    -.4416     .0000    4559.9
 2013 04 20 20 36 36.000    3.301  -38.606     .000   663796.4     .0169    -.4351     .0000    4604.1
 2013 04 20 20 36 37.000    3.318  -39.038     .000   668422.2     .0168    -.4287     .0000    4647.4
 2013 04 20 20 36 38.000    3.334  -39.463     .000   673090.8     .0167    -.4223     .0000    4689.8
 2013 04 20 20 36 39.000    3.351  -39.883     .000   677801.4     .0166    -.4160     .0000    4731.3
 2013 04 20 20 36 40.000    3.367  -40.295     .000   682553.1     .0166    -.4098     .0000    4771.9
 2013 04 20 20 36 41.000    3.384  -40.702     .000   687345.0     .0165    -.4037     .0000    4811.7
 2013 04 20 20 36 42.000    3.400  -41.103     .000   692176.2     .0164    -.3977     .0000    4850.7
 2013 04 20 20 36 43.000    3.417  -41.498     .000   697046.0     .0163    -.3917     .0000    4888.8
 2013 04 20 20 36 44.000    3.433  -41.886     .000   701953.5     .0163    -.3858     .0000    4926.1
 2013 04 20 20 36 45.000    3.449  -42.269     .000   706898.0     .0162    -.3800     .0000    4962.7
 2013 04 20 20 36 46.000    3.465  -42.646     .000   711878.7     .0161    -.3743     .0000    4998.5
 2013 04 20 20 36 47.000    3.481  -43.018     .000   716894.8     .0160    -.3686     .0000    5033.5
 2013 04 20 20 36 48.000    3.497  -43.384     .000   721945.5     .0159    -.3631     .0000    5067.8
 2013 04 20 20 36 49.000    3.513  -43.744     .000   727030.2     .0159    -.3576     .0000    5101.4
 2013 04 20 20 36 50.000    3.529  -44.099     .000   732148.1     .0158    -.3522     .0000    5134.3
 2013 04 20 20 36 51.000    3.544  -44.448     .000   737298.6     .0157    -.3468     .0000    5166.5
 2013 04 20 20 36 52.000    3.560  -44.793     .000   742480.9     .0156    -.3416     .0000    5198.0
 2013 04 20 20 36 52.610    3.569  -45.000     .000   745656.7     .0156    -.3384     .0000    5216.9
 
 2013 04 20 10 44  7.754  -24.699   45.000     .000   831091.4    -.0568    -.3106     .0000   -5089.3
 2013 04 20 10 44  8.000  -24.713   44.923     .000   829839.1    -.0567    -.3116     .0000   -5082.1
 2013 04 20 10 44  9.000  -24.770   44.610     .000   824771.7    -.0565    -.3159     .0000   -5052.7
 2013 04 20 10 44 10.000  -24.826   44.292     .000   819733.9    -.0563    -.3201     .0000   -5022.7
 2013 04 20 10 44 11.000  -24.882   43.969     .000   814726.5    -.0561    -.3245     .0000   -4992.1
 2013 04 20 10 44 12.000  -24.938   43.643     .000   809749.9    -.0558    -.3288     .0000   -4961.0
 2013 04 20 10 44 13.000  -24.994   43.312     .000   804804.8    -.0556    -.3333     .0000   -4929.2
 2013 04 20 10 44 14.000  -25.049   42.976     .000   799891.7    -.0554    -.3378     .0000   -4896.9
 2013 04 20 10 44 15.000  -25.105   42.636     .000   795011.2    -.0551    -.3423     .0000   -4864.0
 2013 04 20 10 44 16.000  -25.160   42.291     .000   790163.9    -.0549    -.3469     .0000   -4830.5
 2013 04 20 10 44 17.000  -25.214   41.942     .000   785350.4    -.0547    -.3515     .0000   -4796.3
 2013 04 20 10 44 18.000  -25.269   41.588     .000   780571.5    -.0544    -.3562     .0000   -4761.5
 2013 04 20 10 44 19.000  -25.323   41.230     .000   775827.6    -.0542    -.3610     .0000   -4726.1
 2013 04 20 10 44 20.000  -25.377   40.866     .000   771119.5    -.0539    -.3658     .0000   -4690.0
 2013 04 20 10 44 21.000  -25.431   40.498     .000   766447.9    -.0537    -.3706     .0000   -4653.2
 2013 04 20 10 44 22.000  -25.485   40.125     .000   761813.4    -.0534    -.3755     .0000   -4615.7
 2013 04 20 10 44 23.000  -25.538   39.747     .000   757216.6    -.0532    -.3805     .0000   -4577.6
 2013 04 20 10 44 24.000  -25.591   39.364     .000   752658.4    -.0529    -.3855     .0000   -4538.8
 2013 04 20 10 44 25.000  -25.644   38.976     .000   748139.4    -.0527    -.3905     .0000   -4499.2
 2013 04 20 10 44 26.000  -25.696   38.583     .000   743660.2    -.0524    -.3956     .0000   -4458.9
 2013 04 20 10 44 27.000  -25.749   38.185     .000   739221.8    -.0522    -.4008     .0000   -4417.9
 2013 04 20 10 44 28.000  -25.801   37.782     .000   734824.7    -.0519    -.4059     .0000   -4376.1
 2013 04 20 10 44 29.000  -25.852   37.373     .000   730469.8    -.0516    -.4112     .0000   -4333.6
 2013 04 20 10 44 30.000  -25.904   36.959     .000   726157.9    -.0514    -.4164     .0000   -4290.3
 2013 04 20 10 44 31.000  -25.955   36.540     .000   721889.4    -.0511    -.4217     .0000   -4246.2
 2013 04 20 10 44 32.000  -26.006   36.116     .000   717665.6    -.0508    -.4271     .0000   -4201.4
 2013 04 20 10 44 33.000  -26.057   35.686     .000   713487.0    -.0505    -.4324     .0000   -4155.7
 2013 04 20 10 44 34.000  -26.107   35.251     .000   709354.4    -.0503    -.4378     .0000   -4109.2
 2013 04 20 10 44 35.000  -26.157   34.811     .000   705268.7    -.0500    -.4433     .0000   -4062.0
 2013 04 20 10 44 36.000  -26.207   34.365     .000   701230.7    -.0497    -.4488     .0000   -4013.8
 2013 04 20 10 44 37.000  -26.256   33.913     .000   697241.3    -.0494    -.4543     .0000   -3964.9
 2013 04 20 10 44 38.000  -26.306   33.456     .000   693301.2    -.0491    -.4598     .0000   -3915.1
 2013 04 20 10 44 39.000  -26.355   32.993     .000   689411.4    -.0488    -.4653     .0000   -3864.4
 2013 04 20 10 44 40.000  -26.403   32.525     .000   685572.6    -.0486    -.4709     .0000   -3812.9
 2013 04 20 10 44 41.000  -26.452   32.052     .000   681785.8    -.0483    -.4765     .0000   -3760.5
 2013 04 20 10 44 42.000  -26.500   31.572     .000   678051.8    -.0480    -.4821     .0000   -3707.3
 2013 04 20 10 44 43.000  -26.548   31.088     .000   674371.5    -.0477    -.4877     .0000   -3653.1
 2013 04 20 10 44 44.000  -26.595   30.597     .000   670745.8    -.0474    -.4933     .0000   -3598.1
 2013 04 20 10 44 45.000  -26.642   30.101     .000   667175.6    -.0471    -.4989     .0000   -3542.2
 2013 04 20 10 44 46.000  -26.689   29.599     .000   663661.8    -.0468    -.5045     .0000   -3485.3
 2013 04 20 10 44 47.000  -26.736   29.092     .000   660205.3    -.0465    -.5102     .0000   -3427.6
 2013 04 20 10 44 48.000  -26.782   28.579     .000   656806.9    -.0462    -.5158     .0000   -3368.9
 2013 04 20 10 44 49.000  -26.828   28.060     .000   653467.7    -.0459    -.5214     .0000   -3309.4
 2013 04 20 10 44 50.000  -26.874   27.536     .000   650188.5    -.0456    -.5269     .0000   -3248.9
 2013 04 20 10 44 51.000  -26.919   27.007     .000   646970.2    -.0452    -.5325     .0000   -3187.5
 2013 04 20 10 44 52.000  -26.964   26.471     .000   643813.8    -.0449    -.5380     .0000   -3125.2
 2013 04 20 10 44 53.000  -27.009   25.931     .000   640720.1    -.0446    -.5435     .0000   -3062.0
 2013 04 20 10 44 54.000  -27.053   25.384     .000   637690.2    -.0443    -.5490     .0000   -2997.8
 2013 04 20 10 44 55.000  -27.098   24.833     .000   634724.8    -.0440    -.5544     .0000   -2932.8
 2013 04 20 10 44 56.000  -27.141   24.276     .000   631824.9    -.0437    -.5598     .0000   -2866.8
 2013 04 20 10 44 57.000  -27.185   23.713     .000   628991.5    -.0433    -.5651     .0000   -2799.9
 2013 04 20 10 44 58.000  -27.228   23.145     .000   626225.4    -.0430    -.5704     .0000   -2732.1
 2013 04 20 10 44 59.000  -27.271   22.572     .000   623527.5    -.0427    -.5756     .0000   -2663.5
 2013 04 20 10 45   .000  -27.313   21.994     .000   620898.8    -.0424    -.5808     .0000   -2593.9
 2013 04 20 10 45  1.000  -27.356   21.411     .000   618340.0    -.0420    -.5858     .0000   -2523.5
 2013 04 20 10 45  2.000  -27.398   20.823     .000   615852.1    -.0417    -.5908     .0000   -2452.2
 2013 04 20 10 45  3.000  -27.439   20.229     .000   613435.9    -.0414    -.5957     .0000   -2380.0
 2013 04 20 10 45  4.000  -27.480   19.631     .000   611092.4    -.0411    -.6005     .0000   -2307.0
 2013 04 20 10 45  5.000  -27.521   19.028     .000   608822.2    -.0407    -.6052     .0000   -2233.1
 2013 04 20 10 45  6.000  -27.562   18.421     .000   606626.4    -.0404    -.6099     .0000   -2158.5
 2013 04 20 10 45  7.000  -27.602   17.809     .000   604505.6    -.0400    -.6144     .0000   -2083.0
 2013 04 20 10 45  8.000  -27.642   17.192     .000   602460.6    -.0397    -.6187     .0000   -2006.8
 2013 04 20 10 45  9.000  -27.681   16.571     .000   600492.3    -.0394    -.6230     .0000   -1929.7
 2013 04 20 10 45 10.000  -27.720   15.946     .000   598601.4    -.0390    -.6271     .0000   -1852.0
 2013 04 20 10 45 11.000  -27.759   15.317     .000   596788.6    -.0387    -.6311     .0000   -1773.5
 2013 04 20 10 45 12.000  -27.798   14.684     .000   595054.7    -.0383    -.6350     .0000   -1694.3
 2013 04 20 10 45 13.000  -27.836   14.047     .000   593400.3    -.0380    -.6387     .0000   -1614.4
 2013 04 20 10 45 14.000  -27.874   13.407     .000   591826.2    -.0377    -.6423     .0000   -1533.9
 2013 04 20 10 45 15.000  -27.911   12.763     .000   590332.8    -.0373    -.6457     .0000   -1452.7
 2013 04 20 10 45 16.000  -27.948   12.115     .000   588921.0    -.0370    -.6490     .0000   -1370.9
 2013 04 20 10 45 17.000  -27.985   11.465     .000   587591.2    -.0366    -.6520     .0000   -1288.6
 2013 04 20 10 45 18.000  -28.022   10.811     .000   586344.0    -.0363    -.6550     .0000   -1205.7
 2013 04 20 10 45 19.000  -28.058   10.155     .000   585180.0    -.0359    -.6577     .0000   -1122.3
 2013 04 20 10 45 20.000  -28.093    9.496     .000   584099.6    -.0356    -.6602     .0000   -1038.4
 2013 04 20 10 45 21.000  -28.129    8.835     .000   583103.3    -.0352    -.6626     .0000    -954.1
 2013 04 20 10 45 22.000  -28.164    8.171     .000   582191.5    -.0349    -.6648     .0000    -869.3
 2013 04 20 10 45 23.000  -28.198    7.505     .000   581364.7    -.0345    -.6668     .0000    -784.2
 2013 04 20 10 45 24.000  -28.233    6.837     .000   580623.2    -.0341    -.6686     .0000    -698.8
 2013 04 20 10 45 25.000  -28.267    6.168     .000   579967.3    -.0338    -.6702     .0000    -613.0
 2013 04 20 10 45 26.000  -28.300    5.497     .000   579397.3    -.0334    -.6715     .0000    -526.9
 2013 04 20 10 45 27.000  -28.334    4.825     .000   578913.5    -.0331    -.6727     .0000    -440.6
 2013 04 20 10 45 28.000  -28.366    4.152     .000   578516.1    -.0327    -.6737     .0000    -354.2
 2013 04 20 10 45 29.000  -28.399    3.478     .000   578205.3    -.0323    -.6745     .0000    -267.5
 2013 04 20 10 45 30.000  -28.431    2.803     .000   577981.1    -.0320    -.6750     .0000    -180.8
 2013 04 20 10 45 31.000  -28.463    2.128     .000   577843.8    -.0316    -.6754     .0000     -93.9
 2013 04 20 10 45 32.000  -28.494    1.452     .000   577793.3    -.0313    -.6755     .0000      -7.0
 2013 04 20 10 45 33.000  -28.525     .777     .000   577829.7    -.0309    -.6754     .0000      79.8
 2013 04 20 10 45 34.000  -28.556     .102     .000   577953.0    -.0305    -.6752     .0000     166.7
 2013 04 20 10 45 35.000  -28.587    -.573     .000   578163.0    -.0302    -.6747     .0000     253.5
 2013 04 20 10 45 36.000  -28.616   -1.248     .000   578459.8    -.0298    -.6739     .0000     340.1
 2013 04 20 10 45 37.000  -28.646   -1.921     .000   578843.2    -.0294    -.6730     .0000     426.6
 2013 04 20 10 45 38.000  -28.675   -2.594     .000   579313.0    -.0291    -.6719     .0000     512.9
 2013 04 20 10 45 39.000  -28.704   -3.265     .000   579869.0    -.0287    -.6706     .0000     599.0
 2013 04 20 10 45 40.000  -28.733   -3.935     .000   580510.9    -.0283    -.6691     .0000     684.8
 2013 04 20 10 45 41.000  -28.761   -4.603     .000   581238.5    -.0280    -.6673     .0000     770.3
 2013 04 20 10 45 42.000  -28.789   -5.269     .000   582051.5    -.0276    -.6654     .0000     855.5
 2013 04 20 10 45 43.000  -28.816   -5.934     .000   582949.4    -.0272    -.6633     .0000     940.3
 2013 04 20 10 45 44.000  -28.843   -6.596     .000   583931.9    -.0268    -.6610     .0000    1024.7
 2013 04 20 10 45 45.000  -28.870   -7.255     .000   584998.5    -.0265    -.6585     .0000    1108.6
 2013 04 20 10 45 46.000  -28.896   -7.913     .000   586148.9    -.0261    -.6558     .0000    1192.0
 2013 04 20 10 45 47.000  -28.922   -8.567     .000   587382.4    -.0257    -.6529     .0000    1275.0
 2013 04 20 10 45 48.000  -28.947   -9.218     .000   588698.7    -.0254    -.6499     .0000    1357.4
 2013 04 20 10 45 49.000  -28.973   -9.867     .000   590097.0    -.0250    -.6467     .0000    1439.2
 2013 04 20 10 45 50.000  -28.997  -10.512     .000   591576.9    -.0246    -.6433     .0000    1520.5
 2013 04 20 10 45 51.000  -29.022  -11.153     .000   593137.7    -.0242    -.6398     .0000    1601.1
 2013 04 20 10 45 52.000  -29.046  -11.791     .000   594778.8    -.0239    -.6362     .0000    1681.0
 2013 04 20 10 45 53.000  -29.070  -12.425     .000   596499.5    -.0235    -.6324     .0000    1760.3
 2013 04 20 10 45 54.000  -29.093  -13.056     .000   598299.2    -.0231    -.6284     .0000    1838.9
 2013 04 20 10 45 55.000  -29.116  -13.682     .000   600177.0    -.0227    -.6243     .0000    1916.7
 2013 04 20 10 45 56.000  -29.138  -14.304     .000   602132.3    -.0224    -.6201     .0000    1993.8
 2013 04 20 10 45 57.000  -29.161  -14.922     .000   604164.4    -.0220    -.6158     .0000    2070.2
 2013 04 20 10 45 58.000  -29.182  -15.536     .000   606272.4    -.0216    -.6113     .0000    2145.7
 2013 04 20 10 45 59.000  -29.204  -16.145     .000   608455.6    -.0212    -.6067     .0000    2220.5
 2013 04 20 10 46   .000  -29.225  -16.749     .000   610713.0    -.0209    -.6021     .0000    2294.4
 2013 04 20 10 46  1.000  -29.246  -17.349     .000   613044.1    -.0205    -.5973     .0000    2367.5
 2013 04 20 10 46  2.000  -29.266  -17.944     .000   615447.8    -.0201    -.5924     .0000    2439.8
 2013 04 20 10 46  3.000  -29.286  -18.534     .000   617923.4    -.0198    -.5875     .0000    2511.2
 2013 04 20 10 46  4.000  -29.306  -19.119     .000   620469.9    -.0194    -.5825     .0000    2581.7
 2013 04 20 10 46  5.000  -29.325  -19.699     .000   623086.5    -.0190    -.5774     .0000    2651.4
 2013 04 20 10 46  6.000  -29.344  -20.273     .000   625772.3    -.0186    -.5722     .0000    2720.1
 2013 04 20 10 46  7.000  -29.362  -20.843     .000   628526.5    -.0183    -.5670     .0000    2788.0
 2013 04 20 10 46  8.000  -29.380  -21.407     .000   631348.0    -.0179    -.5617     .0000    2855.0
 2013 04 20 10 46  9.000  -29.398  -21.966     .000   634236.1    -.0175    -.5563     .0000    2921.0
 2013 04 20 10 46 10.000  -29.415  -22.520     .000   637189.8    -.0171    -.5509     .0000    2986.2
 2013 04 20 10 46 11.000  -29.432  -23.068     .000   640208.2    -.0168    -.5455     .0000    3050.4
 2013 04 20 10 46 12.000  -29.449  -23.611     .000   643290.4    -.0164    -.5400     .0000    3113.8
 2013 04 20 10 46 13.000  -29.465  -24.148     .000   646435.4    -.0160    -.5345     .0000    3176.2
 2013 04 20 10 46 14.000  -29.481  -24.680     .000   649642.4    -.0156    -.5290     .0000    3237.7
 2013 04 20 10 46 15.000  -29.496  -25.206     .000   652910.4    -.0153    -.5235     .0000    3298.2
 2013 04 20 10 46 16.000  -29.511  -25.727     .000   656238.5    -.0149    -.5179     .0000    3357.9
 2013 04 20 10 46 17.000  -29.526  -26.242     .000   659625.8    -.0145    -.5123     .0000    3416.6
 2013 04 20 10 46 18.000  -29.540  -26.751     .000   663071.5    -.0142    -.5067     .0000    3474.5
 2013 04 20 10 46 19.000  -29.554  -27.255     .000   666574.4    -.0138    -.5012     .0000    3531.4
 2013 04 20 10 46 20.000  -29.568  -27.754     .000   670133.9    -.0134    -.4956     .0000    3587.4
 2013 04 20 10 46 21.000  -29.581  -28.246     .000   673749.0    -.0131    -.4900     .0000    3642.5
 2013 04 20 10 46 22.000  -29.594  -28.734     .000   677418.7    -.0127    -.4844     .0000    3696.8
 2013 04 20 10 46 23.000  -29.607  -29.215     .000   681142.2    -.0123    -.4788     .0000    3750.1
 2013 04 20 10 46 24.000  -29.619  -29.691     .000   684918.6    -.0120    -.4733     .0000    3802.6
 2013 04 20 10 46 25.000  -29.631  -30.162     .000   688747.1    -.0116    -.4677     .0000    3854.2
 2013 04 20 10 46 26.000  -29.642  -30.627     .000   692626.7    -.0112    -.4622     .0000    3904.9
 2013 04 20 10 46 27.000  -29.653  -31.086     .000   696556.6    -.0109    -.4567     .0000    3954.8
 2013 04 20 10 46 28.000  -29.664  -31.540     .000   700536.0    -.0105    -.4512     .0000    4003.8
 2013 04 20 10 46 29.000  -29.674  -31.988     .000   704564.0    -.0101    -.4458     .0000    4052.0
 2013 04 20 10 46 30.000  -29.684  -32.432     .000   708639.6    -.0098    -.4404     .0000    4099.4
 2013 04 20 10 46 31.000  -29.694  -32.869     .000   712762.5    -.0094    -.4350     .0000    4145.9
 2013 04 20 10 46 32.000  -29.703  -33.301     .000   716931.3    -.0090    -.4296     .0000    4191.6
 2013 04 20 10 46 33.000  -29.712  -33.728     .000   721145.5    -.0087    -.4243     .0000    4236.6
 2013 04 20 10 46 34.000  -29.720  -34.150     .000   725404.2    -.0083    -.4190     .0000    4280.7
 2013 04 20 10 46 35.000  -29.729  -34.566     .000   729706.7    -.0079    -.4138     .0000    4324.1
 2013 04 20 10 46 36.000  -29.736  -34.978     .000   734052.1    -.0076    -.4086     .0000    4366.7
 2013 04 20 10 46 37.000  -29.744  -35.384     .000   738439.7    -.0072    -.4034     .0000    4408.5
 2013 04 20 10 46 38.000  -29.751  -35.785     .000   742868.8    -.0069    -.3983     .0000    4449.6
 2013 04 20 10 46 39.000  -29.758  -36.180     .000   747338.6    -.0065    -.3933     .0000    4489.9
 2013 04 20 10 46 40.000  -29.764  -36.571     .000   751848.4    -.0062    -.3882     .0000    4529.5
 2013 04 20 10 46 41.000  -29.770  -36.957     .000   756397.5    -.0058    -.3833     .0000    4568.4
 2013 04 20 10 46 42.000  -29.776  -37.338     .000   760985.1    -.0055    -.3783     .0000    4606.6
 2013 04 20 10 46 43.000  -29.781  -37.713     .000   765610.5    -.0051    -.3735     .0000    4644.1
 2013 04 20 10 46 44.000  -29.786  -38.084     .000   770273.2    -.0047    -.3686     .0000    4681.0
 2013 04 20 10 46 45.000  -29.790  -38.451     .000   774972.3    -.0044    -.3639     .0000    4717.1
 2013 04 20 10 46 46.000  -29.795  -38.812     .000   779707.2    -.0040    -.3591     .0000    4752.6
 2013 04 20 10 46 47.000  -29.799  -39.169     .000   784477.3    -.0037    -.3544     .0000    4787.4
 2013 04 20 10 46 48.000  -29.802  -39.521     .000   789281.9    -.0033    -.3498     .0000    4821.6
 2013 04 20 10 46 49.000  -29.805  -39.868     .000   794120.4    -.0030    -.3452     .0000    4855.2
 2013 04 20 10 46 50.000  -29.808  -40.211     .000   798992.1    -.0027    -.3407     .0000    4888.2
 2013 04 20 10 46 51.000  -29.811  -40.550     .000   803896.5    -.0023    -.3363     .0000    4920.5
 2013 04 20 10 46 52.000  -29.813  -40.884     .000   808833.0    -.0020    -.3318     .0000    4952.3
 2013 04 20 10 46 53.000  -29.815  -41.214     .000   813800.9    -.0016    -.3275     .0000    4983.5
 2013 04 20 10 46 54.000  -29.816  -41.539     .000   818799.8    -.0013    -.3232     .0000    5014.1
 2013 04 20 10 46 55.000  -29.817  -41.860     .000   823828.9    -.0009    -.3189     .0000    5044.1
 2013 04 20 10 46 56.000  -29.818  -42.177     .000   828887.8    -.0006    -.3147     .0000    5073.6
 2013 04 20 10 46 57.000  -29.819  -42.489     .000   833975.9    -.0003    -.3105     .0000    5102.5
 2013 04 20 10 46 58.000  -29.819  -42.798     .000   839092.7     .0001    -.3064     .0000    5130.9
 2013 04 20 10 46 59.000  -29.819  -43.102     .000   844237.6     .0004    -.3024     .0000    5158.8
 2013 04 20 10 47   .000  -29.818  -43.402     .000   849410.1     .0007    -.2984     .0000    5186.2
 2013 04 20 10 47  1.000  -29.817  -43.699     .000   854609.9     .0011    -.2945     .0000    5213.1
 2013 04 20 10 47  2.000  -29.816  -43.991     .000   859836.2     .0014    -.2906     .0000    5239.4
 2013 04 20 10 47  3.000  -29.814  -44.280     .000   865088.6     .0017    -.2867     .0000    5265.3
 2013 04 20 10 47  4.000  -29.813  -44.565     .000   870366.7     .0021    -.2829     .0000    5290.7
 2013 04 20 10 47  5.000  -29.810  -44.846     .000   875669.9     .0024    -.2792     .0000    5315.7
 2013 04 20 10 47  5.554  -29.809  -45.000     .000   878616.8     .0026    -.2771     .0000    5329.3
 
 2013 04 20 20 44 26.684   22.824   45.000     .000   802771.9     .0573    -.3233     .0000   -5108.5
 2013 04 20 20 44 27.000   22.843   44.897     .000   801158.0     .0573    -.3248     .0000   -5098.9
 2013 04 20 20 44 28.000   22.900   44.570     .000   796074.5     .0571    -.3293     .0000   -5068.1
 2013 04 20 20 44 29.000   22.957   44.239     .000   791022.0     .0569    -.3340     .0000   -5036.7
 2013 04 20 20 44 30.000   23.014   43.902     .000   786001.4     .0566    -.3387     .0000   -5004.7
 2013 04 20 20 44 31.000   23.070   43.561     .000   781012.8     .0564    -.3434     .0000   -4972.1
 2013 04 20 20 44 32.000   23.127   43.215     .000   776057.3     .0562    -.3482     .0000   -4938.8
 2013 04 20 20 44 33.000   23.183   42.865     .000   771135.3     .0560    -.3531     .0000   -4905.0
 2013 04 20 20 44 34.000   23.239   42.509     .000   766247.6     .0558    -.3580     .0000   -4870.4
 2013 04 20 20 44 35.000   23.294   42.149     .000   761394.8     .0555    -.3630     .0000   -4835.2
 2013 04 20 20 44 36.000   23.350   41.783     .000   756577.5     .0553    -.3680     .0000   -4799.3
 2013 04 20 20 44 37.000   23.405   41.413     .000   751796.5     .0551    -.3731     .0000   -4762.7
 2013 04 20 20 44 38.000   23.460   41.037     .000   747052.4     .0549    -.3783     .0000   -4725.3
 2013 04 20 20 44 39.000   23.515   40.656     .000   742346.0     .0546    -.3835     .0000   -4687.3
 2013 04 20 20 44 40.000   23.569   40.270     .000   737678.1     .0544    -.3887     .0000   -4648.5
 2013 04 20 20 44 41.000   23.624   39.879     .000   733049.2     .0541    -.3941     .0000   -4609.0
 2013 04 20 20 44 42.000   23.678   39.482     .000   728460.3     .0539    -.3994     .0000   -4568.8
 2013 04 20 20 44 43.000   23.731   39.080     .000   723912.0     .0537    -.4049     .0000   -4527.7
 2013 04 20 20 44 44.000   23.785   38.672     .000   719405.1     .0534    -.4103     .0000   -4485.9
 2013 04 20 20 44 45.000   23.838   38.259     .000   714940.4     .0532    -.4159     .0000   -4443.3
 2013 04 20 20 44 46.000   23.891   37.840     .000   710518.8     .0529    -.4215     .0000   -4399.8
 2013 04 20 20 44 47.000   23.944   37.416     .000   706141.0     .0527    -.4271     .0000   -4355.6
 2013 04 20 20 44 48.000   23.997   36.986     .000   701807.9     .0524    -.4328     .0000   -4310.5
 2013 04 20 20 44 49.000   24.049   36.550     .000   697520.3     .0521    -.4385     .0000   -4264.6
 2013 04 20 20 44 50.000   24.101   36.109     .000   693279.0     .0519    -.4443     .0000   -4217.8
 2013 04 20 20 44 51.000   24.153   35.662     .000   689084.9     .0516    -.4501     .0000   -4170.2
 2013 04 20 20 44 52.000   24.204   35.209     .000   684938.9     .0514    -.4559     .0000   -4121.7
 2013 04 20 20 44 53.000   24.256   34.750     .000   680841.9     .0511    -.4618     .0000   -4072.2
 2013 04 20 20 44 54.000   24.307   34.285     .000   676794.7     .0508    -.4677     .0000   -4021.9
 2013 04 20 20 44 55.000   24.357   33.815     .000   672798.3     .0505    -.4737     .0000   -3970.7
 2013 04 20 20 44 56.000   24.408   33.338     .000   668853.6     .0503    -.4796     .0000   -3918.6
 2013 04 20 20 44 57.000   24.458   32.855     .000   664961.5     .0500    -.4856     .0000   -3865.5
 2013 04 20 20 44 58.000   24.508   32.367     .000   661122.9     .0497    -.4916     .0000   -3811.5
 2013 04 20 20 44 59.000   24.557   31.872     .000   657338.8     .0494    -.4977     .0000   -3756.5
 2013 04 20 20 45   .000   24.607   31.371     .000   653610.3     .0491    -.5037     .0000   -3700.6
 2013 04 20 20 45  1.000   24.656   30.864     .000   649937.9     .0489    -.5098     .0000   -3643.8
 2013 04 20 20 45  2.000   24.704   30.352     .000   646323.0     .0486    -.5159     .0000   -3585.9
 2013 04 20 20 45  3.000   24.753   29.833     .000   642766.4     .0483    -.5219     .0000   -3527.1
 2013 04 20 20 45  4.000   24.801   29.308     .000   639269.1     .0480    -.5280     .0000   -3467.3
 2013 04 20 20 45  5.000   24.849   28.777     .000   635832.1     .0477    -.5341     .0000   -3406.5
 2013 04 20 20 45  6.000   24.896   28.240     .000   632456.4     .0474    -.5401     .0000   -3344.8
 2013 04 20 20 45  7.000   24.944   27.696     .000   629143.0     .0471    -.5461     .0000   -3282.0
 2013 04 20 20 45  8.000   24.991   27.147     .000   625892.8     .0468    -.5522     .0000   -3218.2
 2013 04 20 20 45  9.000   25.037   26.592     .000   622706.8     .0465    -.5581     .0000   -3153.5
 2013 04 20 20 45 10.000   25.084   26.031     .000   619586.1     .0462    -.5641     .0000   -3087.7
 2013 04 20 20 45 11.000   25.130   25.464     .000   616531.7     .0459    -.5700     .0000   -3021.0
 2013 04 20 20 45 12.000   25.176   24.891     .000   613544.5     .0456    -.5759     .0000   -2953.3
 2013 04 20 20 45 13.000   25.221   24.312     .000   610625.5     .0453    -.5817     .0000   -2884.5
 2013 04 20 20 45 14.000   25.266   23.728     .000   607775.8     .0450    -.5874     .0000   -2814.8
 2013 04 20 20 45 15.000   25.311   23.137     .000   604996.2     .0447    -.5931     .0000   -2744.1
 2013 04 20 20 45 16.000   25.356   22.541     .000   602287.8     .0443    -.5988     .0000   -2672.5
 2013 04 20 20 45 17.000   25.400   21.940     .000   599651.5     .0440    -.6043     .0000   -2599.9
 2013 04 20 20 45 18.000   25.444   21.333     .000   597088.4     .0437    -.6098     .0000   -2526.3
 2013 04 20 20 45 19.000   25.487   20.720     .000   594599.3     .0434    -.6152     .0000   -2451.8
 2013 04 20 20 45 20.000   25.530   20.102     .000   592185.1     .0431    -.6205     .0000   -2376.3
 2013 04 20 20 45 21.000   25.573   19.479     .000   589846.9     .0427    -.6256     .0000   -2300.0
 2013 04 20 20 45 22.000   25.616   18.851     .000   587585.5     .0424    -.6307     .0000   -2222.7
 2013 04 20 20 45 23.000   25.658   18.218     .000   585401.8     .0421    -.6357     .0000   -2144.5
 2013 04 20 20 45 24.000   25.700   17.580     .000   583296.7     .0418    -.6405     .0000   -2065.5
 2013 04 20 20 45 25.000   25.742   16.937     .000   581271.1     .0414    -.6452     .0000   -1985.7
 2013 04 20 20 45 26.000   25.783   16.289     .000   579325.7     .0411    -.6497     .0000   -1905.0
 2013 04 20 20 45 27.000   25.824   15.637     .000   577461.4     .0408    -.6541     .0000   -1823.5
 2013 04 20 20 45 28.000   25.864   14.981     .000   575679.0     .0404    -.6584     .0000   -1741.2
 2013 04 20 20 45 29.000   25.905   14.321     .000   573979.2     .0401    -.6625     .0000   -1658.2
 2013 04 20 20 45 30.000   25.945   13.656     .000   572362.9     .0398    -.6664     .0000   -1574.4
 2013 04 20 20 45 31.000   25.984   12.988     .000   570830.6     .0394    -.6702     .0000   -1490.0
 2013 04 20 20 45 32.000   26.024   12.316     .000   569383.1     .0391    -.6737     .0000   -1404.9
 2013 04 20 20 45 33.000   26.062   11.640     .000   568021.0     .0387    -.6771     .0000   -1319.2
 2013 04 20 20 45 34.000   26.101   10.962     .000   566745.0     .0384    -.6803     .0000   -1232.8
 2013 04 20 20 45 35.000   26.139   10.280     .000   565555.6     .0381    -.6833     .0000   -1145.9
 2013 04 20 20 45 36.000   26.177    9.595     .000   564453.4     .0377    -.6861     .0000   -1058.5
 2013 04 20 20 45 37.000   26.215    8.908     .000   563438.8     .0374    -.6887     .0000    -970.5
 2013 04 20 20 45 38.000   26.252    8.218     .000   562512.5     .0370    -.6911     .0000    -882.1
 2013 04 20 20 45 39.000   26.289    7.525     .000   561674.7     .0367    -.6933     .0000    -793.3
 2013 04 20 20 45 40.000   26.325    6.831     .000   560925.9     .0363    -.6952     .0000    -704.1
 2013 04 20 20 45 41.000   26.361    6.135     .000   560266.6     .0360    -.6969     .0000    -614.6
 2013 04 20 20 45 42.000   26.397    5.437     .000   559696.8     .0356    -.6984     .0000    -524.8
 2013 04 20 20 45 43.000   26.433    4.738     .000   559217.1     .0353    -.6997     .0000    -434.7
 2013 04 20 20 45 44.000   26.468    4.038     .000   558827.5     .0349    -.7007     .0000    -344.4
 2013 04 20 20 45 45.000   26.502    3.337     .000   558528.3     .0346    -.7015     .0000    -254.0
 2013 04 20 20 45 46.000   26.537    2.635     .000   558319.6     .0342    -.7021     .0000    -163.4
 2013 04 20 20 45 47.000   26.571    1.933     .000   558201.6     .0338    -.7024     .0000     -72.7
 2013 04 20 20 45 48.000   26.605    1.230     .000   558174.2     .0335    -.7025     .0000      18.0
 2013 04 20 20 45 49.000   26.638     .528     .000   558237.5     .0331    -.7024     .0000     108.7
 2013 04 20 20 45 50.000   26.671    -.175     .000   558391.5     .0328    -.7020     .0000     199.3
 2013 04 20 20 45 51.000   26.703    -.876     .000   558636.1     .0324    -.7014     .0000     289.8
 2013 04 20 20 45 52.000   26.736   -1.577     .000   558971.1     .0320    -.7005     .0000     380.2
 2013 04 20 20 45 53.000   26.767   -2.277     .000   559396.5     .0317    -.6994     .0000     470.4
 2013 04 20 20 45 54.000   26.799   -2.976     .000   559911.9     .0313    -.6981     .0000     560.4
 2013 04 20 20 45 55.000   26.830   -3.673     .000   560517.2     .0310    -.6965     .0000     650.1
 2013 04 20 20 45 56.000   26.861   -4.369     .000   561212.1     .0306    -.6948     .0000     739.5
 2013 04 20 20 45 57.000   26.891   -5.063     .000   561996.2     .0302    -.6928     .0000     828.6
 2013 04 20 20 45 58.000   26.921   -5.754     .000   562869.1     .0299    -.6905     .0000     917.2
 2013 04 20 20 45 59.000   26.951   -6.444     .000   563830.5     .0295    -.6881     .0000    1005.5
 2013 04 20 20 46   .000   26.980   -7.131     .000   564879.9     .0291    -.6855     .0000    1093.2
 2013 04 20 20 46  1.000   27.009   -7.815     .000   566016.8     .0288    -.6826     .0000    1180.4
 2013 04 20 20 46  2.000   27.038   -8.496     .000   567240.6     .0284    -.6796     .0000    1267.1
 2013 04 20 20 46  3.000   27.066   -9.174     .000   568550.9     .0280    -.6763     .0000    1353.3
 2013 04 20 20 46  4.000   27.094   -9.848     .000   569946.9     .0277    -.6729     .0000    1438.8
 2013 04 20 20 46  5.000   27.121  -10.520     .000   571428.2     .0273    -.6693     .0000    1523.6
 2013 04 20 20 46  6.000   27.148  -11.187     .000   572993.9     .0269    -.6655     .0000    1607.8
 2013 04 20 20 46  7.000   27.175  -11.850     .000   574643.5     .0266    -.6615     .0000    1691.3
 2013 04 20 20 46  8.000   27.202  -12.510     .000   576376.2     .0262    -.6574     .0000    1774.0
 2013 04 20 20 46  9.000   27.228  -13.165     .000   578191.2     .0258    -.6531     .0000    1856.0
 2013 04 20 20 46 10.000   27.253  -13.816     .000   580087.9     .0254    -.6487     .0000    1937.2
 2013 04 20 20 46 11.000   27.278  -14.463     .000   582065.3     .0251    -.6441     .0000    2017.5
 2013 04 20 20 46 12.000   27.303  -15.104     .000   584122.7     .0247    -.6394     .0000    2097.1
 2013 04 20 20 46 13.000   27.328  -15.741     .000   586259.1     .0243    -.6345     .0000    2175.8
 2013 04 20 20 46 14.000   27.352  -16.373     .000   588473.9     .0240    -.6296     .0000    2253.6
 2013 04 20 20 46 15.000   27.376  -17.000     .000   590766.0     .0236    -.6245     .0000    2330.5
 2013 04 20 20 46 16.000   27.399  -17.622     .000   593134.5     .0232    -.6193     .0000    2406.5
 2013 04 20 20 46 17.000   27.422  -18.239     .000   595578.7     .0228    -.6140     .0000    2481.6
 2013 04 20 20 46 18.000   27.445  -18.850     .000   598097.4     .0225    -.6086     .0000    2555.7
 2013 04 20 20 46 19.000   27.467  -19.456     .000   600689.8     .0221    -.6032     .0000    2629.0
 2013 04 20 20 46 20.000   27.489  -20.057     .000   603355.0     .0217    -.5976     .0000    2701.2
 2013 04 20 20 46 21.000   27.510  -20.651     .000   606091.9     .0213    -.5920     .0000    2772.5
 2013 04 20 20 46 22.000   27.532  -21.241     .000   608899.7     .0210    -.5863     .0000    2842.8
 2013 04 20 20 46 23.000   27.552  -21.824     .000   611777.2     .0206    -.5805     .0000    2912.1
 2013 04 20 20 46 24.000   27.573  -22.402     .000   614723.6     .0202    -.5747     .0000    2980.5
 2013 04 20 20 46 25.000   27.593  -22.973     .000   617737.8     .0199    -.5689     .0000    3047.8
 2013 04 20 20 46 26.000   27.612  -23.539     .000   620818.9     .0195    -.5630     .0000    3114.2
 2013 04 20 20 46 27.000   27.632  -24.099     .000   623965.9     .0191    -.5570     .0000    3179.6
 2013 04 20 20 46 28.000   27.651  -24.654     .000   627177.7     .0187    -.5511     .0000    3243.9
 2013 04 20 20 46 29.000   27.669  -25.202     .000   630453.4     .0184    -.5451     .0000    3307.3
 2013 04 20 20 46 30.000   27.687  -25.744     .000   633791.9     .0180    -.5391     .0000    3369.7
 2013 04 20 20 46 31.000   27.705  -26.280     .000   637192.4     .0176    -.5331     .0000    3431.1
 2013 04 20 20 46 32.000   27.723  -26.810     .000   640653.8     .0173    -.5270     .0000    3491.5
 2013 04 20 20 46 33.000   27.740  -27.334     .000   644175.0     .0169    -.5210     .0000    3550.9
 2013 04 20 20 46 34.000   27.756  -27.852     .000   647755.2     .0165    -.5149     .0000    3609.3
 2013 04 20 20 46 35.000   27.773  -28.364     .000   651393.4     .0161    -.5089     .0000    3666.8
 2013 04 20 20 46 36.000   27.789  -28.870     .000   655088.5     .0158    -.5029     .0000    3723.3
 2013 04 20 20 46 37.000   27.804  -29.370     .000   658839.7     .0154    -.4969     .0000    3778.9
 2013 04 20 20 46 38.000   27.819  -29.863     .000   662645.9     .0150    -.4909     .0000    3833.4
 2013 04 20 20 46 39.000   27.834  -30.351     .000   666506.3     .0147    -.4849     .0000    3887.1
 2013 04 20 20 46 40.000   27.849  -30.833     .000   670419.8     .0143    -.4789     .0000    3939.8
 2013 04 20 20 46 41.000   27.863  -31.309     .000   674385.6     .0139    -.4730     .0000    3991.6
 2013 04 20 20 46 42.000   27.877  -31.779     .000   678402.7     .0136    -.4671     .0000    4042.5
 2013 04 20 20 46 43.000   27.890  -32.243     .000   682470.2     .0132    -.4612     .0000    4092.4
 2013 04 20 20 46 44.000   27.903  -32.702     .000   686587.2     .0128    -.4554     .0000    4141.5
 2013 04 20 20 46 45.000   27.916  -33.154     .000   690752.9     .0125    -.4496     .0000    4189.7
 2013 04 20 20 46 46.000   27.928  -33.601     .000   694966.3     .0121    -.4438     .0000    4237.0
 2013 04 20 20 46 47.000   27.940  -34.042     .000   699226.6     .0118    -.4381     .0000    4283.5
 2013 04 20 20 46 48.000   27.951  -34.477     .000   703533.0     .0114    -.4324     .0000    4329.1
 2013 04 20 20 46 49.000   27.963  -34.907     .000   707884.5     .0110    -.4268     .0000    4373.8
 2013 04 20 20 46 50.000   27.973  -35.331     .000   712280.3     .0107    -.4212     .0000    4417.7
 2013 04 20 20 46 51.000   27.984  -35.749     .000   716719.7     .0103    -.4157     .0000    4460.9
 2013 04 20 20 46 52.000   27.994  -36.162     .000   721201.8     .0099    -.4102     .0000    4503.2
 2013 04 20 20 46 53.000   28.004  -36.569     .000   725725.8     .0096    -.4047     .0000    4544.7
 2013 04 20 20 46 54.000   28.013  -36.972     .000   730290.9     .0092    -.3994     .0000    4585.5
 2013 04 20 20 46 55.000   28.022  -37.368     .000   734896.4     .0089    -.3940     .0000    4625.4
 2013 04 20 20 46 56.000   28.031  -37.760     .000   739541.6     .0085    -.3888     .0000    4664.7
 2013 04 20 20 46 57.000   28.039  -38.146     .000   744225.5     .0082    -.3835     .0000    4703.2
 2013 04 20 20 46 58.000   28.047  -38.527     .000   748947.6     .0078    -.3784     .0000    4740.9
 2013 04 20 20 46 59.000   28.055  -38.903     .000   753707.1     .0075    -.3733     .0000    4778.0
 2013 04 20 20 47   .000   28.062  -39.273     .000   758503.2     .0071    -.3682     .0000    4814.3
 2013 04 20 20 47  1.000   28.069  -39.639     .000   763335.5     .0067    -.3632     .0000    4850.0
 2013 04 20 20 47  2.000   28.075  -40.000     .000   768203.0     .0064    -.3583     .0000    4884.9
 2013 04 20 20 47  3.000   28.082  -40.356     .000   773105.2     .0060    -.3534     .0000    4919.2
 2013 04 20 20 47  4.000   28.087  -40.707     .000   778041.3     .0057    -.3486     .0000    4952.9
 2013 04 20 20 47  5.000   28.093  -41.053     .000   783010.7     .0053    -.3439     .0000    4985.9
 2013 04 20 20 47  6.000   28.098  -41.394     .000   788012.8     .0050    -.3392     .0000    5018.3
 2013 04 20 20 47  7.000   28.103  -41.731     .000   793047.1     .0047    -.3345     .0000    5050.0
 2013 04 20 20 47  8.000   28.107  -42.064     .000   798112.7     .0043    -.3300     .0000    5081.2
 2013 04 20 20 47  9.000   28.112  -42.391     .000   803209.2     .0040    -.3254     .0000    5111.7
 2013 04 20 20 47 10.000   28.115  -42.715     .000   808336.0     .0036    -.3210     .0000    5141.7
 2013 04 20 20 47 11.000   28.119  -43.033     .000   813492.5     .0033    -.3166     .0000    5171.1
 2013 04 20 20 47 12.000   28.122  -43.348     .000   818678.1     .0029    -.3122     .0000    5200.0
 2013 04 20 20 47 13.000   28.125  -43.658     .000   823892.2     .0026    -.3080     .0000    5228.3
 2013 04 20 20 47 14.000   28.127  -43.964     .000   829134.4     .0023    -.3037     .0000    5256.0
 2013 04 20 20 47 15.000   28.129  -44.265     .000   834404.1     .0019    -.2996     .0000    5283.2
 2013 04 20 20 47 16.000   28.131  -44.563     .000   839700.7     .0016    -.2955     .0000    5309.9
 2013 04 20 20 47 17.000   28.132  -44.856     .000   845023.8     .0013    -.2914     .0000    5336.1
 2013 04 20 20 47 17.494   28.133  -45.000     .000   847665.5     .0011    -.2894     .0000    5348.9
 
