s1
0
 2013 04 20 04 23 28.958     2013 04 20 04 26 10.583     161.6
1
 2013 04 20 13 06 56.809     2013 04 20 13 09 49.611     172.8
2
 2013 04 20 07 43 51.026     2013 04 20 07 46 26.955     155.9
 2013 04 20 14 17 41.081     2013 04 20 14 20 18.036     157.0
3
 2013 04 20 01 20 18.173     2013 04 20 01 23 13.968     175.8
4
5
 2013 04 20 01 55 19.280     2013 04 20 01 58 43.022     203.7
6
 2013 04 20 16 21 17.253     2013 04 20 16 24 19.372     182.1
7
 2013 04 20 01 05 26.905     2013 04 20 01 08 27.471     180.6
8
 2013 04 20 08 15 11.041     2013 04 20 08 18 26.549     195.5
 2013 04 20 20 02 37.644     2013 04 20 20 05 19.615     162.0
9
 2013 04 20 05 12 10.053     2013 04 20 05 15 29.258     199.2
 2013 04 20 15 14 41.080     2013 04 20 15 17 17.839     156.8
10
 2013 04 20 10 02 41.573     2013 04 20 10 05 14.598     153.0
 2013 04 20 18 16 45.733     2013 04 20 18 19 59.581     193.8
11
 2013 04 20 09 20 54.701     2013 04 20 09 23 58.389     183.7
 2013 04 20 14 15 52.692     2013 04 20 14 18 27.860     155.2
12
 2013 04 20 12 55 25.368     2013 04 20 12 58  5.899     160.5
13
 2013 04 20 00 11 57.968     2013 04 20 00 14 44.524     166.6
 2013 04 20 15 31 16.071     2013 04 20 15 34 23.160     187.1
14
 2013 04 20 16 57 25.306     2013 04 20 17 01  3.983     218.7
15
 2013 04 20 22 39  1.519     2013 04 20 22 41 49.873     168.4
16
 2013 04 20 09 19  2.936     2013 04 20 09 21 54.031     171.1
 2013 04 20 15 52 20.427     2013 04 20 15 55 45.103     204.7
17
 2013 04 20 02 50  8.816     2013 04 20 02 50 52.571      43.8
 2013 04 20 12 53 25.989     2013 04 20 12 55 56.755     150.8
18
 2013 04 20 02 38  1.196     2013 04 20 02 41 41.472     220.3
 2013 04 20 16 12 56.088     2013 04 20 16 15 26.605     150.5
19
20
 2013 04 20 05 00 44.908     2013 04 20 05 03 26.240     161.3
 2013 04 20 18 34 51.639     2013 04 20 18 37 56.345     184.7
21
 2013 04 20 13 48  5.805     2013 04 20 13 50 45.465     159.7
22
 2013 04 20 10 01 53.516     2013 04 20 10 04 46.852     173.3
 2013 04 20 18 16 35.593     2013 04 20 18 19 12.148     156.6
23
 2013 04 20 05 02 27.383     2013 04 20 05 05  5.560     158.2
24
 2013 04 20 23 19 56.386     2013 04 20 23 19 58.198       1.8
25
 2013 04 20 09 47 29.474     2013 04 20 09 51  4.529     215.1
26
 2013 04 20 09 08 53.931     2013 04 20 09 11 30.489     156.6
 2013 04 20 19 09 30.761     2013 04 20 19 12 19.137     168.4
27
 2013 04 20 02 42 47.307     2013 04 20 02 45 57.174     189.9
28
 2013 04 20 10 52 36.365     2013 04 20 10 56   .560     204.2
 2013 04 20 12 30 16.565     2013 04 20 12 34  3.469     226.9
 2013 04 20 17 25 28.039     2013 04 20 17 28 21.000     173.0
29
 2013 04 20 17 27 40.091     2013 04 20 17 31 22.706     222.6
30
 2013 04 20 10 47 26.448     2013 04 20 10 48 15.639      49.2
 2013 04 20 20 42 18.066     2013 04 20 20 44 56.526     158.5
31
 2013 04 20 07 24 55.640     2013 04 20 07 27 42.238     166.6
32
33
 2013 04 20 06 50 10.606     2013 04 20 06 53 11.256     180.7
34
 2013 04 20 10 36 49.831     2013 04 20 10 39 48.539     178.7
 2013 04 20 22 24 40.728     2013 04 20 22 27 20.970     160.2
35
36
 2013 04 20 01 13 22.174     2013 04 20 01 16   .083     157.9
37
 2013 04 20 02 57 28.303     2013 04 20 03 00  6.308     158.0
 2013 04 20 11 12  1.908     2013 04 20 11 15  8.862     187.0
38
 2013 04 20 22 22 50.045     2013 04 20 22 26 15.170     205.1
39
 2013 04 20 07 36  1.775     2013 04 20 07 39  8.478     186.7
 2013 04 20 17 34 40.020     2013 04 20 17 34 56.257      16.2
40
 2013 04 20 05 51 11.603     2013 04 20 05 53 44.823     153.2
41
 2013 04 20 07 45 22.174     2013 04 20 07 48  4.927     162.8
 2013 04 20 12 40 12.053     2013 04 20 12 43 24.740     192.7
42
 2013 04 20 09 04 56.216     2013 04 20 09 08  7.747     191.5
43
 2013 04 20 06 56 33.472     2013 04 20 06 59 55.579     202.1
 2013 04 20 13 31 18.057     2013 04 20 13 34  5.343     167.3
44
 2013 04 20 13 16 16.484     2013 04 20 13 19 25.675     189.2
 2013 04 20 18 11 35.921     2013 04 20 18 14 30.659     174.7
45
 2013 04 20 09 10 29.465     2013 04 20 09 13 26.696     177.2
 2013 04 20 19 09  8.676     2013 04 20 19 10 13.744      65.1
46
 2013 04 20 04 56 49.415     2013 04 20 04 59 30.849     161.4
47
 2013 04 20 05 02 22.148     2013 04 20 05 04 54.083     151.9
48
 2013 04 20 17 31 43.747     2013 04 20 17 34 31.428     167.7
49
 2013 04 20 10 42 37.154     2013 04 20 10 45 14.663     157.5
 2013 04 20 20 43 47.933     2013 04 20 20 47 28.887     221.0
50
 2013 04 20 02 08 59.828     2013 04 20 02 11 52.925     173.1
 2013 04 20 10 25 37.295     2013 04 20 10 28 13.369     156.1
51
 2013 04 20 14 46 22.215     2013 04 20 14 49  4.069     161.9
 2013 04 20 22 59 31.799     2013 04 20 23 03  9.777     218.0
52
 2013 04 20 02 29 52.227     2013 04 20 02 32 37.163     164.9
 2013 04 20 19 31 22.438     2013 04 20 19 34 27.813     185.4
53
 2013 04 20 17 54 57.061     2013 04 20 17 58 17.408     200.3
54
 2013 04 20 05 04 39.889     2013 04 20 05 07 11.467     151.6
55
 2013 04 20 02 12 40.406     2013 04 20 02 16 16.697     216.3
 2013 04 20 08 48  6.296     2013 04 20 08 50 42.056     155.8
56
 2013 04 20 15 35 13.146     2013 04 20 15 35 53.006      39.9
 2013 04 20 22 11 18.456     2013 04 20 22 13 53.770     155.3
57
 2013 04 20 13 15  4.642     2013 04 20 13 15 36.703      32.1
 2013 04 20 19 49  5.116     2013 04 20 19 49 45.235      40.1
58
59
 2013 04 20 18 38 47.226     2013 04 20 18 41 22.059     154.8
60
 2013 04 20 09 46 28.946     2013 04 20 09 49  2.298     153.4
61
 2013 04 20 17 37 38.862     2013 04 20 17 40  9.218     150.4
62
 2013 04 20 11 29 45.681     2013 04 20 11 32 26.132     160.5
 2013 04 20 21 33 30.003     2013 04 20 21 34 40.492      70.5
63
 2013 04 20 11 28 41.919     2013 04 20 11 29 13.466      31.5
 2013 04 20 21 33   .925     2013 04 20 21 36 18.192     197.3
64
 2013 04 20 02 54 45.044     2013 04 20 02 57 39.291     174.2
65
 2013 04 20 05 01 37.162     2013 04 20 05 04 19.740     162.6
66
 2013 04 20 05 04 30.454     2013 04 20 05 07   .256     149.8
67
 2013 04 20 06 37 43.123     2013 04 20 06 40 36.010     172.9
68
 2013 04 20 11 38 24.193     2013 04 20 11 40 58.717     154.5
 2013 04 20 18 12 45.948     2013 04 20 18 13 10.168      24.2
69
 2013 04 20 03 43 12.522     2013 04 20 03 46 12.312     179.8
 2013 04 20 11 58 37.306     2013 04 20 12 01 30.669     173.4
70
 2013 04 20 09 50 10.247     2013 04 20 09 51 37.815      87.6
 2013 04 20 21 38 13.961     2013 04 20 21 39 33.593      79.6
71
 2013 04 20 09 52 29.057     2013 04 20 09 55  2.280     153.2
72
 2013 04 20 13 10 51.326     2013 04 20 13 13 24.680     153.4
 2013 04 20 21 26  4.290     2013 04 20 21 28 40.057     155.8
73
 2013 04 20 13 55 37.460     2013 04 20 13 58 11.841     154.4
74
 2013 04 20 07 42  8.649     2013 04 20 07 44 47.367     158.7
 2013 04 20 14 20 58.693     2013 04 20 14 21  2.545       3.9
75
76
 2013 04 20 05 24 20.975     2013 04 20 05 27  9.127     168.2
 2013 04 20 10 19 13.072     2013 04 20 10 21 52.262     159.2
77
 2013 04 20 18 18 59.511     2013 04 20 18 22 15.579     196.1
78
 2013 04 20 06 48 20.109     2013 04 20 06 50 51.530     151.4
 2013 04 20 16 47 30.511     2013 04 20 16 50 15.043     164.5
79
 2013 04 20 01 47 24.505     2013 04 20 01 49 57.745     153.2
80
 2013 04 20 01 07 49.067     2013 04 20 01 10 31.421     162.4
81
 2013 04 20 18 27 12.161     2013 04 20 18 27 58.617      46.5
82
 2013 04 20 06 03  9.890     2013 04 20 06 03 22.129      12.2
 2013 04 20 14 25   .266     2013 04 20 14 26  9.322      69.1
83
 2013 04 20 04 18  9.976     2013 04 20 04 21 47.218     217.2
 2013 04 20 16 08 53.017     2013 04 20 16 11 23.505     150.5
84
 2013 04 20 17 45 42.966     2013 04 20 17 48 34.519     171.6
85
 2013 04 20 10 36  9.057     2013 04 20 10 36 40.181      31.1
86
 2013 04 20 15 30 21.645     2013 04 20 15 33 51.090     209.4
87
 2013 04 20 13 58  8.768     2013 04 20 13 58 34.392      25.6
88
 2013 04 20 09 10 38.884     2013 04 20 09 13 34.506     175.6
 2013 04 20 19 08  8.045     2013 04 20 19 11 21.284     193.2
89
 2013 04 20 06 50 37.748     2013 04 20 06 53 10.536     152.8
90
 2013 04 20 03 24 11.110     2013 04 20 03 26 42.629     151.5
 2013 04 20 17 01 45.063     2013 04 20 17 04 57.468     192.4
91
 2013 04 20 12 08 13.222     2013 04 20 12 10 46.698     153.5
92
93
 2013 04 20 14 45 16.713     2013 04 20 14 48   .073     163.4
 2013 04 20 23 01  3.516     2013 04 20 23 03 42.240     158.7
94
 2013 04 20 04 56 50.155     2013 04 20 04 59 56.988     186.8
95
 2013 04 20 10 37  1.792     2013 04 20 10 37 15.669      13.9
 2013 04 20 22 25 48.032     2013 04 20 22 27 14.729      86.7
96
 2013 04 20 01 23   .111     2013 04 20 01 25 49.811     169.7
 2013 04 20 09 36 49.418     2013 04 20 09 39 53.466     184.0
97
 2013 04 20 05 46 43.150     2013 04 20 05 49 17.510     154.4
 2013 04 20 19 23 25.140     2013 04 20 19 25 56.787     151.6
98
 2013 04 20 02 09 39.751     2013 04 20 02 12 46.335     186.6
 2013 04 20 10 23 59.604     2013 04 20 10 26 41.014     161.4
99
 2013 04 20 03 39 35.921     2013 04 20 03 40 39.718      63.8
100
 2013 04 20 09 19 12.463     2013 04 20 09 22  4.742     172.3
 2013 04 20 10 56 34.632     2013 04 20 10 57 10.863      36.2
 2013 04 20 14 13 34.201     2013 04 20 14 16 53.798     199.6
 2013 04 20 15 51  2.356     2013 04 20 15 52  6.859      64.5
101
 2013 04 20 15 11 34.004     2013 04 20 15 15  9.294     215.3
102
 2013 04 20 09 05 31.095     2013 04 20 09 05 57.231      26.1
103
 2013 04 20 16 09 31.581     2013 04 20 16 12  8.961     157.4
104
 2013 04 20 12 01 16.331     2013 04 20 12 04 54.862     218.5
105
 2013 04 20 00 37 59.759     2013 04 20 00 40 45.339     165.6
 2013 04 20 07 11 54.776     2013 04 20 07 14 36.915     162.1
106
 2013 04 20 03 18 15.632     2013 04 20 03 21 10.833     175.2
107
 2013 04 20 00 08 42.903     2013 04 20 00 11 18.987     156.1
 2013 04 20 17 10  6.336     2013 04 20 17 13 44.632     218.3
 2013 04 20 23 45 34.821     2013 04 20 23 48  8.743     153.9
108
109
 2013 04 20 03 41 36.649     2013 04 20 03 44 30.166     173.5
110
 2013 04 20 13 36  1.706     2013 04 20 13 39 12.464     190.8
111
112
 2013 04 20 09 51 36.927     2013 04 20 09 54 21.045     164.1
113
 2013 04 20 14 47 46.335     2013 04 20 14 50 38.184     171.8
 2013 04 20 21 22 51.163     2013 04 20 21 26  2.649     191.5
114
 2013 04 20 22 15  5.482     2013 04 20 22 17 51.842     166.4
115
 2013 04 20 13 02 50.307     2013 04 20 13 03 24.330      34.0
 2013 04 20 23 07 23.753     2013 04 20 23 11  7.223     223.5
116
 2013 04 20 13 42 37.695     2013 04 20 13 45 40.459     182.8
117
118
 2013 04 20 08 24 37.623     2013 04 20 08 27 33.385     175.8
119
 2013 04 20 16 10 58.744     2013 04 20 16 13 29.827     151.1
120
 2013 04 20 01 39 26.446     2013 04 20 01 42 25.638     179.2
 2013 04 20 20 21 12.753     2013 04 20 20 24  3.576     170.8
121
 2013 04 20 00 22 23.632     2013 04 20 00 25 41.288     197.7
 2013 04 20 12 10 18.609     2013 04 20 12 13 22.468     183.9
122
 2013 04 20 16 22 23.381     2013 04 20 16 25 34.457     191.1
 2013 04 20 22 57 47.160     2013 04 20 23 00 39.688     172.5
123
 2013 04 20 01 48 11.307     2013 04 20 01 51 15.166     183.9
124
 2013 04 20 18 38 51.804     2013 04 20 18 41 41.264     169.5
125
 2013 04 20 04 14 29.318     2013 04 20 04 17 10.958     161.6
126
 2013 04 20 08 55 49.064     2013 04 20 08 58 25.964     156.9
 2013 04 20 22 31 57.084     2013 04 20 22 34 28.353     151.3
127
 2013 04 20 03 19 58.329     2013 04 20 03 22 30.960     152.6
 2013 04 20 18 41 13.208     2013 04 20 18 43 48.624     155.4
128
 2013 04 20 05 04 35.320     2013 04 20 05 07 20.119     164.8
 2013 04 20 16 55 32.309     2013 04 20 16 59 14.658     222.3
129
 2013 04 20 02 13 47.968     2013 04 20 02 16 22.270     154.3
 2013 04 20 08 46 48.593     2013 04 20 08 49 58.686     190.1
130
 2013 04 20 02 52 55.698     2013 04 20 02 55 54.441     178.7
 2013 04 20 12 50  4.053     2013 04 20 12 53 28.125     204.1
131
132
133
 2013 04 20 06 49 11.498     2013 04 20 06 52  9.905     178.4
134
 2013 04 20 19 24 26.063     2013 04 20 19 24 53.309      27.2
135
136
137
 2013 04 20 02 07 54.711     2013 04 20 02 08 24.530      29.8
 2013 04 20 10 23 20.766     2013 04 20 10 26 53.758     213.0
138
 2013 04 20 11 31  2.045     2013 04 20 11 33 33.535     151.5
 2013 04 20 21 31 28.177     2013 04 20 21 34  2.146     154.0
139
 2013 04 20 02 50 54.842     2013 04 20 02 54 40.677     225.8
 2013 04 20 12 50 27.893     2013 04 20 12 53 17.639     169.7
140
 2013 04 20 20 52 43.784     2013 04 20 20 52 57.225      13.4
141
 2013 04 20 01 18 16.085     2013 04 20 01 21 53.585     217.5
 2013 04 20 11 15  8.907     2013 04 20 11 18 26.085     197.2
142
 2013 04 20 09 59 33.352     2013 04 20 10 02 34.552     181.2
143
144
145
 2013 04 20 03 00 16.468     2013 04 20 03 03   .508     164.0
 2013 04 20 09 33 50.342     2013 04 20 09 36 26.152     155.8
146
147
 2013 04 20 00 14 59.955     2013 04 20 00 17 31.315     151.4
 2013 04 20 13 52 43.066     2013 04 20 13 56 15.670     212.6
148
 2013 04 20 01 44 13.698     2013 04 20 01 47  1.842     168.1
 2013 04 20 17 06 58.753     2013 04 20 17 10 32.367     213.6
149
 2013 04 20 10 51  4.758     2013 04 20 10 54 33.570     208.8
 2013 04 20 17 26 56.488     2013 04 20 17 30 33.069     216.6
150
 2013 04 20 10 38 40.263     2013 04 20 10 40  8.843      88.6
151
 2013 04 20 12 00 51.591     2013 04 20 12 04 17.853     206.3
152
 2013 04 20 10 38 58.782     2013 04 20 10 41 32.156     153.4
 2013 04 20 22 23 38.116     2013 04 20 22 23 55.833      17.7
153
 2013 04 20 19 07  3.881     2013 04 20 19 09 43.978     160.1
154
 2013 04 20 10 55 32.594     2013 04 20 10 58 36.043     183.4
 2013 04 20 15 50 23.551     2013 04 20 15 53  1.610     158.1
155
 2013 04 20 00 07 34.358     2013 04 20 00 10  8.283     153.9
 2013 04 20 17 10 16.574     2013 04 20 17 12 52.179     155.6
 2013 04 20 23 44 24.545     2013 04 20 23 46 59.578     155.0
156
 2013 04 20 16 22 24.298     2013 04 20 16 25 13.083     168.8
 2013 04 20 22 57 22.298     2013 04 20 23 00 23.006     180.7
157
 2013 04 20 02 03 38.370     2013 04 20 02 06 32.085     173.7
 2013 04 20 12 05 21.426     2013 04 20 12 07 57.581     156.2
158
 2013 04 20 02 31  7.388     2013 04 20 02 34 47.959     220.6
 2013 04 20 17 55   .651     2013 04 20 17 58 11.512     190.9
159
 2013 04 20 11 57 14.360     2013 04 20 12 00 15.578     181.2
160
 2013 04 20 08 31 54.892     2013 04 20 08 34 31.673     156.8
 2013 04 20 13 30 25.643     2013 04 20 13 30 38.147      12.5
 2013 04 20 15 04 42.489     2013 04 20 15 08 13.374     210.9
161
 2013 04 20 18 31 17.267     2013 04 20 18 34 56.328     219.1
162
 2013 04 20 05 03 55.903     2013 04 20 05 07 21.123     205.2
 2013 04 20 16 56 13.200     2013 04 20 16 59 54.193     221.0
163
 2013 04 20 17 45 28.481     2013 04 20 17 49  7.994     219.5
164
 2013 04 20 02 31 10.378     2013 04 20 02 31 15.416       5.0
 2013 04 20 17 55 27.664     2013 04 20 17 58 14.933     167.3
165
 2013 04 20 03 17 17.389     2013 04 20 03 19 51.272     153.9
 2013 04 20 20 19  6.608     2013 04 20 20 22 14.071     187.5
166
167
 2013 04 20 02 45 48.274     2013 04 20 02 49   .323     192.0
 2013 04 20 14 31 24.238     2013 04 20 14 34 14.411     170.2
168
169
 2013 04 20 21 40 10.965     2013 04 20 21 43 51.197     220.2
170
 2013 04 20 03 46 55.243     2013 04 20 03 50 36.834     221.6
 2013 04 20 10 22 36.106     2013 04 20 10 25 12.044     155.9
171
 2013 04 20 10 50 59.511     2013 04 20 10 54 26.660     207.1
 2013 04 20 17 24 59.513     2013 04 20 17 28 21.125     201.6
172
 2013 04 20 04 06  5.462     2013 04 20 04 09 20.889     195.4
 2013 04 20 19 29 16.325     2013 04 20 19 32 10.793     174.5
173
174
 2013 04 20 00 30 27.304     2013 04 20 00 33  5.716     158.4
 2013 04 20 10 29 57.824     2013 04 20 10 32 54.964     177.1
175
176
 2013 04 20 01 11 44.483     2013 04 20 01 15 11.242     206.8
 2013 04 20 12 56 18.420     2013 04 20 12 59 33.433     195.0
177
 2013 04 20 22 24  2.933     2013 04 20 22 24 26.086      23.2
178
179
180
181
 2013 04 20 13 39 55.791     2013 04 20 13 40 31.207      35.4
182
 2013 04 20 05 22 59.292     2013 04 20 05 23 11.481      12.2
 2013 04 20 10 19  5.196     2013 04 20 10 19 49.034      43.8
183
 2013 04 20 06 27 52.274     2013 04 20 06 31  3.115     190.8
 2013 04 20 21 50 56.824     2013 04 20 21 53 52.812     176.0
184
 2013 04 20 08 14 58.857     2013 04 20 08 17 45.953     167.1
 2013 04 20 20 03  8.640     2013 04 20 20 05 58.830     170.2
185
 2013 04 20 05 59 13.404     2013 04 20 05 59 22.516       9.1
 2013 04 20 17 38 59.533     2013 04 20 17 42 24.390     204.9
186
187
 2013 04 20 08 06  6.053     2013 04 20 08 09 34.164     208.1
 2013 04 20 21 48 56.296     2013 04 20 21 50  4.781      68.5
188
 2013 04 20 10 53 39.863     2013 04 20 10 55 14.096      94.2
 2013 04 20 15 49 34.948     2013 04 20 15 49 55.868      20.9
189
 2013 04 20 04 00 29.120     2013 04 20 04 04  9.218     220.1
 2013 04 20 22 42 21.970     2013 04 20 22 45  8.953     167.0
190
 2013 04 20 00 24 40.198     2013 04 20 00 28  2.188     202.0
191
 2013 04 20 02 03 53.976     2013 04 20 02 07 16.144     202.2
 2013 04 20 12 05 27.940     2013 04 20 12 08  8.878     160.9
192
193
 2013 04 20 09 06  3.042     2013 04 20 09 08 41.190     158.1
194
 2013 04 20 01 11 44.269     2013 04 20 01 14 39.533     175.3
195
 2013 04 20 00 21   .069     2013 04 20 00 23 33.074     153.0
196
 2013 04 20 01 15 23.855     2013 04 20 01 18 28.150     184.3
197
 2013 04 20 12 16 34.062     2013 04 20 12 19 13.895     159.8
198
 2013 04 20 13 13 14.339     2013 04 20 13 13 54.271      39.9
 2013 04 20 19 49 26.228     2013 04 20 19 52 12.545     166.3
199
 2013 04 20 09 08 54.996     2013 04 20 09 11 28.720     153.7
 2013 04 20 19 09 45.708     2013 04 20 19 12 29.491     163.8
200
 2013 04 20 13 10 32.374     2013 04 20 13 13 17.282     164.9
 2013 04 20 21 26 42.400     2013 04 20 21 29 17.096     154.7
201
 2013 04 20 13 07  6.205     2013 04 20 13 09 43.780     157.6
 2013 04 20 23 04 43.164     2013 04 20 23 05  5.776      22.6
202
 2013 04 20 07 30  5.859     2013 04 20 07 33 11.053     185.2
 2013 04 20 19 13 57.679     2013 04 20 19 14 54.428      56.7
203
 2013 04 20 05 39  6.011     2013 04 20 05 42 18.032     192.0
 2013 04 20 22 39 30.114     2013 04 20 22 40 18.236      48.1
204
 2013 04 20 04 29 54.616     2013 04 20 04 33 25.203     210.6
 2013 04 20 12 45 23.144     2013 04 20 12 48 39.959     196.8
205
206
 2013 04 20 09 43 27.713     2013 04 20 09 46 28.380     180.7
 2013 04 20 23 18 24.714     2013 04 20 23 21   .519     155.8
207
 2013 04 20 13 42 30.612     2013 04 20 13 45 37.227     186.6
208
209
 2013 04 20 09 59 57.438     2013 04 20 10 03 14.121     196.7
210
 2013 04 20 15 29  9.734     2013 04 20 15 32 20.539     190.8
211
 2013 04 20 06 57 47.544     2013 04 20 07 01 36.502     229.0
 2013 04 20 11 53 41.916     2013 04 20 11 57 12.021     210.1
212
 2013 04 20 19 14  2.422     2013 04 20 19 16 47.057     164.6
213
214
 2013 04 20 00 24 30.336     2013 04 20 00 27 46.027     195.7
215
 2013 04 20 07 29 24.268     2013 04 20 07 32 33.332     189.1
 2013 04 20 19 14 39.262     2013 04 20 19 17 40.543     181.3
216
 2013 04 20 07 40 25.321     2013 04 20 07 43 57.919     212.6
 2013 04 20 15 56 11.506     2013 04 20 15 59 31.709     200.2
217
 2013 04 20 02 27 29.006     2013 04 20 02 30 39.674     190.7
 2013 04 20 19 30 18.299     2013 04 20 19 30 29.394      11.1
 2013 04 20 21 08  3.198     2013 04 20 21 08  8.592       5.4
218
 2013 04 20 12 22 16.395     2013 04 20 12 25 17.082     180.7
 2013 04 20 20 39 37.735     2013 04 20 20 42 44.987     187.3
219
 2013 04 20 10 37 14.311     2013 04 20 10 37 59.942      45.6
 2013 04 20 22 25 36.287     2013 04 20 22 26 34.303      58.0
220
 2013 04 20 05 08 31.085     2013 04 20 05 11  3.800     152.7
 2013 04 20 16 52 42.049     2013 04 20 16 52 52.725      10.7
221
 2013 04 20 03 45 49.183     2013 04 20 03 49  4.773     195.6
 2013 04 20 10 19 49.687     2013 04 20 10 23 26.830     217.1
222
 2013 04 20 11 37 57.890     2013 04 20 11 38  2.127       4.2
 2013 04 20 18 14 31.531     2013 04 20 18 18 12.584     221.1
223
 2013 04 20 10 39 34.321     2013 04 20 10 42 26.856     172.5
224
 2013 04 20 04 14  8.761     2013 04 20 04 14 38.850      30.1
225
 2013 04 20 16 02 33.171     2013 04 20 16 05  9.623     156.5
226
 2013 04 20 17 03 28.441     2013 04 20 17 06 37.831     189.4
227
 2013 04 20 02 01 44.953     2013 04 20 02 02 22.920      38.0
228
 2013 04 20 17 48  6.041     2013 04 20 17 48 44.539      38.5
229
 2013 04 20 10 35  8.109     2013 04 20 10 37 52.696     164.6
230
231
 2013 04 20 03 34 46.940     2013 04 20 03 37 56.661     189.7
232
 2013 04 20 02 13 16.157     2013 04 20 02 16 20.264     184.1
 2013 04 20 03 50 40.825     2013 04 20 03 50 51.835      11.0
 2013 04 20 08 46  4.568     2013 04 20 08 49  2.379     177.8
233
234
 2013 04 20 23 26 29.233     2013 04 20 23 29 22.389     173.2
235
236
 2013 04 20 02 57 23.436     2013 04 20 02 59 59.200     155.8
 2013 04 20 11 11 59.902     2013 04 20 11 14 58.358     178.5
237
 2013 04 20 14 29 22.817     2013 04 20 14 30 11.503      48.7
238
 2013 04 20 04 25 16.108     2013 04 20 04 28  5.078     169.0
 2013 04 20 14 25 44.303     2013 04 20 14 28 48.745     184.4
239
 2013 04 20 05 57   .743     2013 04 20 05 59 34.162     153.4
240
 2013 04 20 15 58  7.249     2013 04 20 16 01 26.378     199.1
241
 2013 04 20 05 11 49.765     2013 04 20 05 14 27.269     157.5
 2013 04 20 15 13 54.154     2013 04 20 15 17 25.088     210.9
242
 2013 04 20 04 11 26.484     2013 04 20 04 14 43.808     197.3
 2013 04 20 17 47 47.442     2013 04 20 17 51  1.675     194.2
243
 2013 04 20 18 39  4.148     2013 04 20 18 41 45.842     161.7
244
 2013 04 20 00 26 26.041     2013 04 20 00 29  9.372     163.3
245
 2013 04 20 12 22  6.872     2013 04 20 12 25 51.323     224.5
 2013 04 20 20 40 16.437     2013 04 20 20 43  3.967     167.5
246
247
 2013 04 20 06 05 51.631     2013 04 20 06 08 27.421     155.8
 2013 04 20 14 20 58.934     2013 04 20 14 23 34.442     155.5
248
 2013 04 20 03 45 13.869     2013 04 20 03 48 32.887     199.0
 2013 04 20 11 57 21.509     2013 04 20 11 57 32.240      10.7
249
 2013 04 20 10 45 15.299     2013 04 20 10 45 26.655      11.4
250
 2013 04 20 11 37 43.401     2013 04 20 11 40 16.694     153.3
 2013 04 20 19 50 41.728     2013 04 20 19 51  7.602      25.9
251
 2013 04 20 16 23  8.947     2013 04 20 16 26 26.977     198.0
 2013 04 20 18 00 43.249     2013 04 20 18 01 45.282      62.0
 2013 04 20 22 56  8.821     2013 04 20 22 58 56.771     168.0
252
 2013 04 20 04 19 13.107     2013 04 20 04 22 33.775     200.7
 2013 04 20 16 06 24.128     2013 04 20 16 08 56.857     152.7
253
 2013 04 20 20 55 21.278     2013 04 20 20 58 15.785     174.5
254
255
256
 2013 04 20 00 41 11.045     2013 04 20 00 44 17.393     186.3
 2013 04 20 05 36 16.279     2013 04 20 05 38 52.144     155.9
257
 2013 04 20 09 15 48.457     2013 04 20 09 19 18.378     209.9
 2013 04 20 17 27 56.093     2013 04 20 17 28  5.006       8.9
258
 2013 04 20 09 08  7.622     2013 04 20 09 11 48.490     220.9
 2013 04 20 19 08 16.288     2013 04 20 19 11 51.879     215.6
259
 2013 04 20 13 15 57.261     2013 04 20 13 18 33.904     156.6
 2013 04 20 18 10 38.017     2013 04 20 18 13 50.619     192.6
260
 2013 04 20 09 12  5.914     2013 04 20 09 14 41.607     155.7
261
262
 2013 04 20 02 59 25.046     2013 04 20 03 02 13.647     168.6
 2013 04 20 09 33 28.585     2013 04 20 09 36 23.444     174.9
263
 2013 04 20 18 36 50.498     2013 04 20 18 36 54.660       4.2
264
 2013 04 20 17 44 16.214     2013 04 20 17 47 30.559     194.3
265
 2013 04 20 04 53 21.098     2013 04 20 04 56 26.967     185.9
 2013 04 20 20 14 33.702     2013 04 20 20 18   .603     206.9
266
267
 2013 04 20 02 30 40.166     2013 04 20 02 33 24.090     163.9
268
 2013 04 20 06 01 29.303     2013 04 20 06 04  5.890     156.6
 2013 04 20 16 00 10.568     2013 04 20 16 03 24.433     193.9
269
 2013 04 20 01 10 25.077     2013 04 20 01 13 37.708     192.6
 2013 04 20 12 58 58.056     2013 04 20 13 01 57.305     179.2
270
 2013 04 20 05 55  9.611     2013 04 20 05 58 17.320     187.7
271
 2013 04 20 19 06 57.182     2013 04 20 19 09 42.737     165.6
272
 2013 04 20 01 50 12.917     2013 04 20 01 50 15.704       2.8
 2013 04 20 17 04 34.996     2013 04 20 17 07 54.405     199.4
273
 2013 04 20 08 24 54.587     2013 04 20 08 27 43.080     168.5
274
 2013 04 20 05 02 47.289     2013 04 20 05 05 46.385     179.1
275
 2013 04 20 23 08 43.550     2013 04 20 23 11 56.417     192.9
276
 2013 04 20 15 27 38.511     2013 04 20 15 27 55.637      17.1
277
 2013 04 20 16 11  1.667     2013 04 20 16 14 25.187     203.5
278
 2013 04 20 00 32 26.302     2013 04 20 00 35 46.204     199.9
279
 2013 04 20 03 44 48.325     2013 04 20 03 45 39.701      51.4
280
 2013 04 20 04 03 23.579     2013 04 20 04 06 14.679     171.1
 2013 04 20 21 05 52.729     2013 04 20 21 08 26.870     154.1
281
 2013 04 20 10 04 11.235     2013 04 20 10 04 47.249      36.0
 2013 04 20 11 42  1.947     2013 04 20 11 45 50.740     228.8
 2013 04 20 16 37 53.437     2013 04 20 16 40 33.825     160.4
282
 2013 04 20 19 14 15.568     2013 04 20 19 17 31.492     195.9
283
 2013 04 20 15 10 22.420     2013 04 20 15 13 21.199     178.8
284
 2013 04 20 02 29 33.224     2013 04 20 02 33 10.641     217.4
 2013 04 20 19 30 32.113     2013 04 20 19 33 53.397     201.3
285
 2013 04 20 15 29 55.815     2013 04 20 15 33 29.933     214.1
286
 2013 04 20 06 32  5.715     2013 04 20 06 34 39.120     153.4
287
288
 2013 04 20 01 37 59.889     2013 04 20 01 41 32.730     212.8
 2013 04 20 03 15 39.609     2013 04 20 03 17 28.974     109.4
 2013 04 20 20 20 24.006     2013 04 20 20 23  6.752     162.7
289
 2013 04 20 05 12  5.102     2013 04 20 05 14 52.547     167.4
 2013 04 20 15 12 48.430     2013 04 20 15 16 27.309     218.9
290
 2013 04 20 10 39 45.409     2013 04 20 10 42 27.743     162.3
291
 2013 04 20 08 31  4.379     2013 04 20 08 33 42.074     157.7
 2013 04 20 15 04 32.879     2013 04 20 15 07 13.657     160.8
292
 2013 04 20 04 15 39.740     2013 04 20 04 18 50.840     191.1
293
 2013 04 20 03 45 47.219     2013 04 20 03 46 24.955      37.7
 2013 04 20 11 57 47.008     2013 04 20 12 01  7.626     200.6
294
295
 2013 04 20 19 13 13.736     2013 04 20 19 15 57.141     163.4
296
 2013 04 20 00 29 55.522     2013 04 20 00 32 28.294     152.8
 2013 04 20 10 29 51.614     2013 04 20 10 32 25.607     154.0
297
 2013 04 20 09 16 52.664     2013 04 20 09 20 14.071     201.4
 2013 04 20 15 50 49.184     2013 04 20 15 53 48.204     179.0
298
 2013 04 20 20 59 49.123     2013 04 20 21 02 46.929     177.8
299
 2013 04 20 01 23 40.902     2013 04 20 01 27  1.070     200.2
300
 2013 04 20 07 33 21.000     2013 04 20 07 35 54.580     153.6
 2013 04 20 17 38 47.356     2013 04 20 17 39  8.610      21.3
301
 2013 04 20 13 02  2.919     2013 04 20 13 02 20.092      17.2
302
 2013 04 20 05 18 23.728     2013 04 20 05 21 10.720     167.0
 2013 04 20 13 33 20.481     2013 04 20 13 35 55.583     155.1
303
 2013 04 20 02 47 51.791     2013 04 20 02 50 57.612     185.8
304
 2013 04 20 02 34 36.161     2013 04 20 02 38  3.858     207.7
305
 2013 04 20 10 48  6.055     2013 04 20 10 50 56.732     170.7
 2013 04 20 19 05  3.957     2013 04 20 19 07 58.999     175.0
306
 2013 04 20 01 04 45.785     2013 04 20 01 07 33.435     167.6
 2013 04 20 14 39  3.789     2013 04 20 14 39 38.155      34.4
307
 2013 04 20 20 55 31.822     2013 04 20 20 58 53.413     201.6
308
 2013 04 20 01 18  1.892     2013 04 20 01 21 16.138     194.2
 2013 04 20 11 16 56.882     2013 04 20 11 17 20.498      23.6
309
 2013 04 20 20 06 39.363     2013 04 20 20 09 49.452     190.1
310
 2013 04 20 20 41  8.709     2013 04 20 20 43 42.290     153.6
311
 2013 04 20 00 20 40.797     2013 04 20 00 23 12.981     152.2
312
313
 2013 04 20 14 01 37.665     2013 04 20 14 04 31.131     173.5
 2013 04 20 20 36  4.328     2013 04 20 20 38 40.949     156.6
314
 2013 04 20 03 24  6.383     2013 04 20 03 26 40.362     154.0
 2013 04 20 17 01 54.567     2013 04 20 17 05  6.548     192.0
315
 2013 04 20 01 23 26.947     2013 04 20 01 27  4.407     217.5
 2013 04 20 09 35 30.205     2013 04 20 09 35 34.003       3.8
316
 2013 04 20 01 07 59.887     2013 04 20 01 11 40.737     220.9
 2013 04 20 13 00 17.019     2013 04 20 13 03 23.502     186.5
317
318
 2013 04 20 05 57 10.509     2013 04 20 05 59 47.486     157.0
319
320
 2013 04 20 03 20 31.270     2013 04 20 03 23  4.230     153.0
 2013 04 20 18 40 54.079     2013 04 20 18 43 37.638     163.6
321
 2013 04 20 11 32 36.728     2013 04 20 11 35  8.030     151.3
 2013 04 20 21 30  7.425     2013 04 20 21 33 52.436     225.0
322
 2013 04 20 01 03 51.230     2013 04 20 01 06 30.748     159.5
 2013 04 20 14 39 22.077     2013 04 20 14 41 55.118     153.0
323
324
 2013 04 20 05 07 26.179     2013 04 20 05 10 16.561     170.4
 2013 04 20 16 53 28.313     2013 04 20 16 56 17.282     169.0
325
 2013 04 20 06 33 16.758     2013 04 20 06 35 48.649     151.9
 2013 04 20 20 10 26.451     2013 04 20 20 13 34.525     188.1
326
 2013 04 20 04 29 50.928     2013 04 20 04 32 34.585     163.7
 2013 04 20 12 46 50.220     2013 04 20 12 50 21.910     211.7
327
 2013 04 20 03 18 22.113     2013 04 20 03 21  3.740     161.6
328
 2013 04 20 05 44 25.815     2013 04 20 05 47 52.322     206.5
 2013 04 20 19 27 13.374     2013 04 20 19 28 16.675      63.3
329
 2013 04 20 21 35 42.723     2013 04 20 21 38 51.174     188.5
330
 2013 04 20 04 06 32.817     2013 04 20 04 09 34.997     182.2
 2013 04 20 19 29  9.476     2013 04 20 19 31 48.724     159.2
331
 2013 04 20 04 13 26.642     2013 04 20 04 16 32.614     186.0
 2013 04 20 17 48 16.944     2013 04 20 17 48 40.247      23.3
332
 2013 04 20 22 15 23.905     2013 04 20 22 18 13.128     169.2
333
 2013 04 20 05 44 52.718     2013 04 20 05 45 31.168      38.5
 2013 04 20 21 01 21.125     2013 04 20 21 03 54.988     153.9
334
 2013 04 20 00 12 17.530     2013 04 20 00 14 51.743     154.2
 2013 04 20 15 31 41.078     2013 04 20 15 35 18.250     217.2
335
336
 2013 04 20 18 26 54.240     2013 04 20 18 29 33.537     159.3
337
 2013 04 20 06 30 39.276     2013 04 20 06 33 28.566     169.3
338
339
 2013 04 20 01 08 44.224     2013 04 20 01 11 20.096     155.9
 2013 04 20 13 01 50.960     2013 04 20 13 02 22.854      31.9
340
 2013 04 20 09 03 14.458     2013 04 20 09 05 49.265     154.8
 2013 04 20 20 50 23.629     2013 04 20 20 53  1.218     157.6
341
 2013 04 20 04 17 20.947     2013 04 20 04 20  5.619     164.7
 2013 04 20 16 08 14.208     2013 04 20 16 08 27.801      13.6
342
 2013 04 20 03 40 25.760     2013 04 20 03 43  1.400     155.6
 2013 04 20 13 37 25.343     2013 04 20 13 39  6.163     100.8
343
 2013 04 20 15 15 42.192     2013 04 20 15 18 22.540     160.3
344
 2013 04 20 12 49 41.979     2013 04 20 12 52 15.346     153.4
345
 2013 04 20 05 17 32.215     2013 04 20 05 20 26.927     174.7
 2013 04 20 13 33  6.514     2013 04 20 13 36 10.337     183.8
346
 2013 04 20 05 47 30.446     2013 04 20 05 50 29.742     179.3
 2013 04 20 19 23 11.533     2013 04 20 19 26 30.903     199.4
347
348
349
 2013 04 20 05 43   .705     2013 04 20 05 46 30.798     210.1
 2013 04 20 21 00 39.956     2013 04 20 21 00 52.545      12.6
350
 2013 04 20 04 31 59.028     2013 04 20 04 34 34.353     155.3
 2013 04 20 12 46 13.742     2013 04 20 12 49 18.880     185.1
351
 2013 04 20 13 02  7.992     2013 04 20 13 04 55.001     167.0
352
 2013 04 20 02 56 40.363     2013 04 20 02 59 31.412     171.0
 2013 04 20 11 12 44.514     2013 04 20 11 15 19.494     155.0
353
 2013 04 20 08 54 48.518     2013 04 20 08 57 26.230     157.7
 2013 04 20 22 32 36.081     2013 04 20 22 35 36.412     180.3
354
 2013 04 20 02 33 12.228     2013 04 20 02 33 25.409      13.2
 2013 04 20 17 54 26.389     2013 04 20 17 54 52.761      26.4
355
 2013 04 20 01 14  7.477     2013 04 20 01 17  7.337     179.9
356
 2013 04 20 16 17 11.068     2013 04 20 16 19 42.925     151.9
357
 2013 04 20 22 38 10.796     2013 04 20 22 38 35.880      25.1
358
 2013 04 20 03 38 57.105     2013 04 20 03 39 10.171      13.1
359
 2013 04 20 04 21 20.239     2013 04 20 04 24 25.360     185.1
360
 2013 04 20 03 35 43.971     2013 04 20 03 38 48.811     184.8
361
 2013 04 20 01 46 55.784     2013 04 20 01 49 49.246     173.5
 2013 04 20 17 05  7.553     2013 04 20 17 06 39.361      91.8
362
 2013 04 20 09 59 31.032     2013 04 20 10 02 46.094     195.1
363
 2013 04 20 12 18 14.490     2013 04 20 12 21 32.447     198.0
 2013 04 20 22 17 33.985     2013 04 20 22 20  7.591     153.6
364
 2013 04 20 19 19 18.103     2013 04 20 19 22 36.275     198.2
365
 2013 04 20 06 39 44.537     2013 04 20 06 42 29.896     165.4
 2013 04 20 18 30  3.497     2013 04 20 18 32 59.236     175.7
366
 2013 04 20 19 14 31.265     2013 04 20 19 17  1.426     150.2
367
368
 2013 04 20 12 13 51.436     2013 04 20 12 17  7.104     195.7
369
 2013 04 20 15 36 50.207     2013 04 20 15 39 26.269     156.1
 2013 04 20 22 09 48.816     2013 04 20 22 13  1.819     193.0
370
 2013 04 20 20 12 47.752     2013 04 20 20 16  1.135     193.4
371
 2013 04 20 07 25 49.187     2013 04 20 07 28 25.879     156.7
372
 2013 04 20 16 49 58.458     2013 04 20 16 53  2.126     183.7
373
 2013 04 20 02 04 51.251     2013 04 20 02 07 47.105     175.9
 2013 04 20 12 03 31.774     2013 04 20 12 06 11.035     159.3
374
 2013 04 20 01 47 16.941     2013 04 20 01 50 41.489     204.5
375
 2013 04 20 14 27 53.719     2013 04 20 14 31 16.439     202.7
376
 2013 04 20 14 22 34.954     2013 04 20 14 25 44.878     189.9
377
 2013 04 20 04 06 51.944     2013 04 20 04 09 27.927     156.0
 2013 04 20 19 28 32.491     2013 04 20 19 31 12.090     159.6
378
 2013 04 20 01 15 52.736     2013 04 20 01 18 37.099     164.4
 2013 04 20 11 17 55.977     2013 04 20 11 21  2.394     186.4
379
 2013 04 20 05 22 28.173     2013 04 20 05 26  7.765     219.6
 2013 04 20 11 56 48.738     2013 04 20 12 00  9.749     201.0
380
 2013 04 20 07 21 13.456     2013 04 20 07 22 32.495      79.0
 2013 04 20 20 58 23.143     2013 04 20 21 01 41.572     198.4
381
 2013 04 20 06 50 36.554     2013 04 20 06 53 11.331     154.8
382
 2013 04 20 03 37 29.763     2013 04 20 03 40  4.067     154.3
 2013 04 20 13 38 39.535     2013 04 20 13 42 26.235     226.7
383
 2013 04 20 04 10 56.018     2013 04 20 04 13 37.385     161.4
 2013 04 20 17 51 43.497     2013 04 20 17 52 16.269      32.8
384
385
386
 2013 04 20 02 25 16.286     2013 04 20 02 26  5.316      49.0
 2013 04 20 04 03 15.596     2013 04 20 04 06 55.036     219.4
 2013 04 20 21 07 35.903     2013 04 20 21 10 10.196     154.3
387
 2013 04 20 14 01 55.961     2013 04 20 14 02 12.895      16.9
 2013 04 20 22 11 41.446     2013 04 20 22 14 35.434     174.0
388
 2013 04 20 07 31 20.150     2013 04 20 07 34  1.553     161.4
389
 2013 04 20 16 22 11.491     2013 04 20 16 25  1.272     169.8
 2013 04 20 22 56 14.435     2013 04 20 22 59 19.861     185.4
390
 2013 04 20 14 48  1.594     2013 04 20 14 51  4.550     183.0
 2013 04 20 21 21 49.526     2013 04 20 21 24 30.946     161.4
391
 2013 04 20 05 56 12.562     2013 04 20 05 59 35.955     203.4
392
 2013 04 20 14 41 39.010     2013 04 20 14 44 10.423     151.4
393
 2013 04 20 02 38 59.830     2013 04 20 02 41 57.736     177.9
 2013 04 20 16 12 54.661     2013 04 20 16 15 55.773     181.1
394
395
 2013 04 20 09 55 55.753     2013 04 20 09 58 36.483     160.7
 2013 04 20 19 57 27.548     2013 04 20 20 00 11.385     163.8
396
 2013 04 20 04 16  7.877     2013 04 20 04 18 50.830     163.0
397
 2013 04 20 07 38 20.313     2013 04 20 07 38 31.021      10.7
 2013 04 20 15 57  7.162     2013 04 20 16 00   .516     173.4
398
 2013 04 20 01 43 39.029     2013 04 20 01 46 32.284     173.3
399
 2013 04 20 03 34  5.884     2013 04 20 03 37  1.973     176.1
400
 2013 04 20 03 00 37.189     2013 04 20 03 03 23.521     166.3
 2013 04 20 09 34 38.500     2013 04 20 09 37 22.410     163.9
401
 2013 04 20 07 18 32.511     2013 04 20 07 22 20.023     227.5
 2013 04 20 21 02 28.566     2013 04 20 21 03  5.124      36.6
402
 2013 04 20 08 23 31.836     2013 04 20 08 26  9.479     157.6
 2013 04 20 18 21 31.669     2013 04 20 18 23  3.688      92.0
403
 2013 04 20 16 16 19.991     2013 04 20 16 17 19.574      59.6
404
 2013 04 20 08 57 30.111     2013 04 20 09 00  4.044     153.9
 2013 04 20 22 30 47.614     2013 04 20 22 30 56.487       8.9
405
 2013 04 20 06 25 40.405     2013 04 20 06 28 14.408     154.0
 2013 04 20 23 28 12.113     2013 04 20 23 30 51.107     159.0
406
 2013 04 20 09 09 19.894     2013 04 20 09 12 13.000     173.1
 2013 04 20 19 10 11.626     2013 04 20 19 12 46.254     154.6
407
 2013 04 20 11 35 48.180     2013 04 20 11 39 32.940     224.8
 2013 04 20 19 52 54.477     2013 04 20 19 55 37.026     162.5
408
 2013 04 20 10 49 57.135     2013 04 20 10 52 49.434     172.3
 2013 04 20 19 03 25.877     2013 04 20 19 06 42.855     197.0
409
 2013 04 20 01 09 51.709     2013 04 20 01 13 16.804     205.1
 2013 04 20 12 59 28.582     2013 04 20 13 02 10.007     161.4
410
 2013 04 20 02 39 46.811     2013 04 20 02 43  5.535     198.7
411
 2013 04 20 13 10 23.226     2013 04 20 13 13 35.215     192.0
 2013 04 20 21 25 18.840     2013 04 20 21 27 55.003     156.2
412
 2013 04 20 00 12 25.061     2013 04 20 00 15 53.579     208.5
413
 2013 04 20 12 06 52.488     2013 04 20 12 09 42.232     169.7
414
 2013 04 20 09 12 36.159     2013 04 20 09 16  4.632     208.5
415
416
417
 2013 04 20 06 37  9.720     2013 04 20 06 40 19.225     189.5
418
 2013 04 20 09 15 45.427     2013 04 20 09 18 28.428     163.0
 2013 04 20 17 28 57.703     2013 04 20 17 32 34.269     216.6
419
 2013 04 20 16 45 32.232     2013 04 20 16 48 11.581     159.3
420
 2013 04 20 20 12 43.603     2013 04 20 20 15 23.776     160.2
421
422
 2013 04 20 13 10 13.914     2013 04 20 13 13 39.082     205.2
 2013 04 20 21 27 15.398     2013 04 20 21 29 51.242     155.8
423
 2013 04 20 07 37 24.736     2013 04 20 07 40 36.845     192.1
424
 2013 04 20 06 08 10.139     2013 04 20 06 09  4.775      54.6
 2013 04 20 12 44 22.289     2013 04 20 12 47  6.957     164.7
425
 2013 04 20 04 32 20.862     2013 04 20 04 35  5.435     164.6
 2013 04 20 12 45 31.934     2013 04 20 12 49  7.824     215.9
426
 2013 04 20 09 19 45.607     2013 04 20 09 22 22.105     156.5
 2013 04 20 14 14 16.208     2013 04 20 14 17 22.017     185.8
427
 2013 04 20 11 31  1.239     2013 04 20 11 34 27.351     206.1
 2013 04 20 21 32   .512     2013 04 20 21 34 59.102     178.6
428
 2013 04 20 09 49 55.112     2013 04 20 09 52 25.231     150.1
 2013 04 20 21 38  2.769     2013 04 20 21 40 35.932     153.2
429
 2013 04 20 12 54 37.705     2013 04 20 12 57 27.788     170.1
430
 2013 04 20 05 44  3.612     2013 04 20 05 47 13.843     190.2
431
432
433
 2013 04 20 02 34  6.579     2013 04 20 02 36 41.604     155.0
 2013 04 20 17 52 59.970     2013 04 20 17 56 43.798     223.8
434
435
 2013 04 20 10 39 37.856     2013 04 20 10 42 11.050     153.2
436
437
 2013 04 20 00 37 13.574     2013 04 20 00 40  7.171     173.6
 2013 04 20 07 11 18.311     2013 04 20 07 14 45.036     206.7
438
 2013 04 20 15 29  4.238     2013 04 20 15 31 40.852     156.6
439
 2013 04 20 00 27 47.566     2013 04 20 00 31   .502     192.9
 2013 04 20 10 31  8.521     2013 04 20 10 34 45.200     216.7
440
 2013 04 20 22 23  4.362     2013 04 20 22 25 47.026     162.7
441
 2013 04 20 02 56 39.075     2013 04 20 02 59 21.347     162.3
 2013 04 20 11 11 51.689     2013 04 20 11 14 24.516     152.8
442
 2013 04 20 04 31  9.253     2013 04 20 04 33 51.449     162.2
 2013 04 20 12 47  2.717     2013 04 20 12 49 36.136     153.4
443
 2013 04 20 03 33 57.319     2013 04 20 03 34 22.501      25.2
 2013 04 20 15 22 23.119     2013 04 20 15 22 42.965      19.8
444
 2013 04 20 17 46 18.402     2013 04 20 17 48 48.737     150.3
445
 2013 04 20 09 39 14.826     2013 04 20 09 42  9.696     174.9
446
 2013 04 20 01 19 35.741     2013 04 20 01 22 59.279     203.5
447
 2013 04 20 15 35 20.582     2013 04 20 15 37 56.580     156.0
 2013 04 20 22 09 37.833     2013 04 20 22 12 30.019     172.2
448
 2013 04 20 13 58 32.652     2013 04 20 13 59 11.788      39.1
449
450
 2013 04 20 00 14 12.856     2013 04 20 00 17 53.731     220.9
 2013 04 20 13 54  8.489     2013 04 20 13 57 15.729     187.2
451
 2013 04 20 21 40   .247     2013 04 20 21 43  1.271     181.0
452
 2013 04 20 04 22 20.355     2013 04 20 04 25 39.304     198.9
453
 2013 04 20 07 32  7.343     2013 04 20 07 34 50.035     162.7
454
 2013 04 20 06 03 53.883     2013 04 20 06 06 37.824     163.9
455
 2013 04 20 17 37 34.975     2013 04 20 17 40 40.836     185.9
456
 2013 04 20 07 14 28.635     2013 04 20 07 17  7.945     159.3
457
 2013 04 20 02 30 46.872     2013 04 20 02 34 13.990     207.1
458
 2013 04 20 11 21 21.877     2013 04 20 11 24 17.369     175.5
459
 2013 04 20 06 32  8.280     2013 04 20 06 35 13.390     185.1
 2013 04 20 20 11 26.340     2013 04 20 20 15  5.706     219.4
460
 2013 04 20 06 35  1.811     2013 04 20 06 37 44.885     163.1
 2013 04 20 20 10  7.540     2013 04 20 20 13 31.812     204.3
461
 2013 04 20 03 24 53.202     2013 04 20 03 25 31.610      38.4
 2013 04 20 17 02 25.252     2013 04 20 17 05 36.688     191.4
462
 2013 04 20 04 21 14.230     2013 04 20 04 23 59.201     165.0
 2013 04 20 16 05 18.839     2013 04 20 16 05 44.273      25.4
463
464
 2013 04 20 00 20 37.518     2013 04 20 00 23 31.669     174.2
465
466
 2013 04 20 01 00 17.499     2013 04 20 01 03  6.802     169.3
467
468
 2013 04 20 12 13  8.046     2013 04 20 12 15 46.301     158.3
469
 2013 04 20 10 38 11.371     2013 04 20 10 41 17.004     185.6
 2013 04 20 22 24 41.941     2013 04 20 22 24 57.436      15.5
470
 2013 04 20 07 30 29.157     2013 04 20 07 33  2.416     153.3
471
 2013 04 20 09 19 32.956     2013 04 20 09 23 15.709     222.8
 2013 04 20 14 15 22.224     2013 04 20 14 18 50.446     208.2
472
473
474
 2013 04 20 00 51 58.628     2013 04 20 00 55 10.623     192.0
 2013 04 20 19 33 47.179     2013 04 20 19 36 36.072     168.9
475
 2013 04 20 06 04 42.237     2013 04 20 06 07 18.191     156.0
 2013 04 20 14 20 50.820     2013 04 20 14 24  3.951     193.1
476
 2013 04 20 08 07 40.326     2013 04 20 08 10 18.372     158.0
 2013 04 20 21 45 28.782     2013 04 20 21 48 24.406     175.6
477
 2013 04 20 05 15 36.171     2013 04 20 05 16 46.192      70.0
 2013 04 20 15 12  1.726     2013 04 20 15 14 40.057     158.3
478
 2013 04 20 02 48 45.910     2013 04 20 02 52 19.582     213.7
479
 2013 04 20 04 53 25.939     2013 04 20 04 56   .004     154.1
 2013 04 20 20 15 13.218     2013 04 20 20 18 44.883     211.7
480
 2013 04 20 23 15   .178     2013 04 20 23 17 44.836     164.7
481
 2013 04 20 01 11   .135     2013 04 20 01 14 39.189     219.1
482
 2013 04 20 01 25 14.692     2013 04 20 01 26  2.416      47.7
 2013 04 20 09 36 15.133     2013 04 20 09 38 52.464     157.3
483
 2013 04 20 21 35 11.716     2013 04 20 21 38  2.724     171.0
484
 2013 04 20 02 55 27.761     2013 04 20 02 55 48.663      20.9
 2013 04 20 11 10 45.009     2013 04 20 11 13 49.298     184.3
485
 2013 04 20 20 37  1.234     2013 04 20 20 40 27.700     206.5
486
 2013 04 20 21 34 56.540     2013 04 20 21 38 22.718     206.2
487
488
 2013 04 20 05 38  9.377     2013 04 20 05 40 55.180     165.8
 2013 04 20 22 41 20.187     2013 04 20 22 43 54.353     154.2
489
 2013 04 20 20 53 50.428     2013 04 20 20 56 20.687     150.3
490
 2013 04 20 16 07  7.228     2013 04 20 16 07 56.816      49.6
491
 2013 04 20 01 06 29.206     2013 04 20 01 09  3.923     154.7
492
 2013 04 20 13 54  9.158     2013 04 20 13 57  5.016     175.9
493
 2013 04 20 11 20  8.489     2013 04 20 11 20 24.672      16.2
494
 2013 04 20 15 18 10.100     2013 04 20 15 20 46.340     156.2
495
 2013 04 20 04 48 25.987     2013 04 20 04 51 37.672     191.7
 2013 04 20 23 29 56.909     2013 04 20 23 33  1.938     185.0
496
 2013 04 20 02 26 48.746     2013 04 20 02 29 27.530     158.8
 2013 04 20 21 08 54.322     2013 04 20 21 11 34.996     160.7
497
 2013 04 20 06 45 51.224     2013 04 20 06 49 29.182     218.0
 2013 04 20 16 49 25.445     2013 04 20 16 52 24.007     178.6
498
 2013 04 20 06 47 36.944     2013 04 20 06 50  8.145     151.2
 2013 04 20 16 47 52.668     2013 04 20 16 50 28.170     155.5
499
 2013 04 20 02 02 16.219     2013 04 20 02 05 15.248     179.0
500
501
 2013 04 20 04 47  6.059     2013 04 20 04 47  8.853       2.8
 2013 04 20 06 25 10.531     2013 04 20 06 28 47.141     216.6
 2013 04 20 23 29 18.686     2013 04 20 23 31 55.577     156.9
502
 2013 04 20 12 28 51.194     2013 04 20 12 31 28.061     156.9
 2013 04 20 17 23 30.344     2013 04 20 17 26 33.002     182.7
503
 2013 04 20 15 28 44.903     2013 04 20 15 32 28.871     224.0
504
 2013 04 20 14 47 40.737     2013 04 20 14 50 59.057     198.3
 2013 04 20 21 23 16.783     2013 04 20 21 26 22.020     185.2
505
 2013 04 20 04 34  1.132     2013 04 20 04 36 41.947     160.8
 2013 04 20 11 08 43.550     2013 04 20 11 11 40.253     176.7
506
507
 2013 04 20 09 14 12.773     2013 04 20 09 16  6.816     114.0
 2013 04 20 17 31 13.040     2013 04 20 17 33 59.717     166.7
508
 2013 04 20 07 44 55.122     2013 04 20 07 47 43.608     168.5
 2013 04 20 12 39 48.615     2013 04 20 12 40 53.566      65.0
 2013 04 20 14 17 36.970     2013 04 20 14 18 33.397      56.4
509
 2013 04 20 05 08 30.163     2013 04 20 05 10 59.967     149.8
510
 2013 04 20 12 17 17.546     2013 04 20 12 20  3.038     165.5
 2013 04 20 22 19 14.467     2013 04 20 22 22  9.971     175.5
511
 2013 04 20 06 08 54.700     2013 04 20 06 11 31.249     156.5
 2013 04 20 12 43 13.410     2013 04 20 12 45 50.669     157.3
512
 2013 04 20 01 19  5.899     2013 04 20 01 22 50.096     224.2
513
 2013 04 20 06 03 46.355     2013 04 20 06 06 34.862     168.5
514
 2013 04 20 13 55 47.495     2013 04 20 13 58 22.312     154.8
515
 2013 04 20 06 56 35.187     2013 04 20 06 59 10.313     155.1
 2013 04 20 13 30 12.000     2013 04 20 13 32 51.110     159.1
516
 2013 04 20 14 36 28.268     2013 04 20 14 38 59.592     151.3
517
518
 2013 04 20 11 15 32.010     2013 04 20 11 18 31.018     179.0
519
 2013 04 20 11 18 28.227     2013 04 20 11 18 39.963      11.7
520
 2013 04 20 11 28 18.210     2013 04 20 11 29 34.784      76.6
 2013 04 20 21 36  3.846     2013 04 20 21 36 45.928      42.1
521
 2013 04 20 03 17  4.341     2013 04 20 03 17 28.947      24.6
 2013 04 20 04 51 17.761     2013 04 20 04 51 43.235      25.5
 2013 04 20 21 54 51.808     2013 04 20 21 58  7.651     195.8
522
 2013 04 20 00 26 55.641     2013 04 20 00 29 36.471     160.8
523
 2013 04 20 08 09 13.003     2013 04 20 08 12  1.233     168.2
 2013 04 20 21 44  1.874     2013 04 20 21 46 43.282     161.4
524
 2013 04 20 07 15 15.244     2013 04 20 07 18 56.283     221.0
 2013 04 20 22 38 34.654     2013 04 20 22 41  9.083     154.4
525
 2013 04 20 20 48 21.819     2013 04 20 20 51 15.472     173.7
526
 2013 04 20 19 06  1.436     2013 04 20 19 08 50.492     169.1
527
 2013 04 20 00 37  6.377     2013 04 20 00 37 38.415      32.0
 2013 04 20 07 13 28.344     2013 04 20 07 16 39.574     191.2
528
 2013 04 20 02 30 25.086     2013 04 20 02 33   .924     155.8
 2013 04 20 19 31 26.332     2013 04 20 19 35  9.515     223.2
529
 2013 04 20 04 48 40.739     2013 04 20 04 51 18.038     157.3
 2013 04 20 23 30 38.951     2013 04 20 23 33 25.200     166.2
530
 2013 04 20 19 22 37.101     2013 04 20 19 22 47.355      10.3
531
 2013 04 20 16 09 43.293     2013 04 20 16 09 46.275       3.0
532
 2013 04 20 04 06 17.238     2013 04 20 04 09 18.455     181.2
 2013 04 20 19 29  5.262     2013 04 20 19 31 57.236     172.0
533
534
 2013 04 20 21 50 55.425     2013 04 20 21 51 40.020      44.6
535
 2013 04 20 11 39 42.722     2013 04 20 11 42 52.930     190.2
 2013 04 20 18 14 36.115     2013 04 20 18 17 12.677     156.6
536
 2013 04 20 16 45  3.320     2013 04 20 16 47 52.725     169.4
537
 2013 04 20 03 17 52.126     2013 04 20 03 20 42.604     170.5
538
 2013 04 20 08 28 32.244     2013 04 20 08 28 53.756      21.5
 2013 04 20 15 06 30.468     2013 04 20 15 06 40.931      10.5
539
 2013 04 20 16 21 15.689     2013 04 20 16 23 54.843     159.2
540
541
 2013 04 20 02 27 24.132     2013 04 20 02 30   .562     156.4
 2013 04 20 21 09  2.872     2013 04 20 21 12 10.008     187.1
542
543
 2013 04 20 05 57 34.422     2013 04 20 06 00 14.308     159.9
544
 2013 04 20 03 02 33.605     2013 04 20 03 05 16.182     162.6
 2013 04 20 07 57 19.661     2013 04 20 08 00   .540     160.9
545
 2013 04 20 03 35 19.090     2013 04 20 03 38 12.237     173.1
546
 2013 04 20 06 26 15.400     2013 04 20 06 28 56.806     161.4
 2013 04 20 23 27 30.481     2013 04 20 23 30 49.780     199.3
547
 2013 04 20 09 56 46.503     2013 04 20 09 59 56.833     190.3
 2013 04 20 19 57 19.742     2013 04 20 20 00 18.451     178.7
548
 2013 04 20 13 58 10.580     2013 04 20 14 01 13.230     182.7
 2013 04 20 22 12 37.621     2013 04 20 22 15 16.191     158.6
549
 2013 04 20 00 08  6.871     2013 04 20 00 08 25.909      19.0
 2013 04 20 17 11 20.669     2013 04 20 17 14 56.746     216.1
 2013 04 20 23 45  5.746     2013 04 20 23 46 40.796      95.0
550
 2013 04 20 05 20 13.248     2013 04 20 05 23  7.939     174.7
 2013 04 20 11 57 55.671     2013 04 20 11 58 23.627      28.0
551
 2013 04 20 23 03 39.805     2013 04 20 23 06 19.583     159.8
552
 2013 04 20 10 34  5.341     2013 04 20 10 34 58.364      53.0
 2013 04 20 22 27 14.567     2013 04 20 22 30 53.822     219.3
553
 2013 04 20 01 47 14.268     2013 04 20 01 47 36.175      21.9
554
 2013 04 20 13 07 12.354     2013 04 20 13 10  2.613     170.3
555
 2013 04 20 04 10 44.527     2013 04 20 04 13 58.800     194.3
556
 2013 04 20 06 32 35.303     2013 04 20 06 36  4.302     209.0
 2013 04 20 20 12 32.582     2013 04 20 20 13 10.017      37.4
557
 2013 04 20 04 13 22.785     2013 04 20 04 16 52.432     209.6
558
 2013 04 20 00 36 55.700     2013 04 20 00 39 32.479     156.8
559
 2013 04 20 05 40 31.730     2013 04 20 05 43 41.047     189.3
 2013 04 20 21 03 37.488     2013 04 20 21 06 37.910     180.4
560
 2013 04 20 05 13 17.471     2013 04 20 05 13 23.408       5.9
561
 2013 04 20 19 06 22.021     2013 04 20 19 09  8.779     166.8
562
 2013 04 20 20 59 52.804     2013 04 20 21 02 33.109     160.3
563
 2013 04 20 12 29  9.933     2013 04 20 12 31 58.063     168.1
 2013 04 20 17 24  6.118     2013 04 20 17 26 55.358     169.2
564
565
 2013 04 20 06 42 22.698     2013 04 20 06 45 11.074     168.4
 2013 04 20 18 27 30.813     2013 04 20 18 30 47.053     196.2
566
 2013 04 20 08 56 40.320     2013 04 20 08 59 42.525     182.2
 2013 04 20 22 30 51.803     2013 04 20 22 33 42.322     170.5
567
 2013 04 20 03 43 58.443     2013 04 20 03 44 26.786      28.3
 2013 04 20 13 35 53.540     2013 04 20 13 36 13.060      19.5
568
 2013 04 20 03 34  5.524     2013 04 20 03 36 35.352     149.8
569
 2013 04 20 23 02 15.652     2013 04 20 23 05 17.510     181.9
570
 2013 04 20 16 16 35.946     2013 04 20 16 17 36.032      60.1
571
 2013 04 20 11 15  7.155     2013 04 20 11 18  1.308     174.2
572
 2013 04 20 10 32 36.561     2013 04 20 10 36  2.432     205.9
573
 2013 04 20 18 25 57.717     2013 04 20 18 28 51.344     173.6
574
 2013 04 20 04 14 55.715     2013 04 20 04 18 10.192     194.5
575
 2013 04 20 19 29 49.828     2013 04 20 19 32 57.206     187.4
576
 2013 04 20 18 19 57.314     2013 04 20 18 22 35.317     158.0
577
 2013 04 20 22 34 46.197     2013 04 20 22 37 17.873     151.7
578
 2013 04 20 01 27 11.132     2013 04 20 01 30  5.611     174.5
 2013 04 20 06 22 13.041     2013 04 20 06 25 53.541     220.5
579
 2013 04 20 01 53  2.247     2013 04 20 01 55 56.073     173.8
580
 2013 04 20 12 18 45.735     2013 04 20 12 19 31.181      45.4
 2013 04 20 22 18 40.885     2013 04 20 22 18 43.950       3.1
581
 2013 04 20 05 15  9.325     2013 04 20 05 15 17.705       8.4
582
 2013 04 20 04 28 57.944     2013 04 20 04 29 21.064      23.1
 2013 04 20 14 24 41.877     2013 04 20 14 27 34.594     172.7
583
 2013 04 20 12 27 32.093     2013 04 20 12 27 59.833      27.7
 2013 04 20 19 02  7.478     2013 04 20 19 05 36.889     209.4
584
 2013 04 20 01 56  9.547     2013 04 20 01 58 39.782     150.2
 2013 04 20 13 46  4.801     2013 04 20 13 49 38.513     213.7
585
 2013 04 20 13 14  2.078     2013 04 20 13 16 39.463     157.4
 2013 04 20 19 47 55.872     2013 04 20 19 50 32.367     156.5
586
 2013 04 20 07 29 24.393     2013 04 20 07 29 27.375       3.0
587
 2013 04 20 01 08  4.477     2013 04 20 01 10 39.664     155.2
588
 2013 04 20 05 58 31.278     2013 04 20 06 01  5.940     154.7
589
 2013 04 20 20 36 27.385     2013 04 20 20 39 56.779     209.4
590
 2013 04 20 12 20  4.465     2013 04 20 12 23  7.440     183.0
 2013 04 20 22 16 23.743     2013 04 20 22 17 13.606      49.9
591
 2013 04 20 10 03 55.296     2013 04 20 10 06 44.689     169.4
 2013 04 20 16 38  2.657     2013 04 20 16 41 42.656     220.0
592
 2013 04 20 09 15 34.416     2013 04 20 09 18  9.701     155.3
 2013 04 20 17 29 33.340     2013 04 20 17 32 55.005     201.7
593
 2013 04 20 10 48 32.173     2013 04 20 10 49 33.307      61.1
 2013 04 20 19 05 47.661     2013 04 20 19 08 30.676     163.0
594
 2013 04 20 20 42 16.105     2013 04 20 20 44 56.154     160.0
595
 2013 04 20 00 22 25.214     2013 04 20 00 23  5.699      40.5
 2013 04 20 12 12 25.354     2013 04 20 12 15 21.115     175.8
596
 2013 04 20 02 03 27.180     2013 04 20 02 07   .903     213.7
 2013 04 20 12 03 16.758     2013 04 20 12 06 24.890     188.1
597
598
 2013 04 20 05 22 14.928     2013 04 20 05 24 54.176     159.2
 2013 04 20 11 55 32.227     2013 04 20 11 58 18.051     165.8
599
600
 2013 04 20 05 23 13.914     2013 04 20 05 25 48.268     154.4
 2013 04 20 10 17 45.244     2013 04 20 10 21 24.058     218.8
 2013 04 20 11 55 25.503     2013 04 20 11 56 39.618      74.1
601
 2013 04 20 10 53 54.314     2013 04 20 10 56 47.730     173.4
 2013 04 20 15 48 54.273     2013 04 20 15 52 41.328     227.1
 2013 04 20 17 26 34.922     2013 04 20 17 26 55.415      20.5
602
603
 2013 04 20 01 00 58.326     2013 04 20 01 03 57.204     178.9
604
 2013 04 20 05 11  4.359     2013 04 20 05 11 16.542      12.2
605
606
 2013 04 20 01 44 20.512     2013 04 20 01 47 44.684     204.2
 2013 04 20 17 05 24.967     2013 04 20 17 08 49.154     204.2
607
 2013 04 20 16 03 12.364     2013 04 20 16 05 51.613     159.2
608
 2013 04 20 08 04 39.680     2013 04 20 08 08 21.293     221.6
 2013 04 20 23 22 13.559     2013 04 20 23 22 37.178      23.6
609
 2013 04 20 23 26 26.465     2013 04 20 23 29 14.607     168.1
610
 2013 04 20 16 04 31.664     2013 04 20 16 08  7.306     215.6
611
612
 2013 04 20 14 28 27.984     2013 04 20 14 31 47.611     199.6
613
 2013 04 20 06 32 48.142     2013 04 20 06 35 23.463     155.3
 2013 04 20 20 10  8.928     2013 04 20 20 10 50.992      42.1
614
615
 2013 04 20 15 38 22.334     2013 04 20 15 38 42.360      20.0
 2013 04 20 17 12 36.827     2013 04 20 17 16 17.427     220.6
 2013 04 20 22 08 22.783     2013 04 20 22 11  5.557     162.8
616
 2013 04 20 14 23 17.323     2013 04 20 14 26 20.470     183.1
617
 2013 04 20 10 46  5.261     2013 04 20 10 49 33.726     208.5
618
619
620
 2013 04 20 10 35 12.261     2013 04 20 10 38 43.387     211.1
621
 2013 04 20 04 35  3.640     2013 04 20 04 38 19.456     195.8
 2013 04 20 06 12 39.829     2013 04 20 06 16 27.994     228.2
 2013 04 20 09 29 21.486     2013 04 20 09 30 45.157      83.7
 2013 04 20 11 07 36.331     2013 04 20 11 10 44.846     188.5
622
 2013 04 20 06 03 41.966     2013 04 20 06 07 25.285     223.3
 2013 04 20 14 22 10.146     2013 04 20 14 25 38.040     207.9
623
 2013 04 20 03 29 56.408     2013 04 20 03 32 51.409     175.0
624
 2013 04 20 20 17 28.123     2013 04 20 20 20  3.553     155.4
625
 2013 04 20 03 17 56.753     2013 04 20 03 21 42.825     226.1
 2013 04 20 18 42  8.181     2013 04 20 18 45 53.033     224.9
626
 2013 04 20 15 14 43.604     2013 04 20 15 15 51.301      67.7
627
 2013 04 20 00 02 36.742     2013 04 20 00 06 23.264     226.5
 2013 04 20 01 40 46.302     2013 04 20 01 43 58.687     192.4
 2013 04 20 18 45  4.837     2013 04 20 18 48 31.416     206.6
 2013 04 20 20 22 48.877     2013 04 20 20 26 27.713     218.8
 2013 04 20 23 39 23.517     2013 04 20 23 40 31.670      68.2
628
 2013 04 20 02 48 53.595     2013 04 20 02 51 56.976     183.4
629
 2013 04 20 06 44 10.541     2013 04 20 06 46 44.518     154.0
630
 2013 04 20 02 31 42.643     2013 04 20 02 34 51.468     188.8
 2013 04 20 17 54 43.390     2013 04 20 17 57 37.012     173.6
631
 2013 04 20 05 24 10.639     2013 04 20 05 26 49.180     158.5
 2013 04 20 10 18 51.890     2013 04 20 10 21 35.217     163.3
632
 2013 04 20 01 11 19.321     2013 04 20 01 11 33.954      14.6
633
 2013 04 20 05 43 13.685     2013 04 20 05 46 27.761     194.1
634
 2013 04 20 03 02  4.190     2013 04 20 03 04 59.991     175.8
 2013 04 20 07 57 10.071     2013 04 20 08 00 17.520     187.4
635
 2013 04 20 09 40 31.324     2013 04 20 09 43 26.021     174.7
636
 2013 04 20 09 51 11.421     2013 04 20 09 53 44.308     152.9
 2013 04 20 21 36 54.925     2013 04 20 21 40  9.236     194.3
637
 2013 04 20 01 00 38.390     2013 04 20 01 01 16.167      37.8
638
 2013 04 20 07 22 25.048     2013 04 20 07 25 11.311     166.3
 2013 04 20 20 56 30.831     2013 04 20 20 59 33.474     182.6
639
640
641
 2013 04 20 01 21 37.613     2013 04 20 01 24 18.901     161.3
 2013 04 20 09 38  6.949     2013 04 20 09 40 50.872     163.9
642
 2013 04 20 13 53 31.225     2013 04 20 13 57  4.359     213.1
643
 2013 04 20 04 07 16.755     2013 04 20 04 10  2.271     165.5
 2013 04 20 19 28 48.091     2013 04 20 19 31 22.548     154.5
644
 2013 04 20 22 58 47.212     2013 04 20 23 01 37.687     170.5
645
 2013 04 20 08 29 52.643     2013 04 20 08 33  9.729     197.1
 2013 04 20 15 05 26.564     2013 04 20 15 08 27.977     181.4
646
 2013 04 20 10 07 23.393     2013 04 20 10 10 20.176     176.8
 2013 04 20 15 02 30.099     2013 04 20 15 05 23.193     173.1
647
648
 2013 04 20 04 37  1.368     2013 04 20 04 39 52.281     170.9
 2013 04 20 09 31 58.537     2013 04 20 09 34 40.101     161.6
649
 2013 04 20 07 32 18.469     2013 04 20 07 35 31.388     192.9
650
 2013 04 20 06 40  8.841     2013 04 20 06 43 46.829     218.0
 2013 04 20 18 27 53.962     2013 04 20 18 31  2.404     188.4
651
 2013 04 20 00 29 53.457     2013 04 20 00 32 28.141     154.7
 2013 04 20 10 29 47.382     2013 04 20 10 32 21.804     154.4
652
 2013 04 20 07 22 41.956     2013 04 20 07 25 22.863     160.9
 2013 04 20 20 56 21.316     2013 04 20 20 59 44.793     203.5
653
 2013 04 20 19 24 33.049     2013 04 20 19 27 28.154     175.1
654
 2013 04 20 15 16  3.865     2013 04 20 15 19 43.990     220.1
655
 2013 04 20 10 50  3.491     2013 04 20 10 53 29.686     206.2
656
 2013 04 20 02 32 25.340     2013 04 20 02 35  3.217     157.9
 2013 04 20 17 54 10.739     2013 04 20 17 56 48.456     157.7
657
 2013 04 20 10 37 48.399     2013 04 20 10 41 21.781     213.4
 2013 04 20 22 23 40.628     2013 04 20 22 26 18.386     157.8
658
 2013 04 20 03 14 20.392     2013 04 20 03 17  3.155     162.8
 2013 04 20 21 56   .023     2013 04 20 21 58 59.271     179.2
659
 2013 04 20 00 55 15.920     2013 04 20 00 58 32.442     196.5
 2013 04 20 17 56 19.157     2013 04 20 17 59 38.697     199.5
660
 2013 04 20 10 41 58.336     2013 04 20 10 44 55.128     176.8
 2013 04 20 20 44 52.436     2013 04 20 20 45 13.771      21.3
661
 2013 04 20 07 42  7.667     2013 04 20 07 44 47.122     159.5
662
 2013 04 20 23 09 34.317     2013 04 20 23 12 49.589     195.3
663
 2013 04 20 02 36 39.750     2013 04 20 02 39 51.125     191.4
 2013 04 20 16 13 19.830     2013 04 20 16 16 59.642     219.8
664
 2013 04 20 00 24 10.044     2013 04 20 00 27 42.448     212.4
665
 2013 04 20 04 32 42.581     2013 04 20 04 36  3.261     200.7
 2013 04 20 11 10 48.562     2013 04 20 11 10 53.548       5.0
666
 2013 04 20 17 03 51.739     2013 04 20 17 06 27.803     156.1
667
 2013 04 20 01 03 58.310     2013 04 20 01 05 56.092     117.8
 2013 04 20 14 39 51.866     2013 04 20 14 40  6.079      14.2
668
 2013 04 20 09 05 41.351     2013 04 20 09 06 25.006      43.7
 2013 04 20 20 49 19.515     2013 04 20 20 51 55.123     155.6
669
 2013 04 20 06 01  3.855     2013 04 20 06 03 38.867     155.0
 2013 04 20 16 00 30.887     2013 04 20 16 03 16.307     165.4
670
 2013 04 20 13 14 38.404     2013 04 20 13 17 38.807     180.4
 2013 04 20 14 52   .712     2013 04 20 14 52  3.464       2.8
 2013 04 20 18 12 52.482     2013 04 20 18 13  1.036       8.6
 2013 04 20 19 47 21.729     2013 04 20 19 50 24.147     182.4
671
 2013 04 20 00 10   .469     2013 04 20 00 13 11.050     190.6
 2013 04 20 15 33  4.921     2013 04 20 15 36   .921     176.0
672
 2013 04 20 23 21 23.088     2013 04 20 23 24  4.947     161.9
673
 2013 04 20 20 40 51.726     2013 04 20 20 40 59.627       7.9
674
 2013 04 20 03 43 47.792     2013 04 20 03 47 16.091     208.3
 2013 04 20 11 58 15.854     2013 04 20 12 00 52.242     156.4
675
 2013 04 20 09 45 24.008     2013 04 20 09 48 19.839     175.8
676
 2013 04 20 01 44  9.012     2013 04 20 01 46 50.223     161.2
 2013 04 20 17 06 43.940     2013 04 20 17 10 32.616     228.7
677
 2013 04 20 11 24 52.620     2013 04 20 11 25  3.588      11.0
678
 2013 04 20 08 12  4.611     2013 04 20 08 13 16.005      71.4
 2013 04 20 21 42 51.729     2013 04 20 21 45 51.388     179.7
679
 2013 04 20 05 15  3.184     2013 04 20 05 18  5.594     182.4
680
 2013 04 20 11 09 55.042     2013 04 20 11 12 58.535     183.5
681
 2013 04 20 02 00 51.447     2013 04 20 02 04 20.839     209.4
682
 2013 04 20 05 03  4.345     2013 04 20 05 05 37.345     153.0
683
 2013 04 20 11 32 53.634     2013 04 20 11 36 36.254     222.6
 2013 04 20 21 28 21.420     2013 04 20 21 28 27.332       5.9
684
 2013 04 20 01 56 25.353     2013 04 20 01 59  6.682     161.3
 2013 04 20 13 46 33.837     2013 04 20 13 49 29.796     176.0
685
 2013 04 20 20 11 57.015     2013 04 20 20 15 21.848     204.8
686
 2013 04 20 02 28 57.401     2013 04 20 02 31 36.532     159.1
 2013 04 20 19 32  9.418     2013 04 20 19 34 46.852     157.4
687
688
 2013 04 20 17 31 59.147     2013 04 20 17 34 34.841     155.7
689
 2013 04 20 15 06 17.662     2013 04 20 15 09 57.047     219.4
690
 2013 04 20 04 35 15.094     2013 04 20 04 35 24.737       9.6
 2013 04 20 11 09 47.686     2013 04 20 11 13 24.481     216.8
691
 2013 04 20 02 36 21.961     2013 04 20 02 39  3.042     161.1
 2013 04 20 16 14 44.809     2013 04 20 16 18 22.304     217.5
692
 2013 04 20 07 42 15.105     2013 04 20 07 45 29.314     194.2
 2013 04 20 14 17 50.416     2013 04 20 14 21 26.648     216.2
693
 2013 04 20 01 14 48.163     2013 04 20 01 14 51.734       3.6
 2013 04 20 12 56 35.177     2013 04 20 12 59  6.313     151.1
694
 2013 04 20 09 41 20.467     2013 04 20 09 44 30.835     190.4
695
 2013 04 20 18 32 31.751     2013 04 20 18 36  6.340     214.6
696
 2013 04 20 04 10 53.069     2013 04 20 04 14 11.710     198.6
 2013 04 20 17 50   .822     2013 04 20 17 52 53.039     172.2
697
 2013 04 20 08 05 17.309     2013 04 20 08 06  1.124      43.8
 2013 04 20 23 22 57.501     2013 04 20 23 26 15.996     198.5
698
 2013 04 20 12 54 12.348     2013 04 20 12 56 48.689     156.3
699
 2013 04 20 09 40 32.424     2013 04 20 09 43  6.920     154.5
700
 2013 04 20 06 23 48.849     2013 04 20 06 24 28.940      40.1
 2013 04 20 23 26 28.013     2013 04 20 23 29 36.237     188.2
701
702
 2013 04 20 01 49 30.903     2013 04 20 01 52  2.712     151.8
 2013 04 20 15 27 16.124     2013 04 20 15 30 42.544     206.4
703
 2013 04 20 06 06 33.969     2013 04 20 06 09 54.220     200.3
 2013 04 20 14 21  7.668     2013 04 20 14 21 21.995      14.3
704
705
706
 2013 04 20 11 30 32.776     2013 04 20 11 33  9.329     156.6
 2013 04 20 21 31 47.853     2013 04 20 21 34 29.147     161.3
707
 2013 04 20 10 49 26.873     2013 04 20 10 52 25.009     178.1
 2013 04 20 19 03 40.442     2013 04 20 19 06 26.262     165.8
708
709
 2013 04 20 02 14 20.107     2013 04 20 02 17  3.493     163.4
 2013 04 20 07 09  8.621     2013 04 20 07 12 54.238     225.6
 2013 04 20 08 46 49.882     2013 04 20 08 47 29.624      39.7
710
711
 2013 04 20 04 35 42.421     2013 04 20 04 35 59.379      17.0
 2013 04 20 12 44 26.027     2013 04 20 12 48  3.548     217.5
712
 2013 04 20 04 19  4.636     2013 04 20 04 21 43.394     158.8
 2013 04 20 16 07 53.129     2013 04 20 16 10 23.038     149.9
713
714
 2013 04 20 13 14 12.506     2013 04 20 13 17 24.109     191.6
 2013 04 20 14 51 40.484     2013 04 20 14 51 54.146      13.7
 2013 04 20 19 47 18.918     2013 04 20 19 50  3.492     164.6
715
716
 2013 04 20 15 58 17.061     2013 04 20 16 01  5.892     168.8
717
 2013 04 20 04 06 31.130     2013 04 20 04 09 38.283     187.2
 2013 04 20 19 29 13.934     2013 04 20 19 31 52.294     158.4
718
 2013 04 20 15 29  7.309     2013 04 20 15 31 41.788     154.5
719
 2013 04 20 06 32   .134     2013 04 20 06 35 37.746     217.6
 2013 04 20 20 11 56.799     2013 04 20 20 15 12.139     195.3
720
 2013 04 20 20 54 13.370     2013 04 20 20 56 52.337     159.0
721
 2013 04 20 09 51 45.104     2013 04 20 09 54 46.001     180.9
 2013 04 20 21 35 43.833     2013 04 20 21 37 27.820     104.0
722
 2013 04 20 13 57 12.408     2013 04 20 14 00 28.449     196.0
 2013 04 20 22 12 30.932     2013 04 20 22 15 19.726     168.8
723
724
725
 2013 04 20 00 27 10.273     2013 04 20 00 29 46.508     156.2
726
 2013 04 20 01 25 16.235     2013 04 20 01 28  8.098     171.9
 2013 04 20 08 00 11.036     2013 04 20 08 02 54.253     163.2
727
 2013 04 20 12 22 52.412     2013 04 20 12 23  4.387      12.0
 2013 04 20 20 37 39.621     2013 04 20 20 40 14.528     154.9
728
 2013 04 20 02 54   .679     2013 04 20 02 57 17.895     197.2
729
 2013 04 20 00 37 35.668     2013 04 20 00 40 20.274     164.6
 2013 04 20 07 11 41.305     2013 04 20 07 14 46.254     184.9
730
 2013 04 20 16 41 17.032     2013 04 20 16 43 53.544     156.5
731
 2013 04 20 09 47 33.743     2013 04 20 09 50 12.138     158.4
732
 2013 04 20 09 06 27.450     2013 04 20 09 10 10.163     222.7
733
 2013 04 20 23 15 21.673     2013 04 20 23 18  2.320     160.6
734
 2013 04 20 06 00 16.372     2013 04 20 06 00 20.125       3.8
 2013 04 20 16 01 28.451     2013 04 20 16 04 57.433     209.0
735
 2013 04 20 00 30 46.691     2013 04 20 00 33 25.973     159.3
 2013 04 20 10 29 39.813     2013 04 20 10 32 59.221     199.4
736
 2013 04 20 03 29 53.568     2013 04 20 03 32 25.576     152.0
737
738
 2013 04 20 20 06 22.105     2013 04 20 20 08 55.188     153.1
739
 2013 04 20 09 15 39.968     2013 04 20 09 18 21.665     161.7
 2013 04 20 17 29  5.026     2013 04 20 17 32 33.073     208.0
740
 2013 04 20 09 41  3.299     2013 04 20 09 43 37.422     154.1
741
 2013 04 20 08 30 12.936     2013 04 20 08 32 49.057     156.1
 2013 04 20 15 04 23.193     2013 04 20 15 07 15.855     172.7
742
 2013 04 20 08 04 16.910     2013 04 20 08 04 57.817      40.9
 2013 04 20 23 22 31.737     2013 04 20 23 26  5.011     213.3
743
 2013 04 20 08 48 40.959     2013 04 20 08 51 22.048     161.1
744
 2013 04 20 02 36 44.518     2013 04 20 02 39 32.358     167.8
 2013 04 20 16 13 45.324     2013 04 20 16 17 20.914     215.6
745
746
747
 2013 04 20 11 31 46.297     2013 04 20 11 34 25.104     158.8
 2013 04 20 21 31 10.684     2013 04 20 21 34 11.440     180.8
748
 2013 04 20 06 11 28.874     2013 04 20 06 14 11.634     162.8
 2013 04 20 11 06 15.386     2013 04 20 11 08 56.488     161.1
749
 2013 04 20 12 02 44.739     2013 04 20 12 05 41.983     177.2
750
 2013 04 20 00 35 51.315     2013 04 20 00 38 35.441     164.1
 2013 04 20 08 50 21.248     2013 04 20 08 53 46.547     205.3
751
752
 2013 04 20 04 52 12.198     2013 04 20 04 52 18.034       5.8
 2013 04 20 20 16 49.958     2013 04 20 20 20 33.438     223.5
753
 2013 04 20 07 46 21.047     2013 04 20 07 49 12.348     171.3
 2013 04 20 12 41  9.133     2013 04 20 12 43 43.803     154.7
754
 2013 04 20 09 11 54.605     2013 04 20 09 15 23.696     209.1
755
 2013 04 20 14 44 11.171     2013 04 20 14 47 11.803     180.6
 2013 04 20 22 59 45.940     2013 04 20 23 02 57.911     192.0
756
 2013 04 20 19 13   .793     2013 04 20 19 15 31.174     150.4
757
 2013 04 20 09 48 57.196     2013 04 20 09 51 29.422     152.2
 2013 04 20 21 38  3.845     2013 04 20 21 41 16.465     192.6
758
 2013 04 20 07 39  8.234     2013 04 20 07 42 20.995     192.8
 2013 04 20 15 54 37.245     2013 04 20 15 57 40.014     182.8
759
 2013 04 20 06 39 47.767     2013 04 20 06 42 17.891     150.1
 2013 04 20 18 29 16.856     2013 04 20 18 32 40.772     203.9
760
 2013 04 20 19 25 34.736     2013 04 20 19 29 11.683     216.9
761
 2013 04 20 02 33 42.259     2013 04 20 02 36 58.776     196.5
 2013 04 20 17 52 20.852     2013 04 20 17 55 43.728     202.9
762
 2013 04 20 10 36 51.846     2013 04 20 10 39 32.272     160.4
 2013 04 20 22 25  4.582     2013 04 20 22 27 41.822     157.2
763
 2013 04 20 00 40  8.088     2013 04 20 00 43  6.697     178.6
 2013 04 20 05 35 16.503     2013 04 20 05 38 40.329     203.8
764
 2013 04 20 12 53 16.306     2013 04 20 12 56 54.866     218.6
765
 2013 04 20 13 55 56.406     2013 04 20 13 57  4.600      68.2
 2013 04 20 22 14 38.914     2013 04 20 22 18  3.341     204.4
766
767
 2013 04 20 01 14 58.797     2013 04 20 01 17 45.240     166.4
768
 2013 04 20 09 01 23.870     2013 04 20 09 04  7.095     163.2
 2013 04 20 20 51 39.135     2013 04 20 20 54 38.809     179.7
769
 2013 04 20 08 29 37.661     2013 04 20 08 32 11.140     153.5
 2013 04 20 15 04  4.562     2013 04 20 15 07 47.440     222.9
770
771
 2013 04 20 10 54  6.983     2013 04 20 10 56 45.539     158.6
 2013 04 20 15 48 34.344     2013 04 20 15 51 42.414     188.1
772
 2013 04 20 11 24  7.626     2013 04 20 11 27 39.745     212.1
 2013 04 20 23 11 19.239     2013 04 20 23 13 59.951     160.7
773
 2013 04 20 04 47 57.822     2013 04 20 04 51 29.452     211.6
 2013 04 20 23 29 42.477     2013 04 20 23 32 35.907     173.4
774
 2013 04 20 06 31  4.997     2013 04 20 06 33 37.151     152.2
775
 2013 04 20 23 21 56.191     2013 04 20 23 25 16.497     200.3
776
 2013 04 20 07 22  5.987     2013 04 20 07 24 40.774     154.8
 2013 04 20 20 57 20.677     2013 04 20 21 00 16.798     176.1
777
 2013 04 20 01 12 54.729     2013 04 20 01 16 19.698     205.0
778
779
 2013 04 20 08 53 11.034     2013 04 20 08 56 46.031     215.0
 2013 04 20 22 36 44.131     2013 04 20 22 37 23.347      39.2
780
781
 2013 04 20 06 48 48.014     2013 04 20 06 51 57.979     190.0
 2013 04 20 16 47 23.386     2013 04 20 16 47 26.001       2.6
782
 2013 04 20 09 43 24.654     2013 04 20 09 45 58.000     153.3
 2013 04 20 23 19  3.156     2013 04 20 23 21 38.760     155.6
783
 2013 04 20 16 57  6.012     2013 04 20 16 59 49.079     163.1
784
 2013 04 20 00 15 13.401     2013 04 20 00 16 15.804      62.4
785
 2013 04 20 10 30 49.359     2013 04 20 10 32  8.572      79.2
786
 2013 04 20 00 05 37.402     2013 04 20 00 08 15.622     158.2
 2013 04 20 18 47 12.074     2013 04 20 18 50 18.911     186.8
 2013 04 20 23 42 26.363     2013 04 20 23 45  7.939     161.6
787
 2013 04 20 09 44 54.496     2013 04 20 09 47 30.311     155.8
 2013 04 20 23 17 34.213     2013 04 20 23 17 57.380      23.2
788
 2013 04 20 08 28  1.288     2013 04 20 08 30 40.564     159.3
 2013 04 20 16 42  8.430     2013 04 20 16 45  7.509     179.1
789
 2013 04 20 10 35  4.504     2013 04 20 10 38 17.926     193.4
 2013 04 20 22 26 41.380     2013 04 20 22 29 56.797     195.4
790
 2013 04 20 13 49 47.743     2013 04 20 13 53 24.123     216.4
791
 2013 04 20 00 53  9.409     2013 04 20 00 55 50.286     160.9
 2013 04 20 19 34 16.970     2013 04 20 19 37 51.909     214.9
792
 2013 04 20 02 45 31.534     2013 04 20 02 48 47.926     196.4
 2013 04 20 14 32 44.007     2013 04 20 14 33 48.528      64.5
793
 2013 04 20 13 32 13.245     2013 04 20 13 34 48.710     155.5
794
795
 2013 04 20 05 11 14.299     2013 04 20 05 14 49.384     215.1
796
 2013 04 20 05 07  9.341     2013 04 20 05 10 18.981     189.6
 2013 04 20 16 54 31.608     2013 04 20 16 58 11.435     219.8
797
798
 2013 04 20 10 39 20.858     2013 04 20 10 41 55.827     155.0
799
 2013 04 20 07 45  7.000     2013 04 20 07 48 48.139     221.1
 2013 04 20 12 40 55.012     2013 04 20 12 44 20.894     205.9
800
 2013 04 20 07 39 56.281     2013 04 20 07 42 45.933     169.7
 2013 04 20 15 56  9.554     2013 04 20 15 58 42.374     152.8
801
 2013 04 20 00 09   .479     2013 04 20 00 11 39.812     159.3
 2013 04 20 17 09 59.724     2013 04 20 17 10 12.906      13.2
 2013 04 20 23 45 53.357     2013 04 20 23 48 28.728     155.4
802
 2013 04 20 04 18 24.426     2013 04 20 04 20 57.607     153.2
 2013 04 20 16 07 42.024     2013 04 20 16 10 39.010     177.0
803
 2013 04 20 00 06 30.398     2013 04 20 00 09  4.990     154.6
 2013 04 20 17 09 47.492     2013 04 20 17 13 15.711     208.2
 2013 04 20 18 47 22.701     2013 04 20 18 47 46.715      24.0
 2013 04 20 23 43 21.318     2013 04 20 23 45 55.805     154.5
804
 2013 04 20 07 15 52.740     2013 04 20 07 19 11.893     199.2
 2013 04 20 22 36 21.624     2013 04 20 22 38 54.890     153.3
805
806
 2013 04 20 01 02  7.168     2013 04 20 01 04 51.483     164.3
 2013 04 20 14 40 26.351     2013 04 20 14 43 41.757     195.4
807
 2013 04 20 01 11   .959     2013 04 20 01 12  2.088      61.1
808
 2013 04 20 08 10 11.955     2013 04 20 08 12 58.975     167.0
809
 2013 04 20 05 56 24.899     2013 04 20 05 56 24.271       -.6
 2013 04 20 17 43 12.282     2013 04 20 17 44  4.231      51.9
810
 2013 04 20 11 29 22.077     2013 04 20 11 32 52.816     210.7
 2013 04 20 21 32 43.864     2013 04 20 21 35 41.200     177.3
811
 2013 04 20 12 29 29.207     2013 04 20 12 32 18.080     168.9
 2013 04 20 17 24 21.565     2013 04 20 17 26 59.170     157.6
812
 2013 04 20 23 14 47.748     2013 04 20 23 17 46.523     178.8
813
 2013 04 20 05 47 15.474     2013 04 20 05 50  5.470     170.0
 2013 04 20 19 22 30.531     2013 04 20 19 25  3.211     152.7
814
 2013 04 20 01 19 56.462     2013 04 20 01 22 32.020     155.6
815
 2013 04 20 23 21 32.135     2013 04 20 23 24 24.604     172.5
816
 2013 04 20 08 16  3.557     2013 04 20 08 18 35.114     151.6
 2013 04 20 20 03  6.777     2013 04 20 20 05 48.119     161.3
817
 2013 04 20 01 25 41.789     2013 04 20 01 28 26.214     164.4
 2013 04 20 08 00  9.526     2013 04 20 08 02 43.425     153.9
818
 2013 04 20 16 03 54.600     2013 04 20 16 06 25.085     150.5
819
 2013 04 20 15 16 59.027     2013 04 20 15 19 51.439     172.4
820
 2013 04 20 06 39 21.241     2013 04 20 06 39 47.949      26.7
 2013 04 20 18 30 57.378     2013 04 20 18 33 30.508     153.1
821
 2013 04 20 02 10 15.736     2013 04 20 02 12 55.227     159.5
 2013 04 20 10 24 11.548     2013 04 20 10 27 17.802     186.3
822
 2013 04 20 06 34 48.373     2013 04 20 06 37 21.378     153.0
 2013 04 20 20 10 13.890     2013 04 20 20 13  9.163     175.3
823
 2013 04 20 05 17 19.488     2013 04 20 05 19 54.477     155.0
 2013 04 20 13 33 24.739     2013 04 20 13 36 51.747     207.0
824
 2013 04 20 10 06  5.782     2013 04 20 10 08 42.322     156.5
 2013 04 20 16 38 53.050     2013 04 20 16 42  4.490     191.4
825
 2013 04 20 09 10 25.279     2013 04 20 09 13 11.831     166.6
 2013 04 20 19 08 32.094     2013 04 20 19 11 30.217     178.1
826
 2013 04 20 02 35 14.630     2013 04 20 02 38 13.787     179.2
827
 2013 04 20 05 23 35.391     2013 04 20 05 26 10.696     155.3
 2013 04 20 10 18  3.971     2013 04 20 10 21  8.816     184.8
828
 2013 04 20 12 01 55.607     2013 04 20 12 04 32.160     156.6
829
 2013 04 20 04 09   .518     2013 04 20 04 12  5.163     184.6
830
 2013 04 20 02 55 54.332     2013 04 20 02 56 46.244      51.9
 2013 04 20 12 49 13.553     2013 04 20 12 52 41.370     207.8
831
 2013 04 20 00 55 39.821     2013 04 20 00 59 21.117     221.3
832
 2013 04 20 09 59 23.048     2013 04 20 10 01 55.063     152.0
833
 2013 04 20 17 38 59.527     2013 04 20 17 41 46.987     167.5
834
 2013 04 20 04 19 11.894     2013 04 20 04 21 53.309     161.4
 2013 04 20 16 07  8.028     2013 04 20 16 09 40.395     152.4
835
 2013 04 20 22 29 42.486     2013 04 20 22 32 51.354     188.9
836
 2013 04 20 07 35 45.735     2013 04 20 07 38 20.061     154.3
 2013 04 20 17 34 37.952     2013 04 20 17 37 29.999     172.0
837
 2013 04 20 03 48  1.261     2013 04 20 03 50 48.858     167.6
 2013 04 20 10 21 49.344     2013 04 20 10 24 46.046     176.7
838
 2013 04 20 09 15 24.165     2013 04 20 09 18 14.251     170.1
 2013 04 20 17 29  5.140     2013 04 20 17 32 14.749     189.6
839
 2013 04 20 17 07 40.764     2013 04 20 17 08  2.753      22.0
840
 2013 04 20 21 28 29.626     2013 04 20 21 31 16.448     166.8
841
 2013 04 20 04 58 49.102     2013 04 20 05 00 37.946     108.8
 2013 04 20 18 37 18.600     2013 04 20 18 39 56.485     157.9
842
843
844
 2013 04 20 13 59 39.374     2013 04 20 14 02 45.572     186.2
845
 2013 04 20 10 39 43.543     2013 04 20 10 42 25.693     162.2
846
 2013 04 20 12 20 44.383     2013 04 20 12 24 22.214     217.8
847
 2013 04 20 08 15 35.790     2013 04 20 08 19  3.635     207.8
 2013 04 20 20 02 18.906     2013 04 20 20 04 52.085     153.2
848
 2013 04 20 22 26 37.995     2013 04 20 22 26 43.295       5.3
849
 2013 04 20 00 25 25.872     2013 04 20 00 26 25.067      59.2
850
 2013 04 20 10 02 24.039     2013 04 20 10 05 11.288     167.2
 2013 04 20 18 16 27.592     2013 04 20 18 19 23.421     175.8
851
 2013 04 20 04 17 22.234     2013 04 20 04 20  4.169     161.9
 2013 04 20 16 10 35.525     2013 04 20 16 11 55.581      80.1
852
 2013 04 20 20 37   .925     2013 04 20 20 40  3.209     182.3
853
 2013 04 20 08 15  8.200     2013 04 20 08 18  9.687     181.5
 2013 04 20 20 04 22.112     2013 04 20 20 07   .786     158.7
854
 2013 04 20 01 22 12.851     2013 04 20 01 25 33.489     200.6
 2013 04 20 09 38 32.501     2013 04 20 09 41 20.150     167.6
855
 2013 04 20 14 47 47.186     2013 04 20 14 47 50.649       3.5
 2013 04 20 22 58 57.966     2013 04 20 23 02 13.869     195.9
856
 2013 04 20 04 30 16.164     2013 04 20 04 34  3.320     227.2
 2013 04 20 12 48   .356     2013 04 20 12 50 32.629     152.3
857
 2013 04 20 20 55 10.720     2013 04 20 20 57 53.272     162.6
858
 2013 04 20 13 02 13.883     2013 04 20 13 05 29.084     195.2
859
 2013 04 20 04 27  9.360     2013 04 20 04 29 43.476     154.1
 2013 04 20 14 25 27.613     2013 04 20 14 28 42.793     195.2
860
 2013 04 20 14 48 27.410     2013 04 20 14 51 26.011     178.6
 2013 04 20 21 21 59.172     2013 04 20 21 24 34.963     155.8
861
 2013 04 20 04 29 20.857     2013 04 20 04 32 13.222     172.4
862
 2013 04 20 07 20  7.455     2013 04 20 07 22 46.453     159.0
 2013 04 20 20 57 23.491     2013 04 20 21 00 58.272     214.8
863
 2013 04 20 09 12  9.673     2013 04 20 09 14 46.259     156.6
864
 2013 04 20 12 14 28.960     2013 04 20 12 17 48.547     199.6
865
 2013 04 20 20 07  7.559     2013 04 20 20 10 13.038     185.5
866
 2013 04 20 08 32 42.038     2013 04 20 08 35 44.726     182.7
 2013 04 20 13 27 55.469     2013 04 20 13 31  1.654     186.2
867
 2013 04 20 05 03 19.572     2013 04 20 05 06 29.009     189.4
868
 2013 04 20 09 56 10.329     2013 04 20 09 59 34.578     204.2
 2013 04 20 19 55 45.234     2013 04 20 19 58 32.992     167.8
869
870
 2013 04 20 13 57 21.277     2013 04 20 13 57 59.969      38.7
 2013 04 20 22 14 48.490     2013 04 20 22 17 28.902     160.4
871
 2013 04 20 09 57 34.253     2013 04 20 09 58 49.910      75.7
 2013 04 20 19 58 47.595     2013 04 20 19 59 19.172      31.6
872
873
 2013 04 20 04 26 42.670     2013 04 20 04 29 16.715     154.0
 2013 04 20 14 25 52.643     2013 04 20 14 28 40.508     167.9
874
 2013 04 20 13 06 27.789     2013 04 20 13 09 22.330     174.5
 2013 04 20 23 05 29.315     2013 04 20 23 09  5.349     216.0
875
876
 2013 04 20 17 32 27.143     2013 04 20 17 35 16.073     168.9
877
878
 2013 04 20 07 20 22.152     2013 04 20 07 22 59.895     157.7
 2013 04 20 20 58  8.393     2013 04 20 21 01  7.012     178.6
879
 2013 04 20 11 40 12.501     2013 04 20 11 42 46.691     154.2
 2013 04 20 18 13 45.339     2013 04 20 18 16 31.449     166.1
880
 2013 04 20 04 16 27.776     2013 04 20 04 17  4.786      37.0
 2013 04 20 16 09 28.034     2013 04 20 16 12 45.347     197.3
881
 2013 04 20 15 23  5.959     2013 04 20 15 25 44.123     158.2
882
 2013 04 20 23 10 14.684     2013 04 20 23 12 49.253     154.6
883
884
 2013 04 20 08 14  5.892     2013 04 20 08 17 15.609     189.7
 2013 04 20 20 04 55.194     2013 04 20 20 07 37.309     162.1
885
 2013 04 20 16 51   .024     2013 04 20 16 51  6.169       6.1
886
 2013 04 20 09 14 25.606     2013 04 20 09 18  8.627     223.0
 2013 04 20 17 28 46.536     2013 04 20 17 31 22.389     155.9
887
 2013 04 20 12 18 50.616     2013 04 20 12 21 34.452     163.8
 2013 04 20 22 17 55.247     2013 04 20 22 20 30.795     155.5
888
 2013 04 20 08 09 25.645     2013 04 20 08 12 10.071     164.4
 2013 04 20 21 43 56.829     2013 04 20 21 46 47.173     170.3
889
 2013 04 20 10 06  9.674     2013 04 20 10 08 59.289     169.6
 2013 04 20 15 00 28.081     2013 04 20 15 04 11.461     223.4
 2013 04 20 16 38 25.749     2013 04 20 16 41 55.178     209.4
890
 2013 04 20 10 52 13.989     2013 04 20 10 55 47.242     213.3
 2013 04 20 17 27 39.625     2013 04 20 17 30 13.297     153.7
891
 2013 04 20 10 06 34.217     2013 04 20 10 09  9.018     154.8
 2013 04 20 15 01  1.774     2013 04 20 15 04 40.148     218.4
 2013 04 20 16 38 44.105     2013 04 20 16 40 47.055     123.0
892
 2013 04 20 14 47 59.096     2013 04 20 14 50 32.882     153.8
 2013 04 20 21 22 24.352     2013 04 20 21 25 26.299     181.9
893
894
 2013 04 20 00 15 40.635     2013 04 20 00 18 32.783     172.1
 2013 04 20 13 52   .511     2013 04 20 13 54 56.930     176.4
895
 2013 04 20 10 26 55.793     2013 04 20 10 30 19.081     203.3
896
 2013 04 20 07 43 43.141     2013 04 20 07 47  7.939     204.8
 2013 04 20 14 18 36.733     2013 04 20 14 21 18.558     161.8
897
 2013 04 20 12 29 45.837     2013 04 20 12 32 48.202     182.4
 2013 04 20 17 24 45.380     2013 04 20 17 27 20.049     154.7
898
 2013 04 20 05 47 16.051     2013 04 20 05 50 49.085     213.0
 2013 04 20 19 23 25.178     2013 04 20 19 27  3.480     218.3
899
 2013 04 20 01 59 20.546     2013 04 20 02 00 58.384      97.8
900
 2013 04 20 06 07 17.048     2013 04 20 06 09 59.598     162.6
901
 2013 04 20 23 03 44.360     2013 04 20 23 06 37.991     173.6
902
903
 2013 04 20 04 01 23.574     2013 04 20 04 04 19.410     175.8
 2013 04 20 22 42 57.447     2013 04 20 22 46   .098     182.7
904
 2013 04 20 23 16 35.735     2013 04 20 23 19 17.770     162.0
905
 2013 04 20 02 52 25.457     2013 04 20 02 52 52.054      26.6
906
907
 2013 04 20 04 54 34.508     2013 04 20 04 57 18.024     163.5
 2013 04 20 20 16  2.406     2013 04 20 20 18 39.471     157.1
908
 2013 04 20 09 40 46.629     2013 04 20 09 43 23.069     156.4
909
910
 2013 04 20 11 22 53.707     2013 04 20 11 26  1.433     187.7
 2013 04 20 23 14 55.114     2013 04 20 23 15 37.692      42.6
911
 2013 04 20 23 16 16.129     2013 04 20 23 19 32.787     196.7
912
 2013 04 20 05 38 38.220     2013 04 20 05 41 13.907     155.7
 2013 04 20 22 40 54.243     2013 04 20 22 43 41.064     166.8
913
 2013 04 20 05 19 30.878     2013 04 20 05 22 26.246     175.4
 2013 04 20 13 32 27.982     2013 04 20 13 36  6.624     218.6
914
 2013 04 20 10 38 50.794     2013 04 20 10 41 42.351     171.6
915
 2013 04 20 07 23 18.000     2013 04 20 07 27  2.808     224.8
916
 2013 04 20 10 39 20.135     2013 04 20 10 42 13.027     172.9
917
 2013 04 20 05 14 50.384     2013 04 20 05 15 46.553      56.2
918
 2013 04 20 18 32 27.468     2013 04 20 18 33 12.779      45.3
919
 2013 04 20 12 25 29.814     2013 04 20 12 26 15.387      45.6
 2013 04 20 20 37 29.608     2013 04 20 20 40 30.759     181.2
920
 2013 04 20 04 48 41.787     2013 04 20 04 52  4.326     202.5
 2013 04 20 23 29 43.181     2013 04 20 23 33 20.244     217.1
921
922
 2013 04 20 00 15 30.163     2013 04 20 00 18 11.286     161.1
 2013 04 20 13 52 13.612     2013 04 20 13 55 20.370     186.8
923
924
 2013 04 20 00 22 40.002     2013 04 20 00 25 23.446     163.4
 2013 04 20 12 10 53.597     2013 04 20 12 13 42.669     169.1
925
 2013 04 20 14 48 32.685     2013 04 20 14 51 16.777     164.1
 2013 04 20 21 23  5.147     2013 04 20 21 25 41.356     156.2
926
 2013 04 20 16 57 13.268     2013 04 20 17 00 42.505     209.2
927
 2013 04 20 02 07 27.235     2013 04 20 02 10 31.310     184.1
928
 2013 04 20 01 06  4.144     2013 04 20 01 08 40.461     156.3
929
 2013 04 20 06 06 52.192     2013 04 20 06 09 30.796     158.6
 2013 04 20 14 20  8.268     2013 04 20 14 23 47.720     219.5
930
931
 2013 04 20 09 58 25.224     2013 04 20 10 01 25.215     180.0
932
933
 2013 04 20 08 26 29.514     2013 04 20 08 29 18.689     169.2
 2013 04 20 16 43 22.340     2013 04 20 16 46 13.303     171.0
934
 2013 04 20 05 05  5.712     2013 04 20 05 07 36.894     151.2
 2013 04 20 16 54 40.733     2013 04 20 16 58 25.439     224.7
935
 2013 04 20 05 11 46.375     2013 04 20 05 14 23.154     156.8
 2013 04 20 15 16 34.468     2013 04 20 15 17  2.930      28.5
936
 2013 04 20 06 11 39.381     2013 04 20 06 15   .697     201.3
 2013 04 20 11 07  3.268     2013 04 20 11 09 39.218     156.0
937
938
 2013 04 20 15 29 50.965     2013 04 20 15 32 27.023     156.1
939
 2013 04 20 01 03 31.356     2013 04 20 01 06 11.761     160.4
 2013 04 20 14 40  8.588     2013 04 20 14 42 41.782     153.2
940
941
 2013 04 20 04 30 13.040     2013 04 20 04 33   .663     167.6
 2013 04 20 12 47  7.241     2013 04 20 12 50  6.010     178.8
942
 2013 04 20 02 51   .688     2013 04 20 02 53 42.326     161.6
 2013 04 20 12 52 19.603     2013 04 20 12 54 55.650     156.0
943
 2013 04 20 17 48 35.412     2013 04 20 17 49 49.706      74.3
944
 2013 04 20 07 41  8.429     2013 04 20 07 44 49.507     221.1
 2013 04 20 15 53 28.447     2013 04 20 15 54 26.793      58.3
945
 2013 04 20 10 50 33.307     2013 04 20 10 53 55.260     202.0
946
 2013 04 20 18 18 25.961     2013 04 20 18 22  8.253     222.3
947
 2013 04 20 06 32 58.394     2013 04 20 06 36 37.238     218.8
 2013 04 20 20 11 53.944     2013 04 20 20 14 28.125     154.2
948
 2013 04 20 00 23 37.404     2013 04 20 00 27  2.297     204.9
 2013 04 20 12 09 49.691     2013 04 20 12 12 25.649     156.0
949
 2013 04 20 14 29 24.494     2013 04 20 14 33  3.146     218.7
950
 2013 04 20 04 12 16.813     2013 04 20 04 13 41.277      84.5
 2013 04 20 17 49 28.208     2013 04 20 17 52 44.904     196.7
951
 2013 04 20 05 10 28.104     2013 04 20 05 10 32.165       4.1
 2013 04 20 16 52 57.778     2013 04 20 16 55 32.716     154.9
952
 2013 04 20 04 50 59.512     2013 04 20 04 53 40.638     161.1
 2013 04 20 21 53 19.215     2013 04 20 21 55 55.814     156.6
953
 2013 04 20 09 56 40.692     2013 04 20 09 59 27.542     166.8
 2013 04 20 19 56 16.214     2013 04 20 19 58 51.032     154.8
954
 2013 04 20 10 50 52.003     2013 04 20 10 51 23.418      31.4
 2013 04 20 17 27 20.386     2013 04 20 17 30 53.196     212.8
955
 2013 04 20 02 34  1.878     2013 04 20 02 37 29.351     207.5
 2013 04 20 17 51 50.038     2013 04 20 17 52 23.821      33.8
956
 2013 04 20 03 23 23.626     2013 04 20 03 25 55.576     151.9
957
 2013 04 20 19 29 45.159     2013 04 20 19 32 36.838     171.7
958
 2013 04 20 21 27 57.021     2013 04 20 21 28 41.403      44.4
959
 2013 04 20 14 50 35.962     2013 04 20 14 53 34.308     178.3
 2013 04 20 19 45 44.826     2013 04 20 19 48 49.077     184.3
960
 2013 04 20 08 53 19.685     2013 04 20 08 53 22.002       2.3
961
 2013 04 20 22 29 32.465     2013 04 20 22 32 37.623     185.2
962
 2013 04 20 10 33 11.980     2013 04 20 10 35 45.696     153.7
963
 2013 04 20 14 35 26.271     2013 04 20 14 39  5.332     219.1
964
 2013 04 20 01 02 23.881     2013 04 20 01 04 58.992     155.1
 2013 04 20 14 40  6.444     2013 04 20 14 43 17.491     191.0
965
 2013 04 20 10 41 17.759     2013 04 20 10 44 43.358     205.6
 2013 04 20 20 49 13.302     2013 04 20 20 49 20.162       6.9
966
 2013 04 20 15 36 47.026     2013 04 20 15 37 41.841      54.8
 2013 04 20 22 10 49.064     2013 04 20 22 11 40.772      51.7
967
 2013 04 20 10 51  3.100     2013 04 20 10 54 35.505     212.4
 2013 04 20 17 25  1.437     2013 04 20 17 28 13.831     192.4
968
 2013 04 20 08 55 58.344     2013 04 20 08 57 14.786      76.4
 2013 04 20 22 32 33.007     2013 04 20 22 36 14.156     221.1
969
 2013 04 20 06 42 32.243     2013 04 20 06 45 13.152     160.9
 2013 04 20 18 27 57.840     2013 04 20 18 28   .234       2.4
970
 2013 04 20 21 51 29.639     2013 04 20 21 54 24.326     174.7
971
 2013 04 20 13 12 21.102     2013 04 20 13 16  6.932     225.8
 2013 04 20 19 52 13.134     2013 04 20 19 52 37.719      24.6
972
 2013 04 20 20 05 46.586     2013 04 20 20 09  6.409     199.8
973
 2013 04 20 05 58 45.742     2013 04 20 06 01 45.467     179.7
 2013 04 20 16 01 35.355     2013 04 20 16 05   .538     205.2
974
975
 2013 04 20 01 07 34.560     2013 04 20 01 10 46.520     192.0
976
 2013 04 20 08 27 12.334     2013 04 20 08 30 40.112     207.8
 2013 04 20 16 43 42.168     2013 04 20 16 46 32.124     170.0
977
 2013 04 20 09 48 45.046     2013 04 20 09 51 15.973     150.9
 2013 04 20 21 38 29.792     2013 04 20 21 41 42.404     192.6
978
979
 2013 04 20 06 26 35.009     2013 04 20 06 27  5.135      30.1
980
981
 2013 04 20 01 52 45.827     2013 04 20 01 55 33.042     167.2
982
 2013 04 20 06 27 21.489     2013 04 20 06 31  5.807     224.3
 2013 04 20 21 51 16.805     2013 04 20 21 54 23.416     186.6
983
 2013 04 20 08 29 50.061     2013 04 20 08 32 37.370     167.3
 2013 04 20 15 04 49.832     2013 04 20 15 08  9.544     199.7
984
985
 2013 04 20 09 14 48.103     2013 04 20 09 15 44.887      56.8
 2013 04 20 17 30 46.458     2013 04 20 17 34 21.930     215.5
986
 2013 04 20 00 55  7.008     2013 04 20 00 58 25.012     198.0
 2013 04 20 17 58 19.868     2013 04 20 18 01 14.062     174.2
987
 2013 04 20 14 03 37.512     2013 04 20 14 06 24.850     167.3
 2013 04 20 18 58 32.689     2013 04 20 19 01 22.205     169.5
988
 2013 04 20 01 44 22.155     2013 04 20 01 46 55.596     153.4
 2013 04 20 17 06 16.270     2013 04 20 17 09 59.259     223.0
989
 2013 04 20 02 37  3.338     2013 04 20 02 39 37.665     154.3
 2013 04 20 16 14 31.331     2013 04 20 16 17 32.135     180.8
990
 2013 04 20 08 19 18.876     2013 04 20 08 22 41.566     202.7
991
 2013 04 20 03 47 41.882     2013 04 20 03 50 17.141     155.3
 2013 04 20 10 21 15.430     2013 04 20 10 23 55.844     160.4
992
 2013 04 20 06 00 27.565     2013 04 20 06 03 52.443     204.9
 2013 04 20 16 01 20.899     2013 04 20 16 04 18.126     177.2
993
 2013 04 20 19 06 57.003     2013 04 20 19 09 51.925     174.9
994
 2013 04 20 02 03 10.163     2013 04 20 02 06 40.866     210.7
 2013 04 20 12 03 15.359     2013 04 20 12 06 44.888     209.5
995
 2013 04 20 09 42  7.352     2013 04 20 09 44 45.717     158.4
 2013 04 20 23 19 57.310     2013 04 20 23 22 53.425     176.1
996
 2013 04 20 07 35 38.117     2013 04 20 07 38 55.078     197.0
 2013 04 20 17 33 46.930     2013 04 20 17 36 30.790     163.9
997
 2013 04 20 06 37 20.077     2013 04 20 06 40 58.957     218.9
998
 2013 04 20 08 56  5.440     2013 04 20 08 57  9.532      64.1
 2013 04 20 22 32 24.596     2013 04 20 22 33 14.454      49.9
999
 2013 04 20 12 22 19.122     2013 04 20 12 25 15.155     176.0
 2013 04 20 20 38  6.469     2013 04 20 20 41 33.994     207.5
1000
 2013 04 20 17 45 49.517     2013 04 20 17 48 26.003     156.5
1001
 2013 04 20 08 09  3.487     2013 04 20 08 11 45.803     162.3
 2013 04 20 21 45   .258     2013 04 20 21 47 54.820     174.6
1002
1003
 2013 04 20 10 45  9.356     2013 04 20 10 47 58.460     169.1
 2013 04 20 20 43 22.532     2013 04 20 20 44  1.608      39.1
1004
 2013 04 20 04 14 20.897     2013 04 20 04 14 54.107      33.2
1005
 2013 04 20 11 26 29.547     2013 04 20 11 29 32.402     182.9
1006
 2013 04 20 07 43 27.786     2013 04 20 07 46  7.971     160.2
 2013 04 20 14 17 19.336     2013 04 20 14 19 53.765     154.4
1007
 2013 04 20 08 07 24.291     2013 04 20 08 10 22.492     178.2
 2013 04 20 21 45 54.338     2013 04 20 21 48 46.071     171.7
1008
 2013 04 20 08 22  1.341     2013 04 20 08 22 19.330      18.0
 2013 04 20 18 20 58.585     2013 04 20 18 23 34.165     155.6
1009
 2013 04 20 03 34   .355     2013 04 20 03 36 32.478     152.1
1010
 2013 04 20 14 51 26.581     2013 04 20 14 54 45.274     198.7
 2013 04 20 19 46 40.555     2013 04 20 19 49 16.488     155.9
1011
 2013 04 20 15 14 49.597     2013 04 20 15 16 12.115      82.5
1012
 2013 04 20 08 18  4.478     2013 04 20 08 20 49.493     165.0
1013
1014
 2013 04 20 11 28 11.889     2013 04 20 11 30 44.839     152.9
1015
 2013 04 20 06 08 20.407     2013 04 20 06 11  7.754     167.3
 2013 04 20 12 43 16.497     2013 04 20 12 46 20.696     184.2
1016
 2013 04 20 10 47 28.539     2013 04 20 10 50 11.520     163.0
 2013 04 20 19 07 45.633     2013 04 20 19 07 47.297       1.7
1017
1018
1019
 2013 04 20 19 05 58.318     2013 04 20 19 06 45.604      47.3
1020
 2013 04 20 12 28 44.934     2013 04 20 12 31 30.135     165.2
 2013 04 20 17 23 38.182     2013 04 20 17 26 52.989     194.8
1021
 2013 04 20 13 53 30.697     2013 04 20 13 57  8.551     217.9
1022
 2013 04 20 02 06 36.645     2013 04 20 02 09 59.639     203.0
1023
 2013 04 20 05 04 17.118     2013 04 20 05 07 51.747     214.6
 2013 04 20 16 56 23.197     2013 04 20 16 59 29.733     186.5
1024
 2013 04 20 07 26 50.298     2013 04 20 07 29 38.658     168.4
 2013 04 20 19 17 18.794     2013 04 20 19 20 17.731     178.9
1025
 2013 04 20 05 37 53.747     2013 04 20 05 41 25.425     211.7
 2013 04 20 22 39 48.135     2013 04 20 22 42 28.100     160.0
1026
 2013 04 20 02 29 13.456     2013 04 20 02 32 14.904     181.4
 2013 04 20 19 32 40.766     2013 04 20 19 35 16.085     155.3
1027
 2013 04 20 01 27  7.403     2013 04 20 01 29 54.802     167.4
 2013 04 20 06 22   .415     2013 04 20 06 25 45.946     225.5
 2013 04 20 07 59 41.457     2013 04 20 08 00 10.855      29.4
1028
 2013 04 20 06 25 22.593     2013 04 20 06 28 31.405     188.8
 2013 04 20 23 28 59.143     2013 04 20 23 31 36.137     157.0
1029
 2013 04 20 13 46 26.051     2013 04 20 13 46 40.469      14.4
1030
 2013 04 20 16 48 44.282     2013 04 20 16 52 11.989     207.7
1031
 2013 04 20 03 47 58.815     2013 04 20 03 48 38.980      40.2
 2013 04 20 10 22 28.600     2013 04 20 10 25 59.237     210.6
1032
 2013 04 20 02 56 53.529     2013 04 20 02 57 58.015      64.5
1033
 2013 04 20 21 28 25.178     2013 04 20 21 31 33.133     188.0
1034
 2013 04 20 08 23 32.241     2013 04 20 08 25 27.299     115.1
1035
 2013 04 20 04 03 34.247     2013 04 20 04 06 57.012     202.8
 2013 04 20 21 05 25.495     2013 04 20 21 08  7.676     162.2
1036
1037
 2013 04 20 07 29   .778     2013 04 20 07 32 16.219     195.4
 2013 04 20 19 16  1.555     2013 04 20 19 16 39.900      38.3
1038
 2013 04 20 05 44 25.841     2013 04 20 05 47 50.219     204.4
1039
 2013 04 20 02 53 29.038     2013 04 20 02 56 43.226     194.2
1040
 2013 04 20 19 26 16.073     2013 04 20 19 29 55.677     219.6
1041
1042
 2013 04 20 13 10 56.945     2013 04 20 13 14 10.297     193.4
 2013 04 20 21 25  7.970     2013 04 20 21 27 51.825     163.9
1043
 2013 04 20 15 11 11.592     2013 04 20 15 13 47.808     156.2
1044
 2013 04 20 08 54 32.162     2013 04 20 08 54 43.042      10.9
 2013 04 20 22 33 48.296     2013 04 20 22 36 21.443     153.1
1045
1046
 2013 04 20 06 08 39.493     2013 04 20 06 09 34.439      54.9
 2013 04 20 14 19 35.495     2013 04 20 14 22 18.346     162.9
1047
1048
 2013 04 20 05 15 32.401     2013 04 20 05 18  4.793     152.4
1049
 2013 04 20 04 37 19.302     2013 04 20 04 40 21.668     182.4
 2013 04 20 09 32 22.276     2013 04 20 09 34 57.207     154.9
1050
 2013 04 20 04 09 42.500     2013 04 20 04 13 14.806     212.3
1051
 2013 04 20 09 54 45.533     2013 04 20 09 57 51.758     186.2
1052
 2013 04 20 08 06 34.973     2013 04 20 08 09 51.805     196.8
 2013 04 20 21 46  6.617     2013 04 20 21 49 34.323     207.7
1053
 2013 04 20 06 55 50.261     2013 04 20 06 58 32.474     162.2
 2013 04 20 13 29 49.278     2013 04 20 13 32 33.795     164.5
1054
 2013 04 20 22 16 20.016     2013 04 20 22 18 52.562     152.5
1055
 2013 04 20 09 08 15.322     2013 04 20 09 11 11.671     176.3
 2013 04 20 19 10 32.094     2013 04 20 19 13 23.376     171.3
1056
 2013 04 20 02 10 29.096     2013 04 20 02 13  2.139     153.0
 2013 04 20 10 24 23.538     2013 04 20 10 27 48.339     204.8
1057
 2013 04 20 07 42 28.566     2013 04 20 07 43 45.473      76.9
 2013 04 20 14 18 41.637     2013 04 20 14 21 36.604     175.0
1058
 2013 04 20 11 36 14.164     2013 04 20 11 38 55.816     161.7
 2013 04 20 19 51 19.845     2013 04 20 19 53 54.711     154.9
1059
 2013 04 20 03 20 27.789     2013 04 20 03 20 47.297      19.5
 2013 04 20 18 41 42.172     2013 04 20 18 42 43.803      61.6
1060
 2013 04 20 10 34 29.014     2013 04 20 10 37 25.886     176.9
1061
 2013 04 20 05 05 25.879     2013 04 20 05 08 39.096     193.2
 2013 04 20 16 53 45.013     2013 04 20 16 57 13.297     208.3
1062
 2013 04 20 20 53 45.736     2013 04 20 20 56 56.380     190.6
1063
 2013 04 20 14 49 10.835     2013 04 20 14 51 50.475     159.6
 2013 04 20 21 22 56.877     2013 04 20 21 25 45.267     168.4
1064
 2013 04 20 14 48  2.182     2013 04 20 14 48 16.591      14.4
 2013 04 20 16 26  1.272     2013 04 20 16 29 31.339     210.1
 2013 04 20 21 21 20.037     2013 04 20 21 23 57.749     157.7
1065
1066
 2013 04 20 00 37 35.732     2013 04 20 00 37 45.491       9.8
 2013 04 20 08 48 51.329     2013 04 20 08 51 57.453     186.1
1067
 2013 04 20 05 49 15.182     2013 04 20 05 50 25.846      70.7
 2013 04 20 19 21 48.884     2013 04 20 19 24 24.435     155.6
1068
 2013 04 20 15 16  1.501     2013 04 20 15 19 11.797     190.3
1069
 2013 04 20 18 22 22.983     2013 04 20 18 23  5.663      42.7
1070
 2013 04 20 13 50   .136     2013 04 20 13 53 14.449     194.3
1071
 2013 04 20 05 15 36.801     2013 04 20 05 18 32.502     175.7
1072
 2013 04 20 01 53 44.204     2013 04 20 01 56 31.900     167.7
1073
 2013 04 20 01 51 53.864     2013 04 20 01 55  1.450     187.6
 2013 04 20 15 25 21.209     2013 04 20 15 28 32.532     191.3
1074
 2013 04 20 04 06 50.709     2013 04 20 04 07  4.557      13.8
 2013 04 20 21 04 58.826     2013 04 20 21 07 34.158     155.3
1075
 2013 04 20 16 09 47.309     2013 04 20 16 12 28.779     161.5
1076
 2013 04 20 16 21 17.843     2013 04 20 16 24 48.457     210.6
 2013 04 20 22 55 17.317     2013 04 20 22 59  3.941     226.6
1077
 2013 04 20 04 16 44.090     2013 04 20 04 19 18.019     153.9
1078
 2013 04 20 03 22 42.031     2013 04 20 03 26 10.245     208.2
1079
 2013 04 20 04 27  8.415     2013 04 20 04 29 43.803     155.4
 2013 04 20 14 25 21.177     2013 04 20 14 28 30.642     189.5
1080
 2013 04 20 10 40 14.985     2013 04 20 10 42 55.252     160.3
1081
1082
 2013 04 20 14 45 11.586     2013 04 20 14 48 18.701     187.1
 2013 04 20 23 01 21.784     2013 04 20 23 04  7.173     165.4
1083
1084
 2013 04 20 05 03 31.887     2013 04 20 05 06 46.851     195.0
1085
1086
 2013 04 20 08 56 22.419     2013 04 20 08 59 38.924     196.5
 2013 04 20 22 30 51.621     2013 04 20 22 33 30.178     158.6
1087
 2013 04 20 04 11  5.485     2013 04 20 04 14 42.789     217.3
 2013 04 20 17 50 12.953     2013 04 20 17 52 47.222     154.3
1088
 2013 04 20 12 22 14.610     2013 04 20 12 24 49.315     154.7
 2013 04 20 20 38 43.885     2013 04 20 20 42 22.872     219.0
1089
 2013 04 20 12 12 55.844     2013 04 20 12 16 26.705     210.9
1090
 2013 04 20 02 39 30.007     2013 04 20 02 42 43.712     193.7
1091
 2013 04 20 03 46 31.618     2013 04 20 03 50 13.972     222.4
 2013 04 20 10 22 27.602     2013 04 20 10 25 15.719     168.1
1092
 2013 04 20 13 15 46.034     2013 04 20 13 19 23.536     217.5
 2013 04 20 18 11 31.092     2013 04 20 18 14 55.241     204.1
1093
 2013 04 20 09 55 34.718     2013 04 20 09 58  5.758     151.0
 2013 04 20 19 57  1.811     2013 04 20 20 00 19.618     197.8
1094
1095
 2013 04 20 09 12 27.935     2013 04 20 09 15  4.629     156.7
1096
 2013 04 20 00 13 21.165     2013 04 20 00 15 55.679     154.5
1097
 2013 04 20 00 31 46.519     2013 04 20 00 34 18.906     152.4
1098
 2013 04 20 08 14  7.622     2013 04 20 08 16 39.530     151.9
 2013 04 20 20 04  5.341     2013 04 20 20 07 25.890     200.5
1099
 2013 04 20 01 57 30.499     2013 04 20 02 00   .987     150.5
 2013 04 20 13 45 42.744     2013 04 20 13 48 16.909     154.2
1100
 2013 04 20 08 26  7.500     2013 04 20 08 29 27.466     200.0
 2013 04 20 16 43 48.216     2013 04 20 16 46 40.738     172.5
1101
 2013 04 20 22 59  8.610     2013 04 20 23 01 44.619     156.0
1102
 2013 04 20 12 01  2.844     2013 04 20 12 04  1.655     178.8
1103
1104
1105
 2013 04 20 14 50  8.448     2013 04 20 14 50 53.957      45.5
 2013 04 20 16 24 45.565     2013 04 20 16 25 10.512      24.9
 2013 04 20 21 20 52.754     2013 04 20 21 24  5.766     193.0
1106
 2013 04 20 07 16 51.299     2013 04 20 07 20 15.199     203.9
 2013 04 20 22 37 33.556     2013 04 20 22 41 14.736     221.2
1107
 2013 04 20 16 13 55.879     2013 04 20 16 15 16.559      80.7
1108
 2013 04 20 05 37 46.484     2013 04 20 05 40 23.424     156.9
 2013 04 20 22 40 39.137     2013 04 20 22 43 19.157     160.0
1109
 2013 04 20 12 47 13.742     2013 04 20 12 47 23.490       9.7
1110
 2013 04 20 10 37  9.770     2013 04 20 10 40  6.555     176.8
 2013 04 20 22 25 46.883     2013 04 20 22 28 30.406     163.5
1111
 2013 04 20 16 24 46.712     2013 04 20 16 27 21.652     154.9
 2013 04 20 21 19 22.371     2013 04 20 21 22 40.117     197.7
1112
 2013 04 20 04 51 31.896     2013 04 20 04 55 11.357     219.5
 2013 04 20 21 52  1.733     2013 04 20 21 55 49.514     227.8
1113
 2013 04 20 02 03  1.265     2013 04 20 02 06 23.977     202.7
 2013 04 20 12 03 18.506     2013 04 20 12 07  2.307     223.8
1114
 2013 04 20 05 45 39.640     2013 04 20 05 48 47.046     187.4
 2013 04 20 19 22 20.204     2013 04 20 19 25 55.178     215.0
1115
 2013 04 20 15 24 37.349     2013 04 20 15 27 49.101     191.8
1116
 2013 04 20 07 40 19.248     2013 04 20 07 43  4.624     165.4
 2013 04 20 15 55  6.498     2013 04 20 15 57 42.533     156.0
1117
 2013 04 20 08 57 48.978     2013 04 20 09 01  9.978     201.0
1118
1119
 2013 04 20 01 15 33.463     2013 04 20 01 16 13.724      40.3
 2013 04 20 12 55 15.665     2013 04 20 12 55 53.189      37.5
1120
 2013 04 20 05 17  2.604     2013 04 20 05 19 36.725     154.1
 2013 04 20 13 33 43.823     2013 04 20 13 37 29.764     225.9
1121
 2013 04 20 22 22 42.878     2013 04 20 22 26 16.991     214.1
1122
 2013 04 20 13 01  5.483     2013 04 20 13 04 10.123     184.6
1123
 2013 04 20 20 37 12.852     2013 04 20 20 39 56.069     163.2
1124
 2013 04 20 09 00 53.642     2013 04 20 09 03 47.431     173.8
 2013 04 20 20 51 52.899     2013 04 20 20 55 11.598     198.7
1125
 2013 04 20 16 11 16.240     2013 04 20 16 13 46.799     150.6
1126
 2013 04 20 02 43 44.343     2013 04 20 02 47  9.475     205.1
 2013 04 20 14 34 19.784     2013 04 20 14 36 49.674     149.9
1127
 2013 04 20 08 22  9.124     2013 04 20 08 22 26.142      17.0
 2013 04 20 18 22 58.328     2013 04 20 18 26 35.613     217.3
1128
 2013 04 20 21 40 29.753     2013 04 20 21 43  2.964     153.2
1129
 2013 04 20 06 26 11.571     2013 04 20 06 29 48.781     217.2
 2013 04 20 23 28 55.298     2013 04 20 23 32 33.925     218.6
1130
 2013 04 20 06 04 18.327     2013 04 20 06 06 59.267     160.9
 2013 04 20 14 20 25.748     2013 04 20 14 21  7.281      41.5
1131
 2013 04 20 16 49 14.001     2013 04 20 16 52 26.531     192.5
1132
 2013 04 20 01 08 14.119     2013 04 20 01 11 29.057     194.9
1133
 2013 04 20 05 46 15.657     2013 04 20 05 49  3.344     167.7
 2013 04 20 19 23 55.831     2013 04 20 19 26 30.301     154.5
1134
 2013 04 20 06 42 33.228     2013 04 20 06 45 59.613     206.4
1135
 2013 04 20 10 03 40.126     2013 04 20 10 07  1.816     201.7
 2013 04 20 16 39 25.043     2013 04 20 16 39 32.879       7.8
1136
 2013 04 20 18 00 29.664     2013 04 20 18 03 25.933     176.3
 2013 04 20 22 55 18.239     2013 04 20 22 57 55.076     156.8
1137
 2013 04 20 12 07 21.410     2013 04 20 12 11  4.007     222.6
1138
 2013 04 20 06 31 35.078     2013 04 20 06 34  7.137     152.1
1139
 2013 04 20 10 32  7.020     2013 04 20 10 35 47.620     220.6
1140
 2013 04 20 06 10  4.031     2013 04 20 06 12 43.716     159.7
 2013 04 20 11 04 25.127     2013 04 20 11 04 37.704      12.6
 2013 04 20 12 42 37.626     2013 04 20 12 45 58.729     201.1
1141
 2013 04 20 02 39 30.309     2013 04 20 02 42 20.147     169.8
 2013 04 20 16 12 32.573     2013 04 20 16 16 10.804     218.2
1142
 2013 04 20 06 28 16.276     2013 04 20 06 31 43.721     207.4
 2013 04 20 21 51 12.896     2013 04 20 21 53 48.352     155.5
1143
 2013 04 20 06 46 36.370     2013 04 20 06 49 10.361     154.0
 2013 04 20 16 48 17.580     2013 04 20 16 51 31.252     193.7
1144
 2013 04 20 11 22 25.623     2013 04 20 11 25 57.904     212.3
 2013 04 20 23 14 12.410     2013 04 20 23 17  5.414     173.0
1145
 2013 04 20 04 02 38.706     2013 04 20 04 05 28.052     169.3
 2013 04 20 21 05 31.173     2013 04 20 21 08 41.626     190.5
1146
1147
 2013 04 20 06 06 21.482     2013 04 20 06 09  5.632     164.1
 2013 04 20 14 20 23.337     2013 04 20 14 23 22.924     179.6
1148
 2013 04 20 08 55 12.678     2013 04 20 08 58 51.776     219.1
 2013 04 20 22 30 56.966     2013 04 20 22 33 44.256     167.3
1149
 2013 04 20 14 37 13.015     2013 04 20 14 39 47.622     154.6
1150
 2013 04 20 04 51 57.555     2013 04 20 04 55  8.076     190.5
 2013 04 20 21 52 14.676     2013 04 20 21 52 49.969      35.3
1151
 2013 04 20 06 00 14.679     2013 04 20 06 02 59.961     165.3
 2013 04 20 16 00 17.907     2013 04 20 16 02 56.178     158.3
1152
 2013 04 20 20 00 30.440     2013 04 20 20 03 11.982     161.5
1153
1154
 2013 04 20 06 47 50.507     2013 04 20 06 50 50.619     180.1
 2013 04 20 16 47  3.888     2013 04 20 16 49 37.846     154.0
1155
 2013 04 20 05 00 38.820     2013 04 20 05 00 42.070       3.2
1156
 2013 04 20 03 19 21.399     2013 04 20 03 22 18.825     177.4
 2013 04 20 18 41 53.350     2013 04 20 18 44 35.929     162.6
1157
 2013 04 20 12 25 14.168     2013 04 20 12 28  4.658     170.5
1158
1159
 2013 04 20 04 52 11.048     2013 04 20 04 55 38.389     207.3
1160
 2013 04 20 14 43 21.660     2013 04 20 14 46  7.132     165.5
1161
 2013 04 20 02 41 46.728     2013 04 20 02 44 21.213     154.5
1162
 2013 04 20 13 06 33.287     2013 04 20 13 09  9.477     156.2
 2013 04 20 23 04 52.941     2013 04 20 23 07 52.666     179.7
1163
 2013 04 20 09 14  7.398     2013 04 20 09 17 10.607     183.2
 2013 04 20 17 29 20.369     2013 04 20 17 31 58.764     158.4
1164
 2013 04 20 01 22 55.141     2013 04 20 01 25 31.162     156.0
 2013 04 20 09 37 33.340     2013 04 20 09 40 31.898     178.6
1165
 2013 04 20 02 08 53.096     2013 04 20 02 12  6.762     193.7
 2013 04 20 10 25 54.285     2013 04 20 10 28 29.087     154.8
1166
1167
 2013 04 20 03 25 25.279     2013 04 20 03 28 46.906     201.6
 2013 04 20 17 01 55.614     2013 04 20 17 05 12.611     197.0
1168
 2013 04 20 23 21 39.582     2013 04 20 23 24 21.157     161.6
1169
 2013 04 20 08 10 52.389     2013 04 20 08 13 22.642     150.3
1170
 2013 04 20 04 00 14.467     2013 04 20 04 03 43.087     208.6
 2013 04 20 22 42 25.442     2013 04 20 22 45   .601     155.2
1171
 2013 04 20 01 43 58.315     2013 04 20 01 46 31.647     153.3
1172
 2013 04 20 15 25 20.697     2013 04 20 15 28 14.285     173.6
1173
 2013 04 20 04 33 33.777     2013 04 20 04 36  9.721     155.9
 2013 04 20 11 08  8.015     2013 04 20 11 11 42.488     214.5
1174
1175
 2013 04 20 11 22  5.142     2013 04 20 11 23 30.399      85.3
 2013 04 20 23 14 22.979     2013 04 20 23 17 23.911     180.9
1176
 2013 04 20 02 53  3.061     2013 04 20 02 56 21.097     198.0
 2013 04 20 12 49 35.813     2013 04 20 12 53 13.058     217.2
1177
 2013 04 20 06 44 56.164     2013 04 20 06 47 26.329     150.2
1178
 2013 04 20 00 58 11.718     2013 04 20 01 01  6.556     174.8
 2013 04 20 16 20  3.705     2013 04 20 16 22 37.566     153.9
1179
 2013 04 20 02 34  1.914     2013 04 20 02 36 43.120     161.2
 2013 04 20 17 53 23.161     2013 04 20 17 54 47.898      84.7
1180
 2013 04 20 00 23 35.384     2013 04 20 00 26 26.393     171.0
 2013 04 20 12 11 19.285     2013 04 20 12 14 25.754     186.5
1181
 2013 04 20 00 27 36.157     2013 04 20 00 30 11.089     154.9
1182
 2013 04 20 12 54 29.958     2013 04 20 12 58  3.530     213.6
1183
1184
1185
 2013 04 20 10 00 29.932     2013 04 20 10 03  5.592     155.7
 2013 04 20 18 16 39.437     2013 04 20 18 20 26.610     227.2
1186
 2013 04 20 10 37 10.869     2013 04 20 10 40 13.740     182.9
 2013 04 20 22 25 46.984     2013 04 20 22 28 36.109     169.1
1187
 2013 04 20 05 37 40.502     2013 04 20 05 40 29.329     168.8
 2013 04 20 22 40 19.549     2013 04 20 22 42 58.150     158.6
1188
 2013 04 20 05 59 35.281     2013 04 20 05 59 50.644      15.4
 2013 04 20 17 38 26.391     2013 04 20 17 38 38.241      11.8
1189
 2013 04 20 03 17 36.809     2013 04 20 03 20 57.447     200.6
 2013 04 20 20 19 38.099     2013 04 20 20 20 16.477      38.4
1190
 2013 04 20 20 05 21.438     2013 04 20 20 08 45.952     204.5
1191
 2013 04 20 07 23 18.729     2013 04 20 07 26 46.434     207.7
1192
 2013 04 20 15 35 44.656     2013 04 20 15 38 48.889     184.2
 2013 04 20 22 09 12.297     2013 04 20 22 11 47.658     155.4
1193
 2013 04 20 04 29 43.617     2013 04 20 04 32 26.826     163.2
 2013 04 20 12 49  9.009     2013 04 20 12 49 48.196      39.2
1194
 2013 04 20 03 30  5.530     2013 04 20 03 30 23.512      18.0
 2013 04 20 16 58 58.537     2013 04 20 17 02 20.985     202.4
1195
 2013 04 20 01 08 38.086     2013 04 20 01 11 11.766     153.7
 2013 04 20 13 01 46.999     2013 04 20 13 02 41.037      54.0
1196
 2013 04 20 16 59 19.694     2013 04 20 17 01 55.790     156.1
1197
 2013 04 20 08 30   .842     2013 04 20 08 33 46.723     225.9
 2013 04 20 15 05 57.179     2013 04 20 15 08 40.022     162.8
1198
 2013 04 20 05 41 29.550     2013 04 20 05 44 23.774     174.2
 2013 04 20 21 02 15.084     2013 04 20 21 04 49.558     154.5
1199
 2013 04 20 01 43 30.123     2013 04 20 01 44 38.686      68.6
 2013 04 20 17 07 46.895     2013 04 20 17 11 24.057     217.2
