s1
0
 2013 04 20 12 29 20.129     2013 04 20 12 32 34.575     194.4
 2013 04 20 17 24 41.685     2013 04 20 17 27 22.836     161.2
1
 2013 04 20 17 08 14.508     2013 04 20 17 11  8.364     173.9
2
3
 2013 04 20 06 50 16.974     2013 04 20 06 52 58.714     161.7
4
 2013 04 20 13 02  6.436     2013 04 20 13 04 48.988     162.6
5
6
 2013 04 20 09 10 19.115     2013 04 20 09 12 53.129     154.0
 2013 04 20 19 09  5.313     2013 04 20 19 12  4.923     179.6
7
 2013 04 20 10 38 44.145     2013 04 20 10 41 18.267     154.1
 2013 04 20 22 24  1.250     2013 04 20 22 24 50.621      49.4
8
 2013 04 20 04 15 32.010     2013 04 20 04 18  5.404     153.4
9
 2013 04 20 09 18 25.497     2013 04 20 09 21 46.274     200.8
 2013 04 20 10 56  6.040     2013 04 20 10 59 48.078     222.0
 2013 04 20 14 12 44.383     2013 04 20 14 16 32.167     227.8
 2013 04 20 15 50 56.005     2013 04 20 15 54  6.016     190.0
10
 2013 04 20 04 47 59.593     2013 04 20 04 51  7.636     188.0
 2013 04 20 23 29 59.178     2013 04 20 23 32 40.026     160.8
11
 2013 04 20 09 41 19.820     2013 04 20 09 45   .798     221.0
 2013 04 20 23 20 57.329     2013 04 20 23 23 46.466     169.1
12
 2013 04 20 03 22 40.044     2013 04 20 03 26  3.136     203.1
13
14
 2013 04 20 00 25  3.819     2013 04 20 00 28  4.672     180.9
 2013 04 20 12 08 48.578     2013 04 20 12 09 42.459      53.9
15
 2013 04 20 16 11 52.220     2013 04 20 16 14 35.162     162.9
16
 2013 04 20 01 58 35.073     2013 04 20 01 59 28.170      53.1
17
 2013 04 20 08 57 57.933     2013 04 20 08 59 21.599      83.7
18
19
 2013 04 20 01 45  7.188     2013 04 20 01 48 11.428     184.2
 2013 04 20 17 05 53.613     2013 04 20 17 08 36.024     162.4
20
 2013 04 20 13 54 44.685     2013 04 20 13 57 24.966     160.3
21
 2013 04 20 05 14 38.594     2013 04 20 05 17 44.897     186.3
22
23
 2013 04 20 10 01 31.337     2013 04 20 10 05   .703     209.4
 2013 04 20 18 16  9.136     2013 04 20 18 18 44.210     155.1
24
 2013 04 20 11 19 19.441     2013 04 20 11 20 11.248      51.8
25
26
 2013 04 20 07 37  8.925     2013 04 20 07 40 37.026     208.1
27
 2013 04 20 21 47 37.171     2013 04 20 21 50 21.310     164.1
28
 2013 04 20 04 26 44.705     2013 04 20 04 30 16.030     211.3
 2013 04 20 14 24 35.711     2013 04 20 14 27 23.438     167.7
29
 2013 04 20 15 36 24.176     2013 04 20 15 39 38.863     194.7
 2013 04 20 17 14   .450     2013 04 20 17 17 47.289     226.8
 2013 04 20 20 30 42.720     2013 04 20 20 34 28.372     225.7
 2013 04 20 22 08 50.459     2013 04 20 22 12  4.690     194.2
30
31
 2013 04 20 02 45 11.563     2013 04 20 02 45 47.121      35.6
32
 2013 04 20 14 50  3.460     2013 04 20 14 53   .554     177.1
 2013 04 20 19 45  7.657     2013 04 20 19 48 54.695     227.0
 2013 04 20 21 22 45.419     2013 04 20 21 22 56.664      11.2
33
34
 2013 04 20 00 15 45.789     2013 04 20 00 15 46.438        .6
 2013 04 20 13 53 39.231     2013 04 20 13 56 49.133     189.9
35
 2013 04 20 05 03 15.677     2013 04 20 05 06 30.538     194.9
36
 2013 04 20 13 57 14.345     2013 04 20 13 59 52.557     158.2
 2013 04 20 22 13  9.090     2013 04 20 22 16  7.412     178.3
37
 2013 04 20 23 21 20.710     2013 04 20 23 25  4.492     223.8
38
 2013 04 20 01 14 15.395     2013 04 20 01 17 26.471     191.1
39
40
 2013 04 20 18 31  7.738     2013 04 20 18 34 14.407     186.7
41
 2013 04 20 15 58 59.298     2013 04 20 16 01 50.441     171.1
42
 2013 04 20 18 00 24.029     2013 04 20 18 03 27.927     183.9
 2013 04 20 22 55 23.747     2013 04 20 22 57 59.731     156.0
43
 2013 04 20 19 24  3.737     2013 04 20 19 25  7.088      63.4
44
 2013 04 20 05 52 40.187     2013 04 20 05 52 52.723      12.5
45
 2013 04 20 09 49 14.475     2013 04 20 09 51 50.121     155.6
 2013 04 20 21 38 40.402     2013 04 20 21 41 20.917     160.5
46
 2013 04 20 13 43 14.743     2013 04 20 13 45 53.288     158.5
47
 2013 04 20 12 07 30.484     2013 04 20 12 10 13.817     163.3
48
 2013 04 20 01 48 10.706     2013 04 20 01 51 37.307     206.6
 2013 04 20 15 31 40.015     2013 04 20 15 32 17.462      37.4
49
 2013 04 20 13 46 28.828     2013 04 20 13 50  3.667     214.8
50
51
 2013 04 20 16 05   .017     2013 04 20 16 07 31.113     151.1
52
 2013 04 20 14 35 55.998     2013 04 20 14 38 35.065     159.1
53
 2013 04 20 09 54 14.502     2013 04 20 09 56 53.273     158.8
54
 2013 04 20 17 38 31.951     2013 04 20 17 41 28.282     176.3
55
 2013 04 20 15 29 24.199     2013 04 20 15 31 58.476     154.3
56
 2013 04 20 06 05  5.509     2013 04 20 06 07 42.666     157.2
 2013 04 20 14 21 22.110     2013 04 20 14 24  5.783     163.7
57
 2013 04 20 10 45 13.171     2013 04 20 10 46 11.561      58.4
 2013 04 20 20 46   .047     2013 04 20 20 46 27.923      27.9
58
 2013 04 20 13 06 20.636     2013 04 20 13 06 52.166      31.5
59
 2013 04 20 15 24 21.428     2013 04 20 15 27 28.337     186.9
60
 2013 04 20 04 08 24.717     2013 04 20 04 09 15.096      50.4
61
 2013 04 20 14 28 38.383     2013 04 20 14 32 18.619     220.2
62
 2013 04 20 12 26 12.194     2013 04 20 12 28 51.165     159.0
 2013 04 20 19 00 26.038     2013 04 20 19 03 28.854     182.8
63
 2013 04 20 03 37 24.829     2013 04 20 03 38 44.707      79.9
64
 2013 04 20 01 11 39.375     2013 04 20 01 15 13.396     214.0
65
 2013 04 20 09 55 48.040     2013 04 20 09 55 51.236       3.2
 2013 04 20 21 34 43.910     2013 04 20 21 35 46.949      63.0
66
 2013 04 20 07 15 38.595     2013 04 20 07 19 14.908     216.3
 2013 04 20 22 36  9.767     2013 04 20 22 38 45.771     156.0
67
 2013 04 20 01 21 11.850     2013 04 20 01 24 49.363     217.5
 2013 04 20 09 38 58.945     2013 04 20 09 41 35.265     156.3
68
 2013 04 20 20 47 41.923     2013 04 20 20 50 30.337     168.4
69
 2013 04 20 01 10 25.327     2013 04 20 01 13 50.336     205.0
 2013 04 20 12 58 57.028     2013 04 20 13 02  8.519     191.5
70
 2013 04 20 16 24  4.583     2013 04 20 16 25 18.322      73.7
 2013 04 20 22 57 55.914     2013 04 20 22 58 30.697      34.8
71
 2013 04 20 10 51 45.260     2013 04 20 10 54 32.307     167.0
 2013 04 20 17 25 49.857     2013 04 20 17 28 45.183     175.3
72
73
 2013 04 20 05 19 13.864     2013 04 20 05 22 10.938     177.1
 2013 04 20 13 32 40.754     2013 04 20 13 35 56.163     195.4
74
 2013 04 20 04 05 52.468     2013 04 20 04 09  5.675     193.2
 2013 04 20 19 29  9.016     2013 04 20 19 32 20.003     191.0
75
76
 2013 04 20 06 52 48.370     2013 04 20 06 53 35.300      46.9
77
 2013 04 20 01 39 41.242     2013 04 20 01 42 50.592     189.3
 2013 04 20 20 21  1.413     2013 04 20 20 24 17.320     195.9
78
 2013 04 20 10 52 27.452     2013 04 20 10 55 32.549     185.1
 2013 04 20 17 27 19.281     2013 04 20 17 29 53.241     154.0
79
80
 2013 04 20 06 06 54.413     2013 04 20 06 09 30.749     156.3
 2013 04 20 14 20 12.830     2013 04 20 14 23 55.791     223.0
81
 2013 04 20 05 38 55.271     2013 04 20 05 42 20.217     204.9
 2013 04 20 22 41 34.345     2013 04 20 22 45  3.379     209.0
82
 2013 04 20 15 34 49.328     2013 04 20 15 38  5.412     196.1
 2013 04 20 22 08 45.803     2013 04 20 22 11 43.019     177.2
83
 2013 04 20 17 34 16.444     2013 04 20 17 35 27.300      70.9
84
 2013 04 20 19 14 23.580     2013 04 20 19 16 59.315     155.7
85
 2013 04 20 13 09 22.531     2013 04 20 13 12 53.482     211.0
 2013 04 20 21 27 18.997     2013 04 20 21 30 13.313     174.3
86
 2013 04 20 03 28 12.792     2013 04 20 03 30 43.029     150.2
87
 2013 04 20 00 57 31.109     2013 04 20 01 01 14.260     223.2
 2013 04 20 16 20 43.262     2013 04 20 16 23 16.321     153.1
88
 2013 04 20 14 47 39.415     2013 04 20 14 50 26.334     166.9
 2013 04 20 21 21 45.164     2013 04 20 21 24 58.095     192.9
89
90
 2013 04 20 02 40 45.235     2013 04 20 02 44 18.680     213.4
91
 2013 04 20 15 36 36.205     2013 04 20 15 39 22.479     166.3
 2013 04 20 22 09 20.195     2013 04 20 22 12 27.039     186.8
92
 2013 04 20 13 54 58.903     2013 04 20 13 57 36.649     157.7
93
 2013 04 20 05 49 59.992     2013 04 20 05 53 45.454     225.5
94
 2013 04 20 13 50  7.319     2013 04 20 13 52 41.346     154.0
95
 2013 04 20 07 23 20.078     2013 04 20 07 26 58.825     218.7
96
 2013 04 20 08 57  2.048     2013 04 20 09 00 44.373     222.3
97
 2013 04 20 07 27 30.585     2013 04 20 07 30 52.441     201.9
 2013 04 20 19 15 24.977     2013 04 20 19 18 23.220     178.2
98
 2013 04 20 08 59 44.150     2013 04 20 09 02 54.547     190.4
99
 2013 04 20 12 06 48.809     2013 04 20 12 09 54.628     185.8
100
101
 2013 04 20 00 15 40.787     2013 04 20 00 18 33.134     172.3
 2013 04 20 13 53 24.394     2013 04 20 13 55 59.284     154.9
102
 2013 04 20 03 45 58.643     2013 04 20 03 48 44.884     166.2
 2013 04 20 10 20  7.634     2013 04 20 10 21 37.425      89.8
103
 2013 04 20 00 08 50.313     2013 04 20 00 12 24.712     214.4
104
 2013 04 20 20 01 43.491     2013 04 20 20 04 54.056     190.6
105
 2013 04 20 15 58 37.320     2013 04 20 16 01  9.806     152.5
106
 2013 04 20 04 23 33.813     2013 04 20 04 27   .256     206.4
 2013 04 20 14 30 32.739     2013 04 20 14 31 19.171      46.4
107
 2013 04 20 02 34 52.537     2013 04 20 02 37 39.017     166.5
108
 2013 04 20 15 57 29.889     2013 04 20 16 00  7.116     157.2
109
 2013 04 20 01 16 51.021     2013 04 20 01 19 53.863     182.8
 2013 04 20 11 16 33.773     2013 04 20 11 19 11.591     157.8
110
 2013 04 20 15 25 21.786     2013 04 20 15 28 47.426     205.6
111
 2013 04 20 01 21 30.798     2013 04 20 01 25 10.441     219.6
 2013 04 20 09 36 33.140     2013 04 20 09 39 13.597     160.5
112
 2013 04 20 12 18 48.655     2013 04 20 12 20   .328      71.7
 2013 04 20 22 18 38.746     2013 04 20 22 18 47.627       8.9
113
 2013 04 20 04 36 24.754     2013 04 20 04 39 52.282     207.5
 2013 04 20 09 32  1.474     2013 04 20 09 35 13.271     191.8
114
 2013 04 20 07 38 50.967     2013 04 20 07 41 54.942     184.0
 2013 04 20 15 54 34.538     2013 04 20 15 58  4.396     209.9
115
 2013 04 20 06 41 37.170     2013 04 20 06 44 44.839     187.7
 2013 04 20 18 27 52.031     2013 04 20 18 30 30.510     158.5
116
 2013 04 20 00 23 23.549     2013 04 20 00 23 38.075      14.5
117
 2013 04 20 11 38 51.837     2013 04 20 11 39 46.116      54.3
 2013 04 20 13 16 43.867     2013 04 20 13 20 27.581     223.7
 2013 04 20 18 12 25.928     2013 04 20 18 15  2.167     156.2
118
 2013 04 20 01 25 10.435     2013 04 20 01 27 46.566     156.1
 2013 04 20 07 59 26.900     2013 04 20 08 02 17.655     170.8
119
 2013 04 20 05 22 34.368     2013 04 20 05 25 12.182     157.8
 2013 04 20 11 56  1.826     2013 04 20 11 59   .852     179.0
120
 2013 04 20 12 56 19.358     2013 04 20 12 56 32.976      13.6
121
122
 2013 04 20 02 42  1.347     2013 04 20 02 44 42.143     160.8
123
 2013 04 20 06 58 28.415     2013 04 20 07 01 31.092     182.7
 2013 04 20 11 53 40.942     2013 04 20 11 56 33.000     172.1
124
 2013 04 20 17 38 13.924     2013 04 20 17 40 47.370     153.4
125
 2013 04 20 23 15  1.505     2013 04 20 23 18 35.693     214.2
126
 2013 04 20 02 55   .482     2013 04 20 02 57 41.436     161.0
127
 2013 04 20 10 33  8.092     2013 04 20 10 35 42.782     154.7
128
 2013 04 20 08 02  4.938     2013 04 20 08 04 38.049     153.1
 2013 04 20 23 24  9.069     2013 04 20 23 24 16.218       7.1
129
 2013 04 20 10 47 54.634     2013 04 20 10 50 29.500     154.9
 2013 04 20 19 04 22.651     2013 04 20 19 07 49.082     206.4
130
 2013 04 20 16 52 36.879     2013 04 20 16 55 14.965     158.1
131
 2013 04 20 02 46 15.202     2013 04 20 02 48 48.627     153.4
 2013 04 20 14 31 46.400     2013 04 20 14 35 16.765     210.4
132
133
 2013 04 20 13 07 22.164     2013 04 20 13 10  5.978     163.8
134
 2013 04 20 05 15 15.140     2013 04 20 05 15 38.347      23.2
135
 2013 04 20 05 12 25.322     2013 04 20 05 14 58.131     152.8
 2013 04 20 15 13 18.627     2013 04 20 15 16 28.431     189.8
136
137
 2013 04 20 13 06 58.957     2013 04 20 13 07 41.602      42.6
138
 2013 04 20 01 02  6.629     2013 04 20 01 05 18.755     192.1
 2013 04 20 14 40 59.462     2013 04 20 14 43 48.205     168.7
139
 2013 04 20 08 09 50.310     2013 04 20 08 12 21.569     151.3
 2013 04 20 21 43 56.399     2013 04 20 21 47 17.340     200.9
140
 2013 04 20 02 47 36.217     2013 04 20 02 50 16.827     160.6
141
 2013 04 20 11 13 14.975     2013 04 20 11 16 34.217     199.2
142
 2013 04 20 09 17 54.013     2013 04 20 09 21 33.391     219.4
 2013 04 20 10 55 44.888     2013 04 20 10 59 20.086     215.2
 2013 04 20 15 50 51.743     2013 04 20 15 53 39.755     168.0
143
 2013 04 20 18 29 39.204     2013 04 20 18 30 49.347      70.1
144
 2013 04 20 16 24 23.376     2013 04 20 16 27 12.263     168.9
 2013 04 20 21 19 16.693     2013 04 20 21 19 31.964      15.3
 2013 04 20 22 57 12.777     2013 04 20 23 01  2.980     230.2
145
 2013 04 20 16 21 38.529     2013 04 20 16 24 18.278     159.7
 2013 04 20 22 59 31.929     2013 04 20 22 59 57.571      25.6
146
 2013 04 20 03 16 19.015     2013 04 20 03 19  7.892     168.9
 2013 04 20 20 18 41.074     2013 04 20 20 21 16.588     155.5
147
 2013 04 20 12 13 44.298     2013 04 20 12 16 29.788     165.5
148
 2013 04 20 05 38  8.535     2013 04 20 05 41 20.332     191.8
 2013 04 20 22 40  1.394     2013 04 20 22 42 43.630     162.2
149
150
 2013 04 20 07 17 40.669     2013 04 20 07 20 18.457     157.8
 2013 04 20 22 36  3.866     2013 04 20 22 36 36.564      32.7
151
 2013 04 20 14 36 19.423     2013 04 20 14 38 49.494     150.1
152
153
154
 2013 04 20 12 20 14.328     2013 04 20 12 20 25.255      10.9
155
156
 2013 04 20 04 54 39.478     2013 04 20 04 57 55.864     196.4
 2013 04 20 20 16 18.551     2013 04 20 20 19 14.488     175.9
157
 2013 04 20 08 48 24.095     2013 04 20 08 51 31.706     187.6
158
 2013 04 20 01 07 54.091     2013 04 20 01 11  3.832     189.7
 2013 04 20 13 02 26.277     2013 04 20 13 03 35.058      68.8
159
 2013 04 20 04 09  7.599     2013 04 20 04 11 55.097     167.5
160
 2013 04 20 03 15 38.062     2013 04 20 03 18 22.247     164.2
 2013 04 20 20 19 16.035     2013 04 20 20 22 25.371     189.3
161
 2013 04 20 18 25 21.660     2013 04 20 18 28 20.648     179.0
162
 2013 04 20 16 22  6.219     2013 04 20 16 25 31.048     204.8
 2013 04 20 22 55 55.988     2013 04 20 22 58 44.736     168.7
163
 2013 04 20 11 33 30.595     2013 04 20 11 37  9.952     219.4
164
 2013 04 20 02 50 32.434     2013 04 20 02 53 58.816     206.4
 2013 04 20 12 50 38.857     2013 04 20 12 53 56.543     197.7
165
 2013 04 20 09 47 51.360     2013 04 20 09 51  1.348     190.0
 2013 04 20 21 39 25.524     2013 04 20 21 42 45.228     199.7
166
 2013 04 20 05 42 51.999     2013 04 20 05 43 22.979      31.0
167
 2013 04 20 20 00  2.376     2013 04 20 20 02 58.771     176.4
168
 2013 04 20 09 44 30.912     2013 04 20 09 47 57.711     206.8
 2013 04 20 23 17  3.877     2013 04 20 23 20 40.445     216.6
169
 2013 04 20 02 05 55.653     2013 04 20 02 07   .501      64.8
 2013 04 20 12 03  2.787     2013 04 20 12 06 26.397     203.6
170
 2013 04 20 19 02 13.262     2013 04 20 19 05 48.631     215.4
171
 2013 04 20 15 29 51.758     2013 04 20 15 33 33.046     221.3
172
 2013 04 20 02 12 14.284     2013 04 20 02 14 50.996     156.7
 2013 04 20 08 46 51.480     2013 04 20 08 49 54.793     183.3
173
 2013 04 20 10 00 58.059     2013 04 20 10 04  6.374     188.3
 2013 04 20 18 16 21.144     2013 04 20 18 19 17.593     176.4
174
 2013 04 20 07 39 18.493     2013 04 20 07 41 54.158     155.7
 2013 04 20 15 55 40.293     2013 04 20 15 58 39.720     179.4
175
 2013 04 20 05 07 41.154     2013 04 20 05 11 14.474     213.3
 2013 04 20 16 52 32.827     2013 04 20 16 55 36.292     183.5
176
 2013 04 20 03 19 28.790     2013 04 20 03 22 55.351     206.6
 2013 04 20 18 42 15.166     2013 04 20 18 44 50.362     155.2
177
 2013 04 20 02 36 36.326     2013 04 20 02 40 20.865     224.5
 2013 04 20 16 12 54.710     2013 04 20 16 16 30.890     216.2
178
 2013 04 20 04 28 56.516     2013 04 20 04 29 12.336      15.8
 2013 04 20 14 24 39.194     2013 04 20 14 27 42.508     183.3
179
 2013 04 20 01 46 13.044     2013 04 20 01 47  6.664      53.6
180
 2013 04 20 04 31 45.218     2013 04 20 04 34 27.985     162.8
 2013 04 20 12 46  3.395     2013 04 20 12 48 53.974     170.6
181
 2013 04 20 04 51 24.610     2013 04 20 04 52 18.915      54.3
 2013 04 20 21 51 57.484     2013 04 20 21 55 41.943     224.5
182
183
184
 2013 04 20 16 22 48.429     2013 04 20 16 25 22.571     154.1
 2013 04 20 22 56 57.934     2013 04 20 22 59 39.830     161.9
185
 2013 04 20 00 14 54.124     2013 04 20 00 18 17.333     203.2
 2013 04 20 13 53 56.024     2013 04 20 13 56 39.595     163.6
186
 2013 04 20 00 11 44.644     2013 04 20 00 12  1.214      16.6
187
 2013 04 20 10 45 39.622     2013 04 20 10 49  2.556     202.9
188
 2013 04 20 01 45 24.142     2013 04 20 01 47 57.099     153.0
 2013 04 20 17 06 48.211     2013 04 20 17 09 25.082     156.9
189
190
191
 2013 04 20 02 52 28.027     2013 04 20 02 53 10.588      42.6
192
 2013 04 20 10 00  9.443     2013 04 20 10 03 16.194     186.8
 2013 04 20 18 17 51.027     2013 04 20 18 21 26.656     215.6
193
 2013 04 20 01 53 50.221     2013 04 20 01 57 20.307     210.1
194
 2013 04 20 01 15 20.940     2013 04 20 01 18 15.252     174.3
195
 2013 04 20 08 16 35.502     2013 04 20 08 19  7.210     151.7
 2013 04 20 20 02 37.680     2013 04 20 20 05 44.783     187.1
196
 2013 04 20 01 41 29.742     2013 04 20 01 44  5.079     155.3
 2013 04 20 18 44 25.625     2013 04 20 18 47 14.386     168.8
197
198
 2013 04 20 05 04 14.812     2013 04 20 05 07 52.210     217.4
 2013 04 20 16 56 25.359     2013 04 20 16 59 31.744     186.4
199
 2013 04 20 01 09 31.519     2013 04 20 01 13 14.052     222.5
 2013 04 20 12 59 46.183     2013 04 20 13 02 24.777     158.6
200
 2013 04 20 09 08 43.737     2013 04 20 09 10 10.064      86.3
 2013 04 20 19 10 51.635     2013 04 20 19 13 33.291     161.7
201
202
 2013 04 20 07 22 29.845     2013 04 20 07 25  6.360     156.5
 2013 04 20 20 56 41.423     2013 04 20 20 59 52.321     190.9
203
 2013 04 20 01 14 51.166     2013 04 20 01 16 40.052     108.9
 2013 04 20 11 18 53.481     2013 04 20 11 22  5.810     192.3
204
 2013 04 20 01 45 34.598     2013 04 20 01 48  7.295     152.7
 2013 04 20 17 06 45.730     2013 04 20 17 09 20.624     154.9
205
 2013 04 20 05 42 19.451     2013 04 20 05 45 42.990     203.5
 2013 04 20 21 03  9.300     2013 04 20 21 06 44.119     214.8
206
 2013 04 20 07 20 14.526     2013 04 20 07 20 46.764      32.2
 2013 04 20 20 59 12.852     2013 04 20 21 01 47.655     154.8
207
 2013 04 20 06 55 47.983     2013 04 20 06 58 23.258     155.3
 2013 04 20 13 29 58.824     2013 04 20 13 32 49.383     170.6
208
209
 2013 04 20 02 49 51.340     2013 04 20 02 52 35.581     164.2
210
211
 2013 04 20 00 37 19.802     2013 04 20 00 40 35.418     195.6
 2013 04 20 07 12 55.285     2013 04 20 07 16 14.090     198.8
212
 2013 04 20 08 56 30.674     2013 04 20 08 59 37.206     186.5
 2013 04 20 22 30 55.226     2013 04 20 22 33 38.352     163.1
213
 2013 04 20 01 08  2.718     2013 04 20 01 11 10.069     187.4
 2013 04 20 12 59 45.544     2013 04 20 13 03 25.473     219.9
214
 2013 04 20 14 45 51.377     2013 04 20 14 49 11.830     200.5
 2013 04 20 22 59 11.014     2013 04 20 23 02 23.988     193.0
215
 2013 04 20 13 11 18.971     2013 04 20 13 14 24.774     185.8
 2013 04 20 21 25  1.915     2013 04 20 21 28  3.235     181.3
216
 2013 04 20 00 03 41.620     2013 04 20 00 06 56.324     194.7
 2013 04 20 01 40 58.091     2013 04 20 01 41   .264       2.2
 2013 04 20 18 46  5.888     2013 04 20 18 48 51.958     166.1
 2013 04 20 23 40 28.670     2013 04 20 23 43 49.584     200.9
217
 2013 04 20 04 04 25.397     2013 04 20 04 07 28.214     182.8
 2013 04 20 21 06 55.925     2013 04 20 21 10  9.417     193.5
218
 2013 04 20 08 23  3.900     2013 04 20 08 26 27.199     203.3
 2013 04 20 18 20 40.567     2013 04 20 18 23 37.892     177.3
219
220
221
 2013 04 20 06 55 11.128     2013 04 20 06 58 17.179     186.1
 2013 04 20 13 29  9.964     2013 04 20 13 32 18.361     188.4
222
 2013 04 20 20 13 10.394     2013 04 20 20 16 42.955     212.6
223
 2013 04 20 02 53 23.204     2013 04 20 02 56  3.640     160.4
224
 2013 04 20 18 27  4.459     2013 04 20 18 29 54.354     169.9
225
 2013 04 20 14 28 24.701     2013 04 20 14 31 47.011     202.3
226
 2013 04 20 14 43 16.501     2013 04 20 14 46 27.537     191.0
227
 2013 04 20 00 35  9.901     2013 04 20 00 38 20.254     190.4
 2013 04 20 08 49 28.888     2013 04 20 08 52 10.024     161.1
228
 2013 04 20 01 10 42.244     2013 04 20 01 13 38.464     176.2
 2013 04 20 12 58 40.663     2013 04 20 13 01 40.648     180.0
229
 2013 04 20 01 18 48.767     2013 04 20 01 21 50.191     181.4
 2013 04 20 11 15 10.095     2013 04 20 11 16  1.368      51.3
230
 2013 04 20 00 59  5.068     2013 04 20 00 59 58.088      53.0
231
 2013 04 20 00 38 14.874     2013 04 20 00 41  6.877     172.0
 2013 04 20 07 11 53.363     2013 04 20 07 14 29.062     155.7
232
 2013 04 20 06 25  9.888     2013 04 20 06 28 20.243     190.4
 2013 04 20 23 27 18.174     2013 04 20 23 29 54.786     156.6
233
234
 2013 04 20 14 02 10.778     2013 04 20 14 04 46.564     155.8
 2013 04 20 20 35 20.421     2013 04 20 20 38 20.049     179.6
235
 2013 04 20 14 41 52.655     2013 04 20 14 43 36.604     103.9
236
237
 2013 04 20 00 55 11.578     2013 04 20 00 57 47.216     155.6
 2013 04 20 17 57 25.721     2013 04 20 18 00 10.775     165.1
238
 2013 04 20 09 57  6.370     2013 04 20 09 59 58.608     172.2
 2013 04 20 19 56 58.910     2013 04 20 20 00  1.500     182.6
239
240
 2013 04 20 04 52 38.801     2013 04 20 04 55 51.412     192.6
 2013 04 20 20 16  8.460     2013 04 20 20 16 19.015      10.6
241
 2013 04 20 13 03 16.555     2013 04 20 13 05 47.844     151.3
242
 2013 04 20 06 05 17.699     2013 04 20 06 08 34.658     197.0
 2013 04 20 14 22  3.983     2013 04 20 14 24 38.433     154.4
243
 2013 04 20 00 25 29.245     2013 04 20 00 28  9.091     159.8
244
245
 2013 04 20 01 13 36.557     2013 04 20 01 14  6.073      29.5
246
 2013 04 20 01 18 20.943     2013 04 20 01 21 16.657     175.7
 2013 04 20 11 16 36.087     2013 04 20 11 16 47.877      11.8
247
 2013 04 20 01 27  6.775     2013 04 20 01 30 33.881     207.1
 2013 04 20 06 22 40.536     2013 04 20 06 26 22.248     221.7
248
 2013 04 20 10 47  4.013     2013 04 20 10 50 24.027     200.0
249
 2013 04 20 05 46  6.637     2013 04 20 05 46 19.212      12.6
 2013 04 20 21 00 49.733     2013 04 20 21 03 59.782     190.0
250
 2013 04 20 05 09 30.891     2013 04 20 05 12 29.853     179.0
251
 2013 04 20 16 02 46.641     2013 04 20 16 05 39.443     172.8
252
 2013 04 20 07 16 19.383     2013 04 20 07 19 30.912     191.5
 2013 04 20 22 37 57.111     2013 04 20 22 40 47.352     170.2
253
 2013 04 20 07 31 30.270     2013 04 20 07 34 25.079     174.8
254
 2013 04 20 05 40 29.493     2013 04 20 05 43  8.136     158.6
 2013 04 20 21 02 50.470     2013 04 20 21 06 22.616     212.1
255
256
 2013 04 20 07 32 27.965     2013 04 20 07 36  2.871     214.9
257
 2013 04 20 05 15 22.997     2013 04 20 05 18 36.437     193.4
258
 2013 04 20 00 09 36.589     2013 04 20 00 10  8.043      31.5
 2013 04 20 17 08 41.281     2013 04 20 17 11 32.850     171.6
259
 2013 04 20 04 33  8.043     2013 04 20 04 34  2.659      54.6
 2013 04 20 06 10 53.305     2013 04 20 06 11 16.957      23.7
 2013 04 20 11 07  3.397     2013 04 20 11 10  5.620     182.2
260
 2013 04 20 02 05 27.590     2013 04 20 02 08  8.175     160.6
 2013 04 20 12 03 54.650     2013 04 20 12 07 32.765     218.1
261
262
 2013 04 20 01 00 12.077     2013 04 20 01 03 38.116     206.0
263
 2013 04 20 02 34 54.898     2013 04 20 02 38  5.562     190.7
264
 2013 04 20 00 38 33.699     2013 04 20 00 41 14.561     160.9
 2013 04 20 07 12  7.985     2013 04 20 07 14 45.127     157.1
265
 2013 04 20 08 14 34.047     2013 04 20 08 17 48.394     194.3
 2013 04 20 20 02 40.989     2013 04 20 20 05 54.853     193.9
266
 2013 04 20 16 05 11.145     2013 04 20 16 07 47.269     156.1
267
 2013 04 20 03 01  4.945     2013 04 20 03 03 43.033     158.1
 2013 04 20 09 34 14.160     2013 04 20 09 37 24.680     190.5
268
 2013 04 20 16 44 34.464     2013 04 20 16 47 47.500     193.0
269
 2013 04 20 11 14  4.820     2013 04 20 11 16 54.505     169.7
270
 2013 04 20 04 32 17.186     2013 04 20 04 36  2.333     225.1
271
 2013 04 20 16 52 41.880     2013 04 20 16 55 14.947     153.1
272
 2013 04 20 16 21 23.264     2013 04 20 16 24 27.663     184.4
273
 2013 04 20 12 01  5.984     2013 04 20 12 03 41.628     155.6
274
 2013 04 20 12 27 19.355     2013 04 20 12 30  9.874     170.5
 2013 04 20 19 01 32.110     2013 04 20 19 04 13.298     161.2
275
276
 2013 04 20 08 55 59.616     2013 04 20 08 59  4.650     185.0
 2013 04 20 22 32 33.820     2013 04 20 22 35 29.223     175.4
277
 2013 04 20 06 43 46.141     2013 04 20 06 46 23.987     157.8
278
 2013 04 20 16 09 27.840     2013 04 20 16 12 32.899     185.1
279
 2013 04 20 10 06 42.183     2013 04 20 10 09 22.433     160.2
 2013 04 20 15 01 26.981     2013 04 20 15 05  7.870     220.9
 2013 04 20 16 39  3.893     2013 04 20 16 39 33.816      29.9
280
 2013 04 20 13 31 45.123     2013 04 20 13 35 15.085     210.0
281
 2013 04 20 16 22 53.613     2013 04 20 16 25 35.702     162.1
 2013 04 20 22 56 43.171     2013 04 20 22 59 19.982     156.8
282
 2013 04 20 09 03 42.690     2013 04 20 09 07 23.286     220.6
283
 2013 04 20 07 20 40.295     2013 04 20 07 23 39.116     178.8
 2013 04 20 20 58 34.679     2013 04 20 21 01  6.848     152.2
284
 2013 04 20 12 18  6.678     2013 04 20 12 20 44.157     157.5
 2013 04 20 22 18 55.895     2013 04 20 22 21 27.599     151.7
285
 2013 04 20 06 04 12.241     2013 04 20 06 04 42.700      30.5
 2013 04 20 14 19 36.260     2013 04 20 14 22 55.798     199.5
286
 2013 04 20 11 38  3.791     2013 04 20 11 40 48.072     164.3
287
 2013 04 20 01 17 31.929     2013 04 20 01 21 16.927     225.0
 2013 04 20 11 17 26.385     2013 04 20 11 18 17.318      50.9
288
 2013 04 20 08 23  8.886     2013 04 20 08 25 40.011     151.1
 2013 04 20 18 21 44.155     2013 04 20 18 24 48.478     184.3
289
 2013 04 20 01 54 48.434     2013 04 20 01 57 31.377     162.9
290
 2013 04 20 00 56 14.095     2013 04 20 00 59 39.108     205.0
291
292
 2013 04 20 10 53 40.162     2013 04 20 10 56 26.503     166.3
 2013 04 20 15 48  2.276     2013 04 20 15 51 30.765     208.5
 2013 04 20 17 25 40.069     2013 04 20 17 29 27.145     227.1
293
 2013 04 20 07 17 27.476     2013 04 20 07 20  3.030     155.6
 2013 04 20 22 36 23.678     2013 04 20 22 40  2.400     218.7
294
 2013 04 20 16 22 52.161     2013 04 20 16 26  8.934     196.8
 2013 04 20 18 00 21.501     2013 04 20 18 00 29.355       7.9
 2013 04 20 22 56 12.588     2013 04 20 22 58 50.233     157.6
295
 2013 04 20 02 03 46.830     2013 04 20 02 07 12.336     205.5
 2013 04 20 12 03 24.427     2013 04 20 12 06 15.092     170.7
296
 2013 04 20 18 19 23.667     2013 04 20 18 22 38.309     194.6
297
 2013 04 20 03 00  9.428     2013 04 20 03 03 34.729     205.3
 2013 04 20 04 37 49.057     2013 04 20 04 41 38.782     229.7
 2013 04 20 09 33  9.746     2013 04 20 09 35 56.591     166.8
298
 2013 04 20 05 54 19.994     2013 04 20 05 56 54.313     154.3
 2013 04 20 17 41 40.947     2013 04 20 17 44 26.997     166.1
299
 2013 04 20 00 28   .430     2013 04 20 00 30 50.460     170.0
 2013 04 20 10 30 44.271     2013 04 20 10 31 22.868      38.6
300
 2013 04 20 09 43 36.825     2013 04 20 09 46 23.774     166.9
 2013 04 20 23 19 25.124     2013 04 20 23 22 29.810     184.7
301
 2013 04 20 07 44 38.932     2013 04 20 07 47 30.848     171.9
 2013 04 20 14 17 50.728     2013 04 20 14 21 21.719     211.0
302
 2013 04 20 14 27 57.257     2013 04 20 14 29 46.528     109.3
303
 2013 04 20 06 38  5.945     2013 04 20 06 40 38.491     152.5
304
 2013 04 20 09 19  4.312     2013 04 20 09 22 30.481     206.2
 2013 04 20 15 52 39.984     2013 04 20 15 54 32.577     112.6
305
 2013 04 20 14 50 59.586     2013 04 20 14 54 30.148     210.6
 2013 04 20 19 46 35.360     2013 04 20 19 49 16.721     161.4
306
 2013 04 20 00 22 48.455     2013 04 20 00 22 49.522       1.1
 2013 04 20 12 11 59.270     2013 04 20 12 15 32.385     213.1
307
 2013 04 20 14 00 10.454     2013 04 20 14 02 46.208     155.8
 2013 04 20 20 34 44.814     2013 04 20 20 35 17.493      32.7
308
 2013 04 20 00 05 54.969     2013 04 20 00 09 36.942     222.0
 2013 04 20 17 08 36.461     2013 04 20 17 11 54.680     198.2
 2013 04 20 23 42 39.210     2013 04 20 23 43 14.687      35.5
309
 2013 04 20 04 18  8.645     2013 04 20 04 18 22.434      13.8
310
 2013 04 20 01 45 33.819     2013 04 20 01 45 55.923      22.1
 2013 04 20 18 43 10.218     2013 04 20 18 46 14.902     184.7
311
312
 2013 04 20 12 16 33.339     2013 04 20 12 19 57.419     204.1
313
 2013 04 20 04 52 34.754     2013 04 20 04 53 40.151      65.4
 2013 04 20 20 16 47.813     2013 04 20 20 20 12.067     204.3
314
315
 2013 04 20 05 49  3.701     2013 04 20 05 52 48.481     224.8
316
 2013 04 20 04 36 21.847     2013 04 20 04 38 59.100     157.3
 2013 04 20 09 31  1.617     2013 04 20 09 34 16.042     194.4
317
 2013 04 20 06 25 33.268     2013 04 20 06 28  9.323     156.1
 2013 04 20 23 28 21.041     2013 04 20 23 30 57.630     156.6
318
 2013 04 20 01 20  9.354     2013 04 20 01 23 24.605     195.3
319
 2013 04 20 05 16 30.595     2013 04 20 05 19 11.376     160.8
320
 2013 04 20 04 51 49.635     2013 04 20 04 54 25.840     156.2
 2013 04 20 21 53 40.868     2013 04 20 21 56 54.040     193.2
321
 2013 04 20 05 50 34.996     2013 04 20 05 50 49.418      14.4
 2013 04 20 19 21 35.850     2013 04 20 19 24  7.313     151.5
322
 2013 04 20 20 11 17.325     2013 04 20 20 12 45.880      88.6
323
324
325
 2013 04 20 05 03 53.101     2013 04 20 05 06 25.870     152.8
326
 2013 04 20 07 36 44.313     2013 04 20 07 39 18.702     154.4
327
 2013 04 20 05 03 34.247     2013 04 20 05 07  9.892     215.6
328
 2013 04 20 04 02  1.417     2013 04 20 04 04 44.074     162.7
 2013 04 20 22 44   .308     2013 04 20 22 47  6.768     186.5
329
 2013 04 20 10 32  9.016     2013 04 20 10 34 45.681     156.7
330
 2013 04 20 08 56 23.433     2013 04 20 08 59 15.247     171.8
 2013 04 20 22 32  9.291     2013 04 20 22 35 16.735     187.4
331
332
 2013 04 20 14 22 58.738     2013 04 20 14 24 53.014     114.3
333
 2013 04 20 04 27 33.633     2013 04 20 04 31 10.782     217.1
334
 2013 04 20 00 53 35.950     2013 04 20 00 53 48.566      12.6
 2013 04 20 17 58 46.169     2013 04 20 18 01 36.168     170.0
 2013 04 20 19 36  6.990     2013 04 20 19 36 33.474      26.5
 2013 04 20 22 53  6.672     2013 04 20 22 56 26.679     200.0
335
 2013 04 20 09 05  7.997     2013 04 20 09 08 27.831     199.8
336
 2013 04 20 15 57 54.472     2013 04 20 16 00 46.706     172.2
337
 2013 04 20 09 16 55.439     2013 04 20 09 19 30.906     155.5
 2013 04 20 15 51 23.933     2013 04 20 15 55   .772     216.8
338
 2013 04 20 05 14 46.965     2013 04 20 05 17 54.646     187.7
339
 2013 04 20 01 43  6.707     2013 04 20 01 45 54.073     167.4
 2013 04 20 18 43 46.252     2013 04 20 18 47 34.689     228.4
340
 2013 04 20 02 35 28.535     2013 04 20 02 38  9.850     161.3
341
 2013 04 20 07 18 10.301     2013 04 20 07 20 45.323     155.0
342
 2013 04 20 05 59 29.252     2013 04 20 06 02 36.918     187.7
 2013 04 20 15 59 50.016     2013 04 20 16 03 10.284     200.3
343
 2013 04 20 04 28 24.893     2013 04 20 04 31 17.733     172.8
344
 2013 04 20 09 12 42.778     2013 04 20 09 13 40.500      57.7
 2013 04 20 17 31 22.010     2013 04 20 17 34 30.954     188.9
345
 2013 04 20 10 34 40.222     2013 04 20 10 37 48.345     188.1
 2013 04 20 22 29 34.906     2013 04 20 22 30 24.892      50.0
346
 2013 04 20 14 49 28.544     2013 04 20 14 52 33.923     185.4
 2013 04 20 21 23 13.189     2013 04 20 21 26 32.079     198.9
347
 2013 04 20 00 15 14.727     2013 04 20 00 17 54.282     159.6
 2013 04 20 13 52 13.486     2013 04 20 13 55 38.098     204.6
348
 2013 04 20 13 15 46.325     2013 04 20 13 15 55.926       9.6
 2013 04 20 19 49 31.351     2013 04 20 19 49 54.101      22.8
349
 2013 04 20 08 24 19.608     2013 04 20 08 24 38.834      19.2
350
 2013 04 20 10 48 18.939     2013 04 20 10 49 13.452      54.5
 2013 04 20 20 41 24.946     2013 04 20 20 45  3.726     218.8
351
 2013 04 20 06 47 42.665     2013 04 20 06 50 27.798     165.1
 2013 04 20 16 48 21.768     2013 04 20 16 50 58.831     157.1
352
 2013 04 20 22 27 47.867     2013 04 20 22 30 55.763     187.9
353
 2013 04 20 10 35  6.513     2013 04 20 10 38  1.058     174.5
354
 2013 04 20 03 44 48.317     2013 04 20 03 47 23.700     155.4
 2013 04 20 11 59  7.200     2013 04 20 12 02 24.323     197.1
355
356
 2013 04 20 15 36 33.376     2013 04 20 15 39 17.311     163.9
 2013 04 20 22 10 14.906     2013 04 20 22 13  9.678     174.8
357
 2013 04 20 02 34 26.967     2013 04 20 02 37 35.024     188.1
358
 2013 04 20 02 06 35.866     2013 04 20 02 10  5.522     209.7
359
 2013 04 20 02 36 10.502     2013 04 20 02 38 51.610     161.1
360
 2013 04 20 19 18 20.973     2013 04 20 19 19  1.770      40.8
361
 2013 04 20 11 35 17.114     2013 04 20 11 38 30.217     193.1
 2013 04 20 19 50 42.657     2013 04 20 19 53 46.815     184.2
362
 2013 04 20 17 39 15.997     2013 04 20 17 42  8.036     172.0
363
 2013 04 20 05 00 22.721     2013 04 20 05 01 30.189      67.5
364
 2013 04 20 12 07  5.673     2013 04 20 12 10 15.438     189.8
365
 2013 04 20 12 08 20.038     2013 04 20 12 11 22.123     182.1
366
 2013 04 20 02 43 15.313     2013 04 20 02 45 49.766     154.5
 2013 04 20 14 33 23.958     2013 04 20 14 36 59.736     215.8
367
 2013 04 20 00 39 14.569     2013 04 20 00 42  7.375     172.8
 2013 04 20 05 33 31.748     2013 04 20 05 37 21.219     229.5
 2013 04 20 07 11 37.656     2013 04 20 07 14 59.440     201.8
368
 2013 04 20 06 07 19.060     2013 04 20 06 10 14.467     175.4
369
 2013 04 20 04 10 55.886     2013 04 20 04 14 38.277     222.4
 2013 04 20 17 50 17.725     2013 04 20 17 52 54.394     156.7
370
 2013 04 20 08 08  1.615     2013 04 20 08 09 36.483      94.9
 2013 04 20 21 46  2.703     2013 04 20 21 48 51.318     168.6
371
 2013 04 20 00 16 38.134     2013 04 20 00 17 12.598      34.5
372
 2013 04 20 04 16  6.450     2013 04 20 04 18 42.739     156.3
373
 2013 04 20 05 07 21.087     2013 04 20 05 09 53.175     152.1
 2013 04 20 16 54 14.872     2013 04 20 16 57 17.893     183.0
374
 2013 04 20 00 10 18.834     2013 04 20 00 13 14.513     175.7
 2013 04 20 15 31 27.369     2013 04 20 15 34 30.676     183.3
375
376
 2013 04 20 08 19 54.977     2013 04 20 08 22 27.227     152.2
377
 2013 04 20 02 09 56.958     2013 04 20 02 13 36.960     220.0
 2013 04 20 10 23 16.626     2013 04 20 10 26 25.554     188.9
378
 2013 04 20 18 24 18.917     2013 04 20 18 27   .566     161.6
379
 2013 04 20 04 54 15.624     2013 04 20 04 57   .627     165.0
 2013 04 20 20 15  9.106     2013 04 20 20 17 47.941     158.8
380
381
 2013 04 20 14 47 38.335     2013 04 20 14 50 33.165     174.8
 2013 04 20 21 22 48.613     2013 04 20 21 26  9.431     200.8
382
 2013 04 20 22 15 41.638     2013 04 20 22 18 23.889     162.3
383
 2013 04 20 09 20  6.587     2013 04 20 09 22 47.920     161.3
 2013 04 20 14 14 54.192     2013 04 20 14 17 48.711     174.5
384
 2013 04 20 08 05 51.742     2013 04 20 08 09 29.088     217.3
385
 2013 04 20 16 10  9.414     2013 04 20 16 12 41.608     152.2
386
387
 2013 04 20 19 59 15.339     2013 04 20 20 01 51.275     155.9
388
 2013 04 20 12 47 28.471     2013 04 20 12 48  2.914      34.4
389
 2013 04 20 20 06 41.170     2013 04 20 20 09 15.595     154.4
390
 2013 04 20 06 07 14.195     2013 04 20 06 07 44.205      30.0
 2013 04 20 14 22 46.106     2013 04 20 14 23 14.007      27.9
391
 2013 04 20 09 54 19.870     2013 04 20 09 56 24.698     124.8
 2013 04 20 19 58 20.815     2013 04 20 20 01 46.178     205.4
392
 2013 04 20 17 59 21.522     2013 04 20 18 01 57.224     155.7
 2013 04 20 22 53 59.855     2013 04 20 22 57 10.781     190.9
393
 2013 04 20 12 23 55.615     2013 04 20 12 27 17.108     201.5
 2013 04 20 20 37 43.297     2013 04 20 20 40 37.611     174.3
394
 2013 04 20 02 47 23.421     2013 04 20 02 50 47.252     203.8
395
 2013 04 20 05 02 40.940     2013 04 20 05 05 37.962     177.0
396
 2013 04 20 00 41 34.279     2013 04 20 00 45  3.311     209.0
 2013 04 20 05 36 42.611     2013 04 20 05 39 26.231     163.6
 2013 04 20 22 43 54.318     2013 04 20 22 44 23.985      29.7
397
 2013 04 20 13 56 18.878     2013 04 20 13 59  2.986     164.1
 2013 04 20 22 17  6.231     2013 04 20 22 17 29.380      23.1
398
 2013 04 20 10 55 34.982     2013 04 20 10 58 41.930     186.9
 2013 04 20 15 50 27.408     2013 04 20 15 53  6.648     159.2
399
400
 2013 04 20 14 23 46.013     2013 04 20 14 26 21.799     155.8
401
 2013 04 20 03 23 32.588     2013 04 20 03 26 48.308     195.7
402
 2013 04 20 02 56 54.037     2013 04 20 02 59 49.812     175.8
 2013 04 20 11 12 41.309     2013 04 20 11 15 26.518     165.2
403
404
 2013 04 20 16 44 26.462     2013 04 20 16 47  3.382     156.9
405
406
 2013 04 20 04 06 35.354     2013 04 20 04 09 11.594     156.2
 2013 04 20 19 28 10.468     2013 04 20 19 31  6.710     176.2
407
 2013 04 20 10 51 30.169     2013 04 20 10 54 12.483     162.3
 2013 04 20 17 26 21.017     2013 04 20 17 29 46.592     205.6
408
 2013 04 20 03 39 37.572     2013 04 20 03 42  9.607     152.0
 2013 04 20 13 38 33.637     2013 04 20 13 41 35.381     181.7
409
 2013 04 20 23 21 34.978     2013 04 20 23 24 36.573     181.6
410
 2013 04 20 13 56 58.404     2013 04 20 13 59 33.211     154.8
 2013 04 20 22 13 15.171     2013 04 20 22 16 32.343     197.2
411
 2013 04 20 05 11 57.329     2013 04 20 05 14 30.250     152.9
 2013 04 20 15 13 11.294     2013 04 20 15 16 57.378     226.1
412
 2013 04 20 06 09  4.456     2013 04 20 06 12 35.389     210.9
 2013 04 20 12 44 14.156     2013 04 20 12 46 51.222     157.1
413
414
 2013 04 20 00 30 17.925     2013 04 20 00 33 44.621     206.7
 2013 04 20 10 28 37.576     2013 04 20 10 31 16.612     159.0
415
 2013 04 20 09 47 40.457     2013 04 20 09 50 24.121     163.7
416
 2013 04 20 20 54 33.376     2013 04 20 20 57 31.411     178.0
417
 2013 04 20 03 34 41.099     2013 04 20 03 37 18.937     157.8
418
 2013 04 20 23 08 40.799     2013 04 20 23 09 18.388      37.6
419
 2013 04 20 07 16 45.485     2013 04 20 07 19 21.033     155.5
 2013 04 20 22 37 11.744     2013 04 20 22 40  1.296     169.6
420
 2013 04 20 16 50 41.683     2013 04 20 16 54 22.305     220.6
421
 2013 04 20 13 32  6.122     2013 04 20 13 34 48.769     162.6
422
 2013 04 20 08 32  9.847     2013 04 20 08 34 47.811     158.0
 2013 04 20 13 26 34.349     2013 04 20 13 29 58.668     204.3
 2013 04 20 15 04  1.515     2013 04 20 15 04 38.517      37.0
423
 2013 04 20 22 38 38.793     2013 04 20 22 42 21.006     222.2
424
 2013 04 20 00 30 46.366     2013 04 20 00 33 27.301     160.9
 2013 04 20 10 29 40.861     2013 04 20 10 33  2.196     201.3
425
 2013 04 20 10 53 33.680     2013 04 20 10 56  9.967     156.3
 2013 04 20 17 26 22.555     2013 04 20 17 29 45.522     203.0
426
 2013 04 20 03 26 13.494     2013 04 20 03 29 48.354     214.9
427
 2013 04 20 06 05 28.840     2013 04 20 06 05 40.372      11.5
 2013 04 20 14 22 11.759     2013 04 20 14 25 24.755     193.0
428
 2013 04 20 09 15  6.288     2013 04 20 09 15 16.658      10.4
429
430
431
 2013 04 20 09 05  4.759     2013 04 20 09 07 51.017     166.3
432
 2013 04 20 10 00 53.770     2013 04 20 10 03 55.500     181.7
 2013 04 20 18 18  3.430     2013 04 20 18 20 50.270     166.8
433
 2013 04 20 10 36 14.715     2013 04 20 10 36 59.675      45.0
434
 2013 04 20 10 54 41.065     2013 04 20 10 55 20.112      39.0
 2013 04 20 12 29 16.573     2013 04 20 12 32 59.461     222.9
 2013 04 20 17 25  3.671     2013 04 20 17 27 44.049     160.4
435
 2013 04 20 13 02 36.238     2013 04 20 13 05 14.088     157.8
436
 2013 04 20 06 24 45.520     2013 04 20 06 27 40.051     174.5
 2013 04 20 23 27 23.616     2013 04 20 23 30  8.673     165.1
437
 2013 04 20 06 26  7.168     2013 04 20 06 29 25.658     198.5
 2013 04 20 23 26 46.924     2013 04 20 23 30 27.281     220.4
438
 2013 04 20 04 50 35.876     2013 04 20 04 53 37.219     181.3
 2013 04 20 21 54 21.767     2013 04 20 21 57   .055     158.3
439
 2013 04 20 09 52 21.427     2013 04 20 09 54 51.860     150.4
440
 2013 04 20 00 55 13.755     2013 04 20 00 58 27.629     193.9
 2013 04 20 17 56 23.300     2013 04 20 17 59 37.700     194.4
441
 2013 04 20 05 50 20.961     2013 04 20 05 53  7.895     166.9
442
 2013 04 20 01 04 55.221     2013 04 20 01 05  9.382      14.2
 2013 04 20 14 37 12.037     2013 04 20 14 40 51.229     219.2
443
 2013 04 20 10 47 56.035     2013 04 20 10 48  1.402       5.4
 2013 04 20 19 06  7.087     2013 04 20 19 08 39.233     152.1
444
 2013 04 20 06 55 21.565     2013 04 20 06 57 59.986     158.4
 2013 04 20 13 29 34.357     2013 04 20 13 32 52.494     198.1
445
446
 2013 04 20 05 37 41.072     2013 04 20 05 40 25.627     164.6
 2013 04 20 22 41 10.233     2013 04 20 22 43 54.133     163.9
447
 2013 04 20 04 53 23.038     2013 04 20 04 56 53.047     210.0
 2013 04 20 20 14 20.957     2013 04 20 20 17 33.541     192.6
448
 2013 04 20 12 26 38.767     2013 04 20 12 27 15.651      36.9
 2013 04 20 19 02 25.830     2013 04 20 19 05  1.221     155.4
449
 2013 04 20 07 36 55.349     2013 04 20 07 40 33.240     217.9
450
 2013 04 20 18 31  3.616     2013 04 20 18 34  7.446     183.8
451
452
 2013 04 20 15 56 37.173     2013 04 20 16 00 18.665     221.5
453
454
 2013 04 20 15 15 44.284     2013 04 20 15 18 39.198     174.9
455
 2013 04 20 07 19  2.763     2013 04 20 07 22  1.858     179.1
456
 2013 04 20 01 12 50.142     2013 04 20 01 13  3.485      13.3
457
 2013 04 20 11 22 44.144     2013 04 20 11 25 14.047     149.9
 2013 04 20 23 15 30.670     2013 04 20 23 16 39.480      68.8
458
 2013 04 20 01 01 19.829     2013 04 20 01 03 55.212     155.4
459
 2013 04 20 06 26 46.032     2013 04 20 06 29 30.026     164.0
 2013 04 20 23 27  4.107     2013 04 20 23 27 11.801       7.7
460
 2013 04 20 04 31 50.176     2013 04 20 04 35  6.767     196.6
 2013 04 20 12 45 18.171     2013 04 20 12 48 26.354     188.2
461
 2013 04 20 12 27   .407     2013 04 20 12 29 58.149     177.7
 2013 04 20 19 00 21.982     2013 04 20 19 03   .058     158.1
462
 2013 04 20 02 49 43.631     2013 04 20 02 52 30.218     166.6
 2013 04 20 12 55 13.426     2013 04 20 12 56 10.454      57.0
463
 2013 04 20 06 35 56.760     2013 04 20 06 39 10.972     194.2
 2013 04 20 20 07 55.765     2013 04 20 20 08 24.299      28.5
464
 2013 04 20 06 51 26.172     2013 04 20 06 51 53.491      27.3
 2013 04 20 16 46 11.340     2013 04 20 16 48 47.053     155.7
465
 2013 04 20 04 10  3.711     2013 04 20 04 12 38.169     154.5
466
 2013 04 20 01 21 16.373     2013 04 20 01 23 52.483     156.1
 2013 04 20 09 37 25.270     2013 04 20 09 40 41.180     195.9
467
468
469
 2013 04 20 00 36 20.577     2013 04 20 00 39 35.297     194.7
 2013 04 20 08 48 27.840     2013 04 20 08 48 32.977       5.1
470
 2013 04 20 02 43  6.113     2013 04 20 02 46  8.152     182.0
471
 2013 04 20 18 28 17.653     2013 04 20 18 29 20.032      62.4
472
 2013 04 20 04 51  4.603     2013 04 20 04 54  2.255     177.7
 2013 04 20 21 54 21.418     2013 04 20 21 57   .297     158.9
473
 2013 04 20 23 09 31.196     2013 04 20 23 12  5.175     154.0
474
 2013 04 20 15 17 17.403     2013 04 20 15 19 59.692     162.3
475
 2013 04 20 13 10 30.019     2013 04 20 13 14 15.396     225.4
 2013 04 20 21 24 52.070     2013 04 20 21 27 28.687     156.6
476
 2013 04 20 05 09  4.722     2013 04 20 05 10 45.427     100.7
477
 2013 04 20 15 27 58.693     2013 04 20 15 31 19.346     200.7
478
 2013 04 20 08 30 57.290     2013 04 20 08 34  5.931     188.6
 2013 04 20 10 08 24.127     2013 04 20 10 08 39.410      15.3
 2013 04 20 15 03 55.533     2013 04 20 15 06 45.658     170.1
479
 2013 04 20 13 04 48.141     2013 04 20 13 07 55.996     187.9
 2013 04 20 23 04 53.234     2013 04 20 23 08   .520     187.3
480
 2013 04 20 11 14 11.353     2013 04 20 11 17 11.898     180.5
481
 2013 04 20 17 08 10.877     2013 04 20 17 11  9.451     178.6
482
 2013 04 20 13 35 31.580     2013 04 20 13 39  5.183     213.6
483
 2013 04 20 19 19 42.123     2013 04 20 19 20  9.293      27.2
484
 2013 04 20 06 03 40.595     2013 04 20 06 04  8.317      27.7
 2013 04 20 15 59 10.053     2013 04 20 16 01 47.833     157.8
485
 2013 04 20 06 07  6.319     2013 04 20 06 09 41.721     155.4
 2013 04 20 14 20  6.708     2013 04 20 14 20 26.415      19.7
486
 2013 04 20 04 55 39.432     2013 04 20 04 55 48.938       9.5
487
 2013 04 20 08 25  1.441     2013 04 20 08 27 33.800     152.4
488
 2013 04 20 02 31 27.767     2013 04 20 02 34  4.599     156.8
 2013 04 20 17 53 21.315     2013 04 20 17 53 36.341      15.0
489
 2013 04 20 15 17  7.434     2013 04 20 15 20 29.365     201.9
490
 2013 04 20 08 55 59.544     2013 04 20 08 59  8.424     188.9
 2013 04 20 22 31 12.177     2013 04 20 22 33 42.844     150.7
491
 2013 04 20 04 58 13.490     2013 04 20 04 58 44.130      30.6
 2013 04 20 20 13 53.425     2013 04 20 20 16 47.300     173.9
492
 2013 04 20 15 29 51.768     2013 04 20 15 32 52.782     181.0
493
 2013 04 20 01 18 18.130     2013 04 20 01 18 25.781       7.7
494
 2013 04 20 03 14 54.149     2013 04 20 03 17 59.114     185.0
 2013 04 20 20 17 42.033     2013 04 20 20 21 27.831     225.8
495
 2013 04 20 09 43  2.385     2013 04 20 09 45 37.005     154.6
 2013 04 20 23 19  9.942     2013 04 20 23 21 44.787     154.8
496
 2013 04 20 05 12 33.556     2013 04 20 05 15 10.767     157.2
 2013 04 20 15 13 58.213     2013 04 20 15 16 43.804     165.6
497
 2013 04 20 10 22 21.919     2013 04 20 10 22 43.611      21.7
498
 2013 04 20 21 46 30.561     2013 04 20 21 49 18.666     168.1
499
 2013 04 20 08 16 28.490     2013 04 20 08 17 27.870      59.4
500
501
 2013 04 20 00 11 10.023     2013 04 20 00 13 47.263     157.2
 2013 04 20 15 31 55.894     2013 04 20 15 34 30.676     154.8
502
 2013 04 20 01 57 25.309     2013 04 20 02 00  1.259     155.9
 2013 04 20 13 46  9.781     2013 04 20 13 48 42.954     153.2
503
 2013 04 20 09 58  1.851     2013 04 20 10 00 41.764     159.9
 2013 04 20 19 55 57.986     2013 04 20 19 56 50.749      52.8
504
 2013 04 20 05 22 12.219     2013 04 20 05 25 11.905     179.7
 2013 04 20 11 55  5.090     2013 04 20 11 58   .310     175.2
505
 2013 04 20 04 21 57.699     2013 04 20 04 24 35.919     158.2
506
507
 2013 04 20 03 20 29.516     2013 04 20 03 23 32.880     183.4
 2013 04 20 18 40  9.188     2013 04 20 18 42 56.585     167.4
508
 2013 04 20 00 25 56.010     2013 04 20 00 28 43.379     167.4
509
 2013 04 20 14 46 20.574     2013 04 20 14 49 16.821     176.2
 2013 04 20 22 59 12.832     2013 04 20 23 02 54.850     222.0
510
 2013 04 20 00 55 14.217     2013 04 20 00 58 36.464     202.2
 2013 04 20 17 56 14.087     2013 04 20 17 59 35.904     201.8
511
 2013 04 20 19 18 27.800     2013 04 20 19 18 38.860      11.1
512
 2013 04 20 08 05 32.681     2013 04 20 08 08 39.637     187.0
513
514
 2013 04 20 01 19 38.907     2013 04 20 01 19 49.689      10.8
 2013 04 20 11 15 35.775     2013 04 20 11 19 13.997     218.2
515
 2013 04 20 01 02 12.526     2013 04 20 01 05 14.290     181.8
 2013 04 20 14 39   .681     2013 04 20 14 42 41.040     220.4
516
 2013 04 20 11 30 14.203     2013 04 20 11 30 23.343       9.1
 2013 04 20 23 09  6.113     2013 04 20 23 09 36.601      30.5
517
 2013 04 20 14 42 27.356     2013 04 20 14 45 25.552     178.2
518
 2013 04 20 01 25 36.210     2013 04 20 01 26  1.647      25.4
 2013 04 20 09 36 13.317     2013 04 20 09 38 48.882     155.6
519
 2013 04 20 05 35 58.039     2013 04 20 05 36  8.875      10.8
 2013 04 20 22 38 43.150     2013 04 20 22 39  2.488      19.3
520
 2013 04 20 06 50 20.748     2013 04 20 06 53 15.410     174.7
521
 2013 04 20 06 28 32.723     2013 04 20 06 32  3.627     210.9
 2013 04 20 21 51 10.612     2013 04 20 21 53 48.427     157.8
522
 2013 04 20 11 28 12.394     2013 04 20 11 31   .928     168.5
523
 2013 04 20 10 36 44.570     2013 04 20 10 39 38.865     174.3
 2013 04 20 22 24 46.521     2013 04 20 22 27 30.081     163.6
524
 2013 04 20 00 58 31.390     2013 04 20 01 01 32.818     181.4
 2013 04 20 16 19 58.608     2013 04 20 16 22 46.238     167.6
525
526
527
 2013 04 20 00 10 43.396     2013 04 20 00 13 19.715     156.3
 2013 04 20 15 31 58.191     2013 04 20 15 34 43.032     164.8
528
 2013 04 20 18 38 26.152     2013 04 20 18 41  2.650     156.5
529
 2013 04 20 05 02 21.414     2013 04 20 05 05 41.935     200.5
530
 2013 04 20 00 30 54.161     2013 04 20 00 33 51.183     177.0
 2013 04 20 10 29 34.724     2013 04 20 10 30 48.475      73.8
531
 2013 04 20 21 04 32.839     2013 04 20 21 07 22.210     169.4
532
 2013 04 20 11 21 16.516     2013 04 20 11 23 46.830     150.3
533
 2013 04 20 09 43 59.567     2013 04 20 09 46 44.238     164.7
 2013 04 20 23 18 19.352     2013 04 20 23 21 14.937     175.6
534
535
 2013 04 20 07 32 21.265     2013 04 20 07 35  3.292     162.0
536
 2013 04 20 12 26 55.292     2013 04 20 12 29 30.929     155.6
 2013 04 20 19 01   .235     2013 04 20 19 03 34.699     154.5
537
 2013 04 20 01 14 44.629     2013 04 20 01 18 24.787     220.2
 2013 04 20 11 18 44.598     2013 04 20 11 22 13.585     209.0
538
 2013 04 20 06 27  5.606     2013 04 20 06 30 31.694     206.1
 2013 04 20 21 50 50.901     2013 04 20 21 54 34.989     224.1
539
 2013 04 20 11 23 17.036     2013 04 20 11 24 34.388      77.4
 2013 04 20 23 13 59.917     2013 04 20 23 16 36.259     156.3
540
 2013 04 20 08 20 50.260     2013 04 20 08 23 52.780     182.5
 2013 04 20 18 23 24.813     2013 04 20 18 26 21.917     177.1
541
 2013 04 20 09 04 56.130     2013 04 20 09 04 58.069       1.9
542
 2013 04 20 11 37 10.076     2013 04 20 11 40 38.479     208.4
543
 2013 04 20 09 10 59.521     2013 04 20 09 13 36.264     156.7
 2013 04 20 19 08 13.016     2013 04 20 19 10 20.185     127.2
544
 2013 04 20 20 53 14.317     2013 04 20 20 55 55.109     160.8
545
 2013 04 20 07 26 31.098     2013 04 20 07 29  9.475     158.4
 2013 04 20 19 20 11.808     2013 04 20 19 20 16.340       4.5
546
 2013 04 20 08 56 59.960     2013 04 20 09 00 12.672     192.7
 2013 04 20 22 30 22.639     2013 04 20 22 33 34.630     192.0
547
 2013 04 20 11 23 44.388     2013 04 20 11 26 55.881     191.5
 2013 04 20 23 13 34.239     2013 04 20 23 16  9.248     155.0
548
 2013 04 20 01 47 50.118     2013 04 20 01 50 25.005     154.9
549
 2013 04 20 17 38 41.509     2013 04 20 17 42  4.554     203.0
550
 2013 04 20 16 03  4.806     2013 04 20 16 05 43.559     158.8
551
 2013 04 20 13 00 17.304     2013 04 20 13 03 21.590     184.3
552
 2013 04 20 07 30  2.690     2013 04 20 07 32 59.217     176.5
 2013 04 20 19 14 10.313     2013 04 20 19 15 26.477      76.2
553
554
 2013 04 20 05 07 49.424     2013 04 20 05 08 49.893      60.5
 2013 04 20 16 56 13.244     2013 04 20 16 57  8.837      55.6
555
 2013 04 20 13 55 45.668     2013 04 20 13 58 55.200     189.5
556
557
 2013 04 20 05 12 16.151     2013 04 20 05 14 46.716     150.6
 2013 04 20 15 13 35.000     2013 04 20 15 16 48.677     193.7
558
559
 2013 04 20 01 22 30.214     2013 04 20 01 23 41.270      71.1
 2013 04 20 09 38 24.978     2013 04 20 09 42   .703     215.7
560
561
 2013 04 20 21 23 50.232     2013 04 20 21 27 34.239     224.0
562
 2013 04 20 13 54 20.477     2013 04 20 13 54 25.051       4.6
563
 2013 04 20 00 39 41.296     2013 04 20 00 42 33.051     171.8
 2013 04 20 05 38 10.385     2013 04 20 05 38 40.961      30.6
 2013 04 20 07 12 37.333     2013 04 20 07 16 25.275     227.9
564
 2013 04 20 07 35 53.056     2013 04 20 07 38 28.587     155.5
 2013 04 20 17 34 41.042     2013 04 20 17 37 47.877     186.8
565
 2013 04 20 14 37 28.034     2013 04 20 14 39 59.553     151.5
566
 2013 04 20 05 55 18.439     2013 04 20 05 58 37.475     199.0
567
 2013 04 20 01 24 49.060     2013 04 20 01 27 26.583     157.5
 2013 04 20 07 59 28.002     2013 04 20 08 02 45.915     197.9
568
 2013 04 20 10 04  7.156     2013 04 20 10 06 47.774     160.6
 2013 04 20 16 38 57.620     2013 04 20 16 42 36.952     219.3
569
 2013 04 20 16 04 35.507     2013 04 20 16 07 11.472     156.0
570
 2013 04 20 10 07 29.270     2013 04 20 10 10 12.800     163.5
 2013 04 20 15 02 19.534     2013 04 20 15 05  7.331     167.8
571
 2013 04 20 12 13 22.639     2013 04 20 12 16 23.318     180.7
572
 2013 04 20 14 01  2.565     2013 04 20 14 04  2.742     180.2
 2013 04 20 20 34 45.813     2013 04 20 20 37 21.180     155.4
573
 2013 04 20 02 52 39.196     2013 04 20 02 56 22.007     222.8
574
575
 2013 04 20 08 55 58.145     2013 04 20 08 58 57.524     179.4
 2013 04 20 22 31 22.276     2013 04 20 22 33 52.896     150.6
576
577
 2013 04 20 11 57 43.831     2013 04 20 12 00 23.791     160.0
578
 2013 04 20 23 02 36.144     2013 04 20 23 05 25.119     169.0
579
 2013 04 20 11 29 48.764     2013 04 20 11 32 19.426     150.7
 2013 04 20 21 31 23.495     2013 04 20 21 35   .805     217.3
580
581
 2013 04 20 07 14 22.543     2013 04 20 07 17 33.870     191.3
 2013 04 20 22 37 48.895     2013 04 20 22 38 13.624      24.7
582
 2013 04 20 07 35 30.308     2013 04 20 07 38  5.812     155.5
 2013 04 20 17 35  1.214     2013 04 20 17 37 46.357     165.1
583
584
 2013 04 20 00 56 37.792     2013 04 20 00 59 24.425     166.6
 2013 04 20 16 23 22.279     2013 04 20 16 23 32.713      10.4
585
 2013 04 20 10 38  4.410     2013 04 20 10 41 37.917     213.5
586
 2013 04 20 16 24 47.624     2013 04 20 16 28  5.356     197.7
 2013 04 20 21 20 14.800     2013 04 20 21 23 35.986     201.2
587
588
 2013 04 20 13 35 21.669     2013 04 20 13 35 45.783      24.1
589
 2013 04 20 14 42 22.730     2013 04 20 14 44 54.441     151.7
590
591
 2013 04 20 05 12 33.961     2013 04 20 05 15 32.131     178.2
 2013 04 20 15 12 43.024     2013 04 20 15 15 45.785     182.8
592
 2013 04 20 05 12 55.498     2013 04 20 05 16  9.494     194.0
 2013 04 20 15 12 29.204     2013 04 20 15 15 12.054     162.8
593
 2013 04 20 01 11  3.534     2013 04 20 01 13 38.678     155.1
 2013 04 20 12 57 56.177     2013 04 20 13 00 38.924     162.7
594
 2013 04 20 04 33 44.888     2013 04 20 04 37 10.662     205.8
 2013 04 20 11 09 26.743     2013 04 20 11 12 22.190     175.4
595
596
 2013 04 20 00 26 34.390     2013 04 20 00 30  4.018     209.6
597
 2013 04 20 17 11 57.299     2013 04 20 17 15 33.970     216.7
 2013 04 20 22 07 41.473     2013 04 20 22 11  5.123     203.7
598
 2013 04 20 09 40   .620     2013 04 20 09 42 45.128     164.5
599
600
 2013 04 20 02 15 22.633     2013 04 20 02 15 49.656      27.0
 2013 04 20 03 49 47.720     2013 04 20 03 53 25.482     217.8
 2013 04 20 08 45 28.297     2013 04 20 08 48  7.317     159.0
601
 2013 04 20 09 59 25.171     2013 04 20 10 01 59.147     154.0
602
 2013 04 20 00 35 31.971     2013 04 20 00 38 52.585     200.6
 2013 04 20 08 50 50.110     2013 04 20 08 54 22.172     212.1
603
 2013 04 20 07 29 10.500     2013 04 20 07 29 59.390      48.9
604
605
 2013 04 20 20 46 54.474     2013 04 20 20 49 26.399     151.9
606
 2013 04 20 01 15 49.675     2013 04 20 01 18 30.352     160.7
 2013 04 20 11 16 53.726     2013 04 20 11 20 35.731     222.0
607
 2013 04 20 21 41 17.744     2013 04 20 21 44  4.522     166.8
608
609
 2013 04 20 09 18 35.901     2013 04 20 09 21 43.254     187.4
 2013 04 20 10 56  5.789     2013 04 20 10 57 14.157      68.4
 2013 04 20 14 12 53.716     2013 04 20 14 16 43.959     230.2
 2013 04 20 15 51  5.117     2013 04 20 15 54 18.109     193.0
610
611
 2013 04 20 03 33 23.224     2013 04 20 03 33 31.922       8.7
612
 2013 04 20 08 19  9.472     2013 04 20 08 22 17.444     188.0
613
 2013 04 20 14 00 26.821     2013 04 20 14 03 33.627     186.8
 2013 04 20 20 35 50.665     2013 04 20 20 39  2.427     191.8
614
 2013 04 20 08 52 15.694     2013 04 20 08 54 50.764     155.1
615
 2013 04 20 04 33 46.641     2013 04 20 04 37 13.347     206.7
 2013 04 20 11 07 33.355     2013 04 20 11 10 14.059     160.7
616
 2013 04 20 00 17 34.894     2013 04 20 00 20  5.353     150.5
 2013 04 20 13 51 37.191     2013 04 20 13 55  7.728     210.5
617
 2013 04 20 00 07 17.912     2013 04 20 00 09 55.471     157.6
 2013 04 20 17 10 28.603     2013 04 20 17 13  7.801     159.2
 2013 04 20 23 44 10.113     2013 04 20 23 46 45.194     155.1
618
 2013 04 20 06 55 31.746     2013 04 20 06 58 44.732     193.0
 2013 04 20 13 29 19.985     2013 04 20 13 32  3.973     164.0
619
 2013 04 20 08 52 23.764     2013 04 20 08 55 13.837     170.1
620
 2013 04 20 13 36 45.078     2013 04 20 13 39 33.533     168.5
621
 2013 04 20 14 01 41.072     2013 04 20 14 01 58.475      17.4
 2013 04 20 22 11 50.095     2013 04 20 22 14 32.005     161.9
622
 2013 04 20 22 29 38.931     2013 04 20 22 32 26.813     167.9
623
 2013 04 20 13 49 20.647     2013 04 20 13 49 46.308      25.7
624
625
 2013 04 20 00 17 53.697     2013 04 20 00 20 44.713     171.0
 2013 04 20 13 50 41.581     2013 04 20 13 54 26.752     225.2
626
 2013 04 20 16 17 36.270     2013 04 20 16 21  7.415     211.1
627
 2013 04 20 10 05 43.297     2013 04 20 10 07 31.960     108.7
 2013 04 20 16 40 21.461     2013 04 20 16 43 36.439     195.0
628
 2013 04 20 07 19 47.398     2013 04 20 07 22 21.519     154.1
 2013 04 20 21 00 44.250     2013 04 20 21 01 35.955      51.7
629
 2013 04 20 18 20  3.522     2013 04 20 18 22 39.990     156.5
630
631
 2013 04 20 06 05 10.500     2013 04 20 06 08 13.120     182.6
 2013 04 20 14 21 56.227     2013 04 20 14 24 28.906     152.7
632
 2013 04 20 08 53  3.994     2013 04 20 08 55 42.842     158.8
633
 2013 04 20 11 31 57.543     2013 04 20 11 32 32.720      35.2
634
 2013 04 20 11 35 41.686     2013 04 20 11 36 19.734      38.0
 2013 04 20 21 28 42.601     2013 04 20 21 32 14.631     212.0
635
 2013 04 20 11 27 37.822     2013 04 20 11 30 15.340     157.5
636
 2013 04 20 14 42 30.436     2013 04 20 14 45 57.119     206.7
637
638
 2013 04 20 01 28 22.506     2013 04 20 01 31 41.692     199.2
 2013 04 20 06 23 41.573     2013 04 20 06 26 16.316     154.7
639
 2013 04 20 09 00 27.921     2013 04 20 09 03  1.735     153.8
640
 2013 04 20 09 14 49.743     2013 04 20 09 17 50.871     181.1
 2013 04 20 17 29 14.121     2013 04 20 17 31 54.112     160.0
641
 2013 04 20 10 27 48.816     2013 04 20 10 30 23.160     154.3
642
 2013 04 20 02 46 44.528     2013 04 20 02 49 28.593     164.1
643
 2013 04 20 05 23 39.579     2013 04 20 05 27  3.639     204.1
 2013 04 20 10 19 13.268     2013 04 20 10 22 23.839     190.6
644
 2013 04 20 22 35 18.605     2013 04 20 22 38 21.732     183.1
645
 2013 04 20 04 52 45.174     2013 04 20 04 52 51.712       6.5
 2013 04 20 20 13 50.257     2013 04 20 20 13 54.357       4.1
646
 2013 04 20 01 10 42.930     2013 04 20 01 14   .487     197.6
 2013 04 20 12 57 19.313     2013 04 20 12 59 49.985     150.7
647
 2013 04 20 02 36 32.834     2013 04 20 02 36 38.178       5.3
 2013 04 20 16 12 48.887     2013 04 20 16 16 27.610     218.7
648
 2013 04 20 03 31 25.441     2013 04 20 03 34 40.370     194.9
 2013 04 20 15 21 15.167     2013 04 20 15 23 51.394     156.2
649
 2013 04 20 07 39 13.823     2013 04 20 07 41 53.350     159.5
 2013 04 20 15 55 11.282     2013 04 20 15 58 19.595     188.3
650
 2013 04 20 06 02 11.916     2013 04 20 06 04 47.452     155.5
 2013 04 20 15 59 10.853     2013 04 20 15 59 47.463      36.6
651
 2013 04 20 11 41 30.263     2013 04 20 11 41 55.974      25.7
 2013 04 20 13 15 45.823     2013 04 20 13 16 20.635      34.8
 2013 04 20 18 11 50.950     2013 04 20 18 15  9.300     198.3
652
 2013 04 20 00 14 17.475     2013 04 20 00 15 29.858      72.4
 2013 04 20 13 54 15.375     2013 04 20 13 57 11.405     176.0
653
 2013 04 20 22 31  9.907     2013 04 20 22 32  3.866      54.0
654
 2013 04 20 07 42 27.444     2013 04 20 07 45 23.154     175.7
 2013 04 20 14 16 32.613     2013 04 20 14 19 47.654     195.0
655
 2013 04 20 18 32 54.356     2013 04 20 18 35 33.871     159.5
656
 2013 04 20 04 54 31.923     2013 04 20 04 54 31.295       -.6
 2013 04 20 20 16 32.856     2013 04 20 20 19 59.880     207.0
657
 2013 04 20 08 14 53.828     2013 04 20 08 17 26.065     152.2
 2013 04 20 20 03 35.198     2013 04 20 20 06 24.878     169.7
658
 2013 04 20 07 42  5.415     2013 04 20 07 45 45.427     220.0
 2013 04 20 14 16  2.777     2013 04 20 14 19 11.611     188.8
659
 2013 04 20 03 21 37.623     2013 04 20 03 24 24.504     166.9
660
 2013 04 20 13 13  5.177     2013 04 20 13 16  9.421     184.2
 2013 04 20 19 47  4.178     2013 04 20 19 50 11.181     187.0
661
 2013 04 20 12 49 52.856     2013 04 20 12 52 40.581     167.7
662
 2013 04 20 09 47  2.795     2013 04 20 09 50 21.235     198.4
663
 2013 04 20 23 06 14.576     2013 04 20 23 07 19.408      64.8
664
 2013 04 20 01 25 14.219     2013 04 20 01 28 33.195     199.0
 2013 04 20 07 58 48.618     2013 04 20 08 01 22.983     154.4
665
 2013 04 20 01 42 47.258     2013 04 20 01 45 26.440     159.2
 2013 04 20 18 44 54.053     2013 04 20 18 48   .084     186.0
666
 2013 04 20 03 45 31.391     2013 04 20 03 48 47.183     195.8
 2013 04 20 10 23 17.631     2013 04 20 10 23 39.062      21.4
667
 2013 04 20 13 49  3.593     2013 04 20 13 52 37.237     213.6
668
 2013 04 20 19 59 18.620     2013 04 20 20 01 52.280     153.7
669
 2013 04 20 02 49 44.868     2013 04 20 02 50 27.681      42.8
 2013 04 20 12 53 31.382     2013 04 20 12 56 11.210     159.8
670
 2013 04 20 00 20 44.151     2013 04 20 00 20 55.744      11.6
 2013 04 20 12 13 20.288     2013 04 20 12 16 11.874     171.6
671
 2013 04 20 23 21 33.537     2013 04 20 23 24 35.252     181.7
672
 2013 04 20 10 26 49.540     2013 04 20 10 29 33.205     163.7
673
 2013 04 20 06 05 28.162     2013 04 20 06 08 32.567     184.4
 2013 04 20 14 20 23.112     2013 04 20 14 22 56.181     153.1
674
 2013 04 20 01 13  2.074     2013 04 20 01 15 51.133     169.1
675
 2013 04 20 21 41 41.709     2013 04 20 21 44 24.453     162.7
676
 2013 04 20 09 11 42.869     2013 04 20 09 14 46.608     183.7
677
678
 2013 04 20 09 56 57.788     2013 04 20 09 59 29.960     152.2
 2013 04 20 19 56 34.930     2013 04 20 19 59 10.156     155.2
679
 2013 04 20 20 06 51.528     2013 04 20 20 09 48.713     177.2
680
 2013 04 20 02 46 43.523     2013 04 20 02 50  3.936     200.4
 2013 04 20 14 30 17.425     2013 04 20 14 31  3.360      45.9
681
 2013 04 20 19 20 50.286     2013 04 20 19 23 24.439     154.2
682
 2013 04 20 22 28   .852     2013 04 20 22 30 38.459     157.6
683
684
 2013 04 20 11 31 43.499     2013 04 20 11 32 28.286      44.8
 2013 04 20 21 29 31.196     2013 04 20 21 32 18.357     167.2
685
 2013 04 20 19 53 45.601     2013 04 20 19 54 20.801      35.2
686
 2013 04 20 05 16 31.537     2013 04 20 05 19 10.169     158.6
687
688
 2013 04 20 18 25 32.355     2013 04 20 18 28 41.953     189.6
689
690
 2013 04 20 04 14 20.301     2013 04 20 04 17  6.275     166.0
691
 2013 04 20 08 21 53.072     2013 04 20 08 25  9.166     196.1
 2013 04 20 18 23 13.443     2013 04 20 18 25 55.604     162.2
692
 2013 04 20 04 01 28.540     2013 04 20 04 04 49.215     200.7
 2013 04 20 22 42 29.898     2013 04 20 22 46  7.145     217.2
693
 2013 04 20 18 39 23.722     2013 04 20 18 42 18.421     174.7
694
 2013 04 20 12 14 55.155     2013 04 20 12 17 28.662     153.5
695
 2013 04 20 04 27  9.641     2013 04 20 04 30  9.972     180.3
 2013 04 20 14 24 44.331     2013 04 20 14 27 51.682     187.4
696
 2013 04 20 06 06 15.997     2013 04 20 06 08 52.944     156.9
 2013 04 20 14 21  1.786     2013 04 20 14 23 58.369     176.6
697
 2013 04 20 00 59  5.311     2013 04 20 01 02 37.651     212.3
 2013 04 20 16 19 36.728     2013 04 20 16 20 12.956      36.2
698
 2013 04 20 14 42 14.008     2013 04 20 14 45  3.765     169.8
699
700
 2013 04 20 04 50 56.098     2013 04 20 04 53 31.116     155.0
 2013 04 20 21 53 48.989     2013 04 20 21 56 24.685     155.7
701
 2013 04 20 06 37 49.423     2013 04 20 06 40 21.185     151.8
702
 2013 04 20 13 07 13.130     2013 04 20 13 10 25.199     192.1
 2013 04 20 23 03 29.339     2013 04 20 23 05  4.218      94.9
703
 2013 04 20 04 35 25.905     2013 04 20 04 38  7.185     161.3
 2013 04 20 11 08 51.920     2013 04 20 11 11 54.672     182.8
704
705
 2013 04 20 06 42 48.109     2013 04 20 06 45 19.723     151.6
 2013 04 20 18 27 25.224     2013 04 20 18 28 19.383      54.2
706
707
 2013 04 20 08 17 10.729     2013 04 20 08 17 39.147      28.4
708
 2013 04 20 03 25 39.250     2013 04 20 03 28 26.149     166.9
 2013 04 20 17 01 38.857     2013 04 20 17 04 37.488     178.6
709
 2013 04 20 03 01 24.368     2013 04 20 03 04 12.109     167.7
 2013 04 20 07 59 52.887     2013 04 20 08 00 17.881      25.0
 2013 04 20 09 34 17.241     2013 04 20 09 38   .037     222.8
710
 2013 04 20 08 23  6.855     2013 04 20 08 26 37.511     210.7
711
 2013 04 20 05 08 12.310     2013 04 20 05 10 55.433     163.1
 2013 04 20 16 52 49.691     2013 04 20 16 56 28.037     218.3
712
 2013 04 20 19 29 26.960     2013 04 20 19 29 31.201       4.2
713
 2013 04 20 00 39 30.075     2013 04 20 00 42 57.205     207.1
 2013 04 20 07 13  3.949     2013 04 20 07 14 35.446      91.5
714
715
 2013 04 20 11 35 41.324     2013 04 20 11 39 21.746     220.4
 2013 04 20 19 50 31.016     2013 04 20 19 53  8.192     157.2
716
 2013 04 20 23 02 25.028     2013 04 20 23 04 59.746     154.7
717
 2013 04 20 06 54 18.772     2013 04 20 06 56 56.875     158.1
 2013 04 20 15 07  3.233     2013 04 20 15 07 36.533      33.3
718
 2013 04 20 15 35  6.020     2013 04 20 15 35 27.234      21.2
 2013 04 20 22 11 19.643     2013 04 20 22 13 56.955     157.3
719
 2013 04 20 20 08 46.346     2013 04 20 20 11 47.504     181.2
720
 2013 04 20 15 06 13.029     2013 04 20 15 09 39.307     206.3
721
 2013 04 20 14 35  9.446     2013 04 20 14 38  5.222     175.8
722
 2013 04 20 10 02 44.686     2013 04 20 10 05 18.533     153.8
 2013 04 20 18 16 51.367     2013 04 20 18 20 12.232     200.9
723
 2013 04 20 14 19 20.897     2013 04 20 14 22  1.786     160.9
724
 2013 04 20 10 37  3.442     2013 04 20 10 39 36.751     153.3
 2013 04 20 22 25 20.765     2013 04 20 22 27 51.305     150.5
725
 2013 04 20 11 13 30.740     2013 04 20 11 13 48.048      17.3
726
727
 2013 04 20 00 16  4.121     2013 04 20 00 19 22.849     198.7
 2013 04 20 13 51 34.248     2013 04 20 13 54 12.032     157.8
728
 2013 04 20 12 27 24.403     2013 04 20 12 31 15.347     230.9
 2013 04 20 19 02  6.887     2013 04 20 19 05 17.322     190.4
729
 2013 04 20 06 40 48.745     2013 04 20 06 43 40.293     171.5
 2013 04 20 18 29 44.874     2013 04 20 18 32 22.766     157.9
730
 2013 04 20 01 14 15.714     2013 04 20 01 16 49.181     153.5
731
 2013 04 20 13 04 43.952     2013 04 20 13 08  5.700     201.7
 2013 04 20 23 06 57.584     2013 04 20 23 09 31.101     153.5
732
 2013 04 20 08 53 34.900     2013 04 20 08 56 11.039     156.1
733
 2013 04 20 21 32 36.989     2013 04 20 21 33 48.885      71.9
734
 2013 04 20 13 07 42.965     2013 04 20 13 11   .471     197.5
735
 2013 04 20 11 19 40.840     2013 04 20 11 22 34.458     173.6
736
 2013 04 20 02 01 50.495     2013 04 20 02 02  3.911      13.4
 2013 04 20 12 06 17.306     2013 04 20 12 09 33.739     196.4
737
 2013 04 20 02 44 13.694     2013 04 20 02 47  9.959     176.3
 2013 04 20 14 33 51.584     2013 04 20 14 36 21.445     149.9
738
 2013 04 20 04 17 36.518     2013 04 20 04 20 22.166     165.6
 2013 04 20 16 08 17.986     2013 04 20 16 11 39.995     202.0
739
 2013 04 20 07 15 59.403     2013 04 20 07 19 21.961     202.6
 2013 04 20 22 38 12.956     2013 04 20 22 40 53.130     160.2
740
 2013 04 20 13 09 14.720     2013 04 20 13 10 10.777      56.1
 2013 04 20 21 27 35.419     2013 04 20 21 30 23.836     168.4
741
 2013 04 20 04 15  2.449     2013 04 20 04 17 35.896     153.4
742
 2013 04 20 00 38 12.015     2013 04 20 00 38 50.800      38.8
 2013 04 20 07 13 52.001     2013 04 20 07 16 30.427     158.4
743
 2013 04 20 02 45 38.141     2013 04 20 02 48 48.621     190.5
 2013 04 20 14 32 37.421     2013 04 20 14 33 35.633      58.2
744
 2013 04 20 03 40 36.147     2013 04 20 03 40 53.342      17.2
745
 2013 04 20 13 09 50.716     2013 04 20 13 13 35.987     225.3
 2013 04 20 21 27 31.298     2013 04 20 21 30  5.796     154.5
746
 2013 04 20 14 24  6.796     2013 04 20 14 26 39.482     152.7
747
 2013 04 20 03 45 33.841     2013 04 20 03 48 15.227     161.4
748
 2013 04 20 19 18 45.641     2013 04 20 19 19  8.689      23.0
749
 2013 04 20 03 28 56.642     2013 04 20 03 32  5.523     188.9
750
 2013 04 20 01 25 40.532     2013 04 20 01 28 50.601     190.1
 2013 04 20 07 58 55.355     2013 04 20 08 01 35.151     159.8
751
 2013 04 20 01 10 42.597     2013 04 20 01 14 28.062     225.5
 2013 04 20 12 56 55.197     2013 04 20 12 59 26.393     151.2
752
 2013 04 20 00 36 35.660     2013 04 20 00 39 16.153     160.5
753
 2013 04 20 03 11 31.148     2013 04 20 03 11 34.512       3.4
 2013 04 20 04 49 55.362     2013 04 20 04 52 59.528     184.2
 2013 04 20 21 54  1.954     2013 04 20 21 57 15.191     193.2
 2013 04 20 23 31 33.931     2013 04 20 23 32 36.288      62.4
754
 2013 04 20 04 55 20.729     2013 04 20 04 57 58.497     157.8
 2013 04 20 20 15 28.287     2013 04 20 20 18 40.883     192.6
755
 2013 04 20 03 40 48.101     2013 04 20 03 43 22.116     154.0
756
 2013 04 20 11 21 49.488     2013 04 20 11 24 47.255     177.8
 2013 04 20 23 17 48.782     2013 04 20 23 17 49.438        .7
757
 2013 04 20 10 36 36.504     2013 04 20 10 39  9.631     153.1
 2013 04 20 22 25 35.215     2013 04 20 22 28 14.876     159.7
758
 2013 04 20 09 15  3.988     2013 04 20 09 18 23.177     199.2
 2013 04 20 17 28 46.838     2013 04 20 17 31 44.668     177.8
759
 2013 04 20 14 28 59.591     2013 04 20 14 31 34.779     155.2
760
 2013 04 20 07 16 54.061     2013 04 20 07 19 38.041     164.0
 2013 04 20 22 36 34.030     2013 04 20 22 39 29.669     175.6
761
762
 2013 04 20 09 16 47.245     2013 04 20 09 19 27.568     160.3
 2013 04 20 15 51 35.501     2013 04 20 15 52 27.164      51.7
763
 2013 04 20 12 23  9.381     2013 04 20 12 26 40.971     211.6
 2013 04 20 20 40  2.423     2013 04 20 20 42 41.141     158.7
764
 2013 04 20 05 18  7.572     2013 04 20 05 18 29.616      22.0
 2013 04 20 15 10 49.844     2013 04 20 15 14 19.429     209.6
765
 2013 04 20 00 10 38.352     2013 04 20 00 10 46.395       8.0
 2013 04 20 17 08 49.707     2013 04 20 17 11 25.075     155.4
766
 2013 04 20 00 33 49.071     2013 04 20 00 34 31.321      42.3
 2013 04 20 08 49  4.109     2013 04 20 08 52  7.823     183.7
767
 2013 04 20 03 24  1.103     2013 04 20 03 27  6.609     185.5
 2013 04 20 17 00 37.351     2013 04 20 17 04 13.603     216.3
768
 2013 04 20 11 23 59.369     2013 04 20 11 27 28.952     209.6
 2013 04 20 23 11 22.855     2013 04 20 23 14  8.794     165.9
769
 2013 04 20 01 23 48.952     2013 04 20 01 23 59.918      11.0
 2013 04 20 03 01 34.264     2013 04 20 03 01 36.602       2.3
 2013 04 20 07 57 48.375     2013 04 20 08 01 17.622     209.2
770
 2013 04 20 17 32  6.483     2013 04 20 17 35 15.201     188.7
771
 2013 04 20 01 54  5.728     2013 04 20 01 57 10.701     185.0
772
 2013 04 20 04 32 43.665     2013 04 20 04 35 33.428     169.8
773
 2013 04 20 02 32 42.573     2013 04 20 02 35 17.539     155.0
 2013 04 20 17 53 55.944     2013 04 20 17 56 29.018     153.1
774
775
 2013 04 20 03 00 40.440     2013 04 20 03 04 31.760     231.3
 2013 04 20 09 35 17.473     2013 04 20 09 38 32.795     195.3
776
 2013 04 20 17 37 18.285     2013 04 20 17 39 49.577     151.3
777
 2013 04 20 08 25 32.074     2013 04 20 08 28 23.641     171.6
778
 2013 04 20 02 30 14.177     2013 04 20 02 32 58.643     164.5
 2013 04 20 19 32  2.674     2013 04 20 19 35 30.220     207.5
779
 2013 04 20 08 21 15.659     2013 04 20 08 24  6.605     170.9
 2013 04 20 18 23 13.003     2013 04 20 18 25 57.953     164.9
780
 2013 04 20 03 18 57.308     2013 04 20 03 21 37.053     159.7
 2013 04 20 18 41 20.339     2013 04 20 18 44 40.810     200.5
781
 2013 04 20 12 07 36.995     2013 04 20 12 10 50.803     193.8
782
 2013 04 20 05 47 38.616     2013 04 20 05 48 14.102      35.5
 2013 04 20 19 21 18.054     2013 04 20 19 24  9.812     171.8
783
 2013 04 20 06 25 39.422     2013 04 20 06 28 37.476     178.1
 2013 04 20 23 27 24.228     2013 04 20 23 30 13.848     169.6
784
 2013 04 20 05 00 23.606     2013 04 20 05 03 11.854     168.2
 2013 04 20 18 35 51.434     2013 04 20 18 39  9.529     198.1
785
 2013 04 20 07 20  6.751     2013 04 20 07 21 36.605      89.9
 2013 04 20 20 59 13.426     2013 04 20 21 01 44.709     151.3
786
 2013 04 20 02 45 18.192     2013 04 20 02 48 47.666     209.5
 2013 04 20 14 32 56.725     2013 04 20 14 34 10.714      74.0
787
 2013 04 20 00 57 44.386     2013 04 20 01 00 19.551     155.2
 2013 04 20 16 19 28.185     2013 04 20 16 22 17.943     169.8
788
789
 2013 04 20 06 54 34.030     2013 04 20 06 58  3.563     209.5
 2013 04 20 13 34 24.712     2013 04 20 13 34 37.358      12.6
790
 2013 04 20 04 36 32.477     2013 04 20 04 36 49.249      16.8
 2013 04 20 06 10 35.762     2013 04 20 06 11 20.980      45.2
 2013 04 20 11 06 40.573     2013 04 20 11 10  5.476     204.9
791
 2013 04 20 12 08  3.300     2013 04 20 12 10 37.450     154.2
792
793
 2013 04 20 07 19  6.351     2013 04 20 07 19  9.291       2.9
 2013 04 20 20 59 35.910     2013 04 20 21 02 27.447     171.5
794
 2013 04 20 06 03 29.721     2013 04 20 06 06  6.590     156.9
795
 2013 04 20 02 09 59.758     2013 04 20 02 13  9.970     190.2
 2013 04 20 10 25 16.252     2013 04 20 10 28 38.647     202.4
796
 2013 04 20 03 27 24.767     2013 04 20 03 28  7.923      43.2
 2013 04 20 17 00  3.936     2013 04 20 17 03 14.008     190.1
797
 2013 04 20 02 01 24.866     2013 04 20 02 03 56.420     151.6
798
 2013 04 20 11 29 11.638     2013 04 20 11 29 30.639      19.0
 2013 04 20 23 10  3.479     2013 04 20 23 13  7.068     183.6
799
 2013 04 20 10 54 40.693     2013 04 20 10 58 11.417     210.7
 2013 04 20 15 50 19.257     2013 04 20 15 53  6.334     167.1
800
 2013 04 20 17 51 40.847     2013 04 20 17 54 13.226     152.4
801
 2013 04 20 04 53  3.789     2013 04 20 04 56 41.182     217.4
 2013 04 20 20 16 46.635     2013 04 20 20 19 46.561     179.9
802
 2013 04 20 10 43  2.994     2013 04 20 10 44  6.371      63.4
803
 2013 04 20 06 10 47.756     2013 04 20 06 11  3.294      15.5
 2013 04 20 07 44 46.808     2013 04 20 07 45  2.148      15.3
 2013 04 20 12 40 55.611     2013 04 20 12 44 42.233     226.6
804
 2013 04 20 22 25 36.849     2013 04 20 22 26 41.126      64.3
805
 2013 04 20 01 56 21.333     2013 04 20 01 57 22.106      60.8
 2013 04 20 13 47 18.105     2013 04 20 13 49 52.801     154.7
806
 2013 04 20 05 18 32.731     2013 04 20 05 18 33.716       1.0
 2013 04 20 15 10 46.642     2013 04 20 15 14 14.074     207.4
807
 2013 04 20 18 33 57.077     2013 04 20 18 36 30.514     153.4
808
 2013 04 20 13 58 43.080     2013 04 20 14 01 52.494     189.4
 2013 04 20 22 12  9.258     2013 04 20 22 15 20.878     191.6
809
 2013 04 20 07 33 43.600     2013 04 20 07 33 55.339      11.7
 2013 04 20 19 13 21.745     2013 04 20 19 16 53.690     211.9
810
 2013 04 20 08 01 37.164     2013 04 20 08 04 12.762     155.6
811
 2013 04 20 14 35 44.875     2013 04 20 14 39 14.499     209.6
812
 2013 04 20 00 31 37.722     2013 04 20 00 34 32.392     174.7
813
 2013 04 20 13 11 19.291     2013 04 20 13 14 33.459     194.2
 2013 04 20 21 24 52.787     2013 04 20 21 27 57.905     185.1
814
 2013 04 20 09 50 59.171     2013 04 20 09 53 57.576     178.4
 2013 04 20 21 37 26.764     2013 04 20 21 38  8.274      41.5
815
 2013 04 20 08 04 59.566     2013 04 20 08 07 38.869     159.3
 2013 04 20 23 23  7.930     2013 04 20 23 23 33.986      26.1
816
 2013 04 20 22 22  9.048     2013 04 20 22 25 16.105     187.1
817
818
 2013 04 20 11 23 39.053     2013 04 20 11 26 51.127     192.1
 2013 04 20 23 11 39.173     2013 04 20 23 14 43.576     184.4
819
 2013 04 20 03 43 25.915     2013 04 20 03 46 14.252     168.3
 2013 04 20 11 58 51.014     2013 04 20 12 01 36.182     165.2
820
 2013 04 20 07 22 21.137     2013 04 20 07 25 24.032     182.9
 2013 04 20 20 56 15.281     2013 04 20 20 59 14.229     178.9
821
822
 2013 04 20 03 44 46.874     2013 04 20 03 47 46.786     179.9
 2013 04 20 11 58  8.573     2013 04 20 12 01 26.495     197.9
823
 2013 04 20 02 41 55.088     2013 04 20 02 45 27.916     212.8
824
 2013 04 20 19 20  8.511     2013 04 20 19 22 41.687     153.2
825
 2013 04 20 13 36 53.472     2013 04 20 13 39 34.988     161.5
826
 2013 04 20 11 35 18.928     2013 04 20 11 37 58.892     160.0
 2013 04 20 19 51 11.718     2013 04 20 19 54 26.924     195.2
827
 2013 04 20 02 51 57.496     2013 04 20 02 55 23.671     206.2
 2013 04 20 12 51 59.521     2013 04 20 12 55 28.090     208.6
828
 2013 04 20 10 41  4.502     2013 04 20 10 44  4.760     180.3
829
 2013 04 20 06 03  8.193     2013 04 20 06 06 30.692     202.5
830
 2013 04 20 02 13 49.295     2013 04 20 02 16 23.534     154.2
 2013 04 20 08 46 46.656     2013 04 20 08 49 58.599     191.9
831
 2013 04 20 06 43 32.337     2013 04 20 06 46 26.233     173.9
832
 2013 04 20 14 01 15.667     2013 04 20 14 03 51.360     155.7
 2013 04 20 20 35 23.786     2013 04 20 20 38   .308     156.5
833
 2013 04 20 03 23 22.822     2013 04 20 03 26   .886     158.1
 2013 04 20 17 05 23.357     2013 04 20 17 05 56.103      32.7
834
835
836
 2013 04 20 08 52 15.370     2013 04 20 08 55  2.301     166.9
837
 2013 04 20 19 59 12.052     2013 04 20 20 02 15.152     183.1
838
 2013 04 20 04 10 57.946     2013 04 20 04 13 32.185     154.2
 2013 04 20 17 48 50.222     2013 04 20 17 49 36.061      45.8
839
 2013 04 20 12 24  7.131     2013 04 20 12 26 45.735     158.6
 2013 04 20 20 38 29.667     2013 04 20 20 41 21.739     172.1
840
 2013 04 20 16 15 20.319     2013 04 20 16 18 33.954     193.6
841
 2013 04 20 10 50  6.605     2013 04 20 10 52 43.748     157.1
 2013 04 20 19 04  4.199     2013 04 20 19 07 35.508     211.3
842
 2013 04 20 12 18 47.855     2013 04 20 12 22 24.466     216.6
 2013 04 20 22 17  2.751     2013 04 20 22 19 40.177     157.4
843
 2013 04 20 05 18 12.041     2013 04 20 05 20 45.356     153.3
 2013 04 20 13 33 46.630     2013 04 20 13 36 23.449     156.8
844
 2013 04 20 02 00 54.176     2013 04 20 02 03 49.260     175.1
845
 2013 04 20 04 11 28.455     2013 04 20 04 14 40.502     192.0
 2013 04 20 17 49 52.404     2013 04 20 17 52 25.841     153.4
846
 2013 04 20 11 14 17.941     2013 04 20 11 17 14.715     176.8
847
 2013 04 20 16 23  2.637     2013 04 20 16 26 39.257     216.6
 2013 04 20 22 58 17.712     2013 04 20 23 00 56.782     159.1
848
849
 2013 04 20 03 32 27.422     2013 04 20 03 36  5.967     218.5
 2013 04 20 15 20 13.555     2013 04 20 15 21 10.676      57.1
850
 2013 04 20 04 11 12.696     2013 04 20 04 14 47.957     215.3
 2013 04 20 17 47 31.082     2013 04 20 17 50 58.542     207.5
851
 2013 04 20 02 47 27.455     2013 04 20 02 50   .796     153.3
852
853
854
 2013 04 20 04 32 48.575     2013 04 20 04 33  2.231      13.7
 2013 04 20 06 10 34.179     2013 04 20 06 10 41.513       7.3
 2013 04 20 11 06 47.431     2013 04 20 11 10 11.481     204.0
855
 2013 04 20 03 25 11.132     2013 04 20 03 28  2.450     171.3
 2013 04 20 17 00 53.608     2013 04 20 17 03 28.720     155.1
856
857
 2013 04 20 01 47 21.326     2013 04 20 01 50 55.564     214.2
858
 2013 04 20 06 26 18.882     2013 04 20 06 28 54.073     155.2
 2013 04 20 23 27 43.568     2013 04 20 23 31  1.462     197.9
859
 2013 04 20 05 07  9.370     2013 04 20 05 07 27.836      18.5
860
 2013 04 20 05 52 44.269     2013 04 20 05 55 28.649     164.4
 2013 04 20 17 42 43.880     2013 04 20 17 45 28.387     164.5
861
 2013 04 20 02 33 50.146     2013 04 20 02 37 15.300     205.2
862
 2013 04 20 11 40 39.924     2013 04 20 11 43 16.814     156.9
 2013 04 20 18 13 44.917     2013 04 20 18 17   .442     195.5
863
 2013 04 20 14 48 29.304     2013 04 20 14 51  9.948     160.6
 2013 04 20 21 22 59.003     2013 04 20 21 25 36.523     157.5
864
 2013 04 20 10 53  5.566     2013 04 20 10 55 47.055     161.5
 2013 04 20 17 26 49.057     2013 04 20 17 29 39.202     170.1
865
 2013 04 20 16 04   .496     2013 04 20 16 07  5.009     184.5
866
 2013 04 20 05 15 31.053     2013 04 20 05 18 51.253     200.2
867
 2013 04 20 00 17 44.968     2013 04 20 00 20 30.158     165.2
 2013 04 20 13 50 58.201     2013 04 20 13 54 31.505     213.3
868
 2013 04 20 01 51 29.910     2013 04 20 01 54   .441     150.5
 2013 04 20 15 26 37.116     2013 04 20 15 29 30.680     173.6
869
 2013 04 20 10 38 49.689     2013 04 20 10 41 50.473     180.8
870
871
872
 2013 04 20 22 38 35.466     2013 04 20 22 41 43.509     188.0
873
 2013 04 20 09 00 35.170     2013 04 20 09 03 36.015     180.8
874
 2013 04 20 07 23 42.689     2013 04 20 07 24 50.052      67.4
875
 2013 04 20 05 11 59.073     2013 04 20 05 14 30.175     151.1
 2013 04 20 15 13 36.682     2013 04 20 15 17  8.901     212.2
876
 2013 04 20 20 13  5.484     2013 04 20 20 15 57.168     171.7
877
 2013 04 20 10 02 46.317     2013 04 20 10 05 21.652     155.3
 2013 04 20 18 16 53.540     2013 04 20 18 20 18.916     205.4
878
 2013 04 20 06 58  4.414     2013 04 20 07 00 55.367     171.0
 2013 04 20 11 53  4.877     2013 04 20 11 56 23.154     198.3
879
 2013 04 20 07 37 13.169     2013 04 20 07 40 11.009     177.8
880
 2013 04 20 04 58 43.476     2013 04 20 05 02  7.667     204.2
 2013 04 20 18 34 53.600     2013 04 20 18 38  7.813     194.2
881
 2013 04 20 02 00 50.987     2013 04 20 02 03 27.636     156.6
882
 2013 04 20 05 23 55.846     2013 04 20 05 26 32.308     156.5
 2013 04 20 10 18 35.538     2013 04 20 10 21 28.847     173.3
883
 2013 04 20 07 32 34.143     2013 04 20 07 35 47.584     193.4
884
 2013 04 20 11 39 23.000     2013 04 20 11 41 56.819     153.8
 2013 04 20 18 13 39.053     2013 04 20 18 16 22.433     163.4
885
 2013 04 20 11 15 30.685     2013 04 20 11 18  2.206     151.5
886
887
 2013 04 20 05 47 11.869     2013 04 20 05 50 43.706     211.8
 2013 04 20 19 23 29.874     2013 04 20 19 27  1.153     211.3
888
 2013 04 20 07 26 10.807     2013 04 20 07 28 44.633     153.8
889
 2013 04 20 09 54 22.808     2013 04 20 09 57  9.655     166.8
890
 2013 04 20 08 03 53.115     2013 04 20 08 07  4.015     190.9
 2013 04 20 23 24 59.436     2013 04 20 23 28 11.690     192.3
891
892
 2013 04 20 14 42 42.566     2013 04 20 14 46 14.588     212.0
893
 2013 04 20 08 18 55.332     2013 04 20 08 19 16.179      20.8
894
 2013 04 20 06 34 53.375     2013 04 20 06 37 33.555     160.2
 2013 04 20 20 10 15.030     2013 04 20 20 13 25.342     190.3
895
 2013 04 20 10 01 47.798     2013 04 20 10 04 20.946     153.1
 2013 04 20 18 17 11.029     2013 04 20 18 19 45.851     154.8
896
 2013 04 20 08 59 10.606     2013 04 20 09 02  3.431     172.8
897
 2013 04 20 14 48  8.287     2013 04 20 14 51 47.907     219.6
 2013 04 20 16 25 55.787     2013 04 20 16 29 40.282     224.5
 2013 04 20 21 21 29.223     2013 04 20 21 24  6.124     156.9
898
 2013 04 20 14 02 36.780     2013 04 20 14 05 49.526     192.7
 2013 04 20 19 01 46.523     2013 04 20 19 01 59.644      13.1
 2013 04 20 20 35 51.882     2013 04 20 20 36 57.127      65.2
899
 2013 04 20 02 36 14.704     2013 04 20 02 39 24.605     189.9
900
 2013 04 20 06 23 58.179     2013 04 20 06 27   .714     182.5
 2013 04 20 23 26 46.187     2013 04 20 23 30 21.459     215.3
901
 2013 04 20 08 58 59.680     2013 04 20 09 02 19.040     199.4
902
 2013 04 20 00 07 19.428     2013 04 20 00 09 59.741     160.3
 2013 04 20 17 09 55.077     2013 04 20 17 12 31.675     156.6
 2013 04 20 23 44  7.232     2013 04 20 23 46 52.913     165.7
903
904
 2013 04 20 11 35 23.219     2013 04 20 11 38 44.023     200.8
 2013 04 20 19 50 40.168     2013 04 20 19 53 34.725     174.6
905
 2013 04 20 01 42 13.209     2013 04 20 01 45 50.666     217.5
 2013 04 20 18 43 22.454     2013 04 20 18 46 34.664     192.2
906
 2013 04 20 14 49  3.327     2013 04 20 14 52 16.504     193.2
 2013 04 20 21 23 29.352     2013 04 20 21 26 22.142     172.8
907
 2013 04 20 14 47 56.977     2013 04 20 14 50 37.342     160.4
 2013 04 20 21 22 41.907     2013 04 20 21 25 45.163     183.3
908
 2013 04 20 05 17 29.831     2013 04 20 05 17 56.333      26.5
 2013 04 20 13 35 19.382     2013 04 20 13 37 54.729     155.3
909
910
 2013 04 20 15 06 18.995     2013 04 20 15 09 20.901     181.9
911
 2013 04 20 07 32 24.084     2013 04 20 07 35  3.103     159.0
912
 2013 04 20 08 02  9.744     2013 04 20 08 05 26.806     197.1
 2013 04 20 23 23 19.184     2013 04 20 23 26 50.733     211.5
913
914
 2013 04 20 03 45 36.815     2013 04 20 03 48 23.025     166.2
915
 2013 04 20 11 23 50.369     2013 04 20 11 25 48.664     118.3
 2013 04 20 23 13 32.950     2013 04 20 23 16 27.133     174.2
916
 2013 04 20 10 48 38.673     2013 04 20 10 51 36.164     177.5
 2013 04 20 19 05 15.280     2013 04 20 19 07 47.900     152.6
917
 2013 04 20 04 19 24.593     2013 04 20 04 22 29.857     185.3
 2013 04 20 16 06 34.263     2013 04 20 16 09  4.518     150.3
918
 2013 04 20 00 58  8.047     2013 04 20 01 01 33.841     205.8
 2013 04 20 16 20 22.228     2013 04 20 16 23  4.038     161.8
919
 2013 04 20 06 27 50.433     2013 04 20 06 31  1.098     190.7
 2013 04 20 21 48 59.376     2013 04 20 21 52 21.953     202.6
920
 2013 04 20 21 33 36.829     2013 04 20 21 36 22.855     166.0
921
 2013 04 20 15 16 15.547     2013 04 20 15 19  6.867     171.3
922
 2013 04 20 12 06 42.359     2013 04 20 12 09 35.443     173.1
923
 2013 04 20 07 44 20.301     2013 04 20 07 47 17.351     177.1
 2013 04 20 09 21 42.155     2013 04 20 09 21 56.949      14.8
 2013 04 20 12 38 38.771     2013 04 20 12 42 25.240     226.5
 2013 04 20 14 16 43.041     2013 04 20 14 20  4.196     201.2
924
 2013 04 20 04 23  1.618     2013 04 20 04 26  4.587     183.0
925
 2013 04 20 03 16 52.896     2013 04 20 03 20 28.522     215.6
 2013 04 20 20 20 12.024     2013 04 20 20 23 17.784     185.8
926
927
 2013 04 20 09 03 41.468     2013 04 20 09 07 19.437     218.0
928
 2013 04 20 04 48 35.680     2013 04 20 04 52 12.694     217.0
 2013 04 20 23 29 31.078     2013 04 20 23 33 16.465     225.4
929
 2013 04 20 21 34 35.291     2013 04 20 21 38  4.668     209.4
930
 2013 04 20 06 30 25.461     2013 04 20 06 33 19.352     173.9
931
932
 2013 04 20 04 54 27.846     2013 04 20 04 57 15.528     167.7
 2013 04 20 20 16  8.684     2013 04 20 20 18 44.698     156.0
933
 2013 04 20 03 01  8.148     2013 04 20 03 01 41.235      33.1
 2013 04 20 11 09 48.754     2013 04 20 11 10 31.239      42.5
934
 2013 04 20 11 37  9.534     2013 04 20 11 39 43.407     153.9
 2013 04 20 19 51 21.946     2013 04 20 19 54 38.765     196.8
935
 2013 04 20 02 04 38.722     2013 04 20 02 07 52.247     193.5
 2013 04 20 12 03 21.568     2013 04 20 12 05 57.050     155.5
936
 2013 04 20 07 35  2.806     2013 04 20 07 35 22.462      19.7
937
938
 2013 04 20 00 28 19.772     2013 04 20 00 30 57.281     157.5
 2013 04 20 10 30 28.535     2013 04 20 10 34  7.721     219.2
939
940
 2013 04 20 01 00 54.501     2013 04 20 01 03 38.976     164.5
941
942
 2013 04 20 09 07 23.386     2013 04 20 09 07 38.573      15.2
 2013 04 20 20 48 34.813     2013 04 20 20 51 21.779     167.0
943
 2013 04 20 01 24 46.672     2013 04 20 01 27 23.315     156.6
 2013 04 20 07 59  7.631     2013 04 20 08 02 25.956     198.3
944
 2013 04 20 01 40 40.393     2013 04 20 01 43 51.799     191.4
 2013 04 20 18 43 24.870     2013 04 20 18 46 43.544     198.7
945
 2013 04 20 02 02 16.781     2013 04 20 02 05 14.899     178.1
 2013 04 20 12 07 57.712     2013 04 20 12 09 12.819      75.1
946
 2013 04 20 05 04 22.266     2013 04 20 05 07  2.172     159.9
947
 2013 04 20 05 04 54.154     2013 04 20 05 08 23.315     209.2
 2013 04 20 16 57 19.749     2013 04 20 16 57 34.906      15.2
948
 2013 04 20 06 56 57.993     2013 04 20 06 59 47.427     169.4
 2013 04 20 13 30 46.746     2013 04 20 13 33 45.095     178.3
949
950
 2013 04 20 09 58 54.182     2013 04 20 10 01 34.138     160.0
951
 2013 04 20 00 17 13.926     2013 04 20 00 17 19.678       5.8
952
 2013 04 20 04 29  5.034     2013 04 20 04 31 49.629     164.6
953
 2013 04 20 05 20 45.387     2013 04 20 05 23 20.191     154.8
 2013 04 20 11 55  5.237     2013 04 20 11 58 39.782     214.5
954
 2013 04 20 03 34 35.596     2013 04 20 03 34 34.968       -.6
955
 2013 04 20 22 29 42.083     2013 04 20 22 32 32.271     170.2
956
 2013 04 20 05 48 21.715     2013 04 20 05 51 17.413     175.7
957
 2013 04 20 02 32 49.119     2013 04 20 02 36 19.288     210.2
 2013 04 20 17 52 44.215     2013 04 20 17 55 19.805     155.6
958
 2013 04 20 04 28 42.504     2013 04 20 04 31 17.378     154.9
959
 2013 04 20 00 09 11.000     2013 04 20 00 12 16.703     185.7
 2013 04 20 15 36 32.402     2013 04 20 15 36 43.386      11.0
960
961
 2013 04 20 17 40 48.958     2013 04 20 17 41 44.420      55.5
962
 2013 04 20 08 03 44.866     2013 04 20 08 06 44.994     180.1
 2013 04 20 23 25  1.980     2013 04 20 23 27 56.920     174.9
963
 2013 04 20 23 22 41.391     2013 04 20 23 25 30.903     169.5
964
 2013 04 20 08 30 46.433     2013 04 20 08 34  3.442     197.0
 2013 04 20 10 08 19.173     2013 04 20 10 09  2.973      43.8
 2013 04 20 15 03 50.752     2013 04 20 15 06 36.176     165.4
965
 2013 04 20 08 21 43.490     2013 04 20 08 24 45.176     181.7
 2013 04 20 18 23 13.948     2013 04 20 18 25 47.852     153.9
966
967
 2013 04 20 11 33 55.336     2013 04 20 11 37 26.348     211.0
968
 2013 04 20 11 33 16.528     2013 04 20 11 35 56.262     159.7
969
970
 2013 04 20 01 53 46.927     2013 04 20 01 56 17.996     151.1
971
 2013 04 20 03 38  6.268     2013 04 20 03 38 14.713       8.4
972
 2013 04 20 10 00  3.800     2013 04 20 10 03 27.201     203.4
 2013 04 20 18 19 19.621     2013 04 20 18 19 48.913      29.3
973
 2013 04 20 07 19 10.811     2013 04 20 07 22 23.315     192.5
974
975
 2013 04 20 03 24  5.399     2013 04 20 03 27 29.874     204.5
 2013 04 20 17 00 23.373     2013 04 20 17 03 49.951     206.6
976
 2013 04 20 00 58 44.560     2013 04 20 01 01 52.074     187.5
 2013 04 20 16 19 51.678     2013 04 20 16 22 57.290     185.6
977
 2013 04 20 03 45 24.702     2013 04 20 03 48 15.492     170.8
 2013 04 20 11 57 44.842     2013 04 20 11 57 50.769       5.9
978
 2013 04 20 18 31 27.777     2013 04 20 18 34   .971     153.2
979
 2013 04 20 06 04 41.537     2013 04 20 06 07 17.293     155.8
 2013 04 20 14 21  9.139     2013 04 20 14 24 19.209     190.1
980
 2013 04 20 12 56 26.651     2013 04 20 12 58 57.619     151.0
981
 2013 04 20 09 57 49.001     2013 04 20 10 00 20.555     151.6
 2013 04 20 19 56  4.253     2013 04 20 19 59 26.302     202.0
982
 2013 04 20 04 29 56.009     2013 04 20 04 32 31.227     155.2
 2013 04 20 12 46 29.266     2013 04 20 12 50  5.095     215.8
983
 2013 04 20 00 38 20.013     2013 04 20 00 41 50.966     211.0
 2013 04 20 02 16  4.466     2013 04 20 02 19 47.188     222.7
 2013 04 20 07 11 20.808     2013 04 20 07 14  7.500     166.7
984
 2013 04 20 08 11 45.523     2013 04 20 08 14 52.707     187.2
985
 2013 04 20 16 22 17.187     2013 04 20 16 25 16.346     179.2
 2013 04 20 22 56 13.120     2013 04 20 22 59  5.970     172.8
986
 2013 04 20 22 20 56.481     2013 04 20 22 24 13.097     196.6
987
 2013 04 20 07 43 58.813     2013 04 20 07 46 41.802     163.0
 2013 04 20 14 17 58.297     2013 04 20 14 20 40.073     161.8
988
 2013 04 20 08 08 51.996     2013 04 20 08 10 41.855     109.9
 2013 04 20 21 45 13.859     2013 04 20 21 48 57.664     223.8
989
 2013 04 20 02 43  8.925     2013 04 20 02 44 12.355      63.4
 2013 04 20 14 34 46.942     2013 04 20 14 37 17.869     150.9
990
 2013 04 20 04 00 42.894     2013 04 20 04 03 52.870     190.0
 2013 04 20 22 42 43.358     2013 04 20 22 45 23.194     159.8
991
 2013 04 20 12 02   .942     2013 04 20 12 05 13.990     193.0
992
 2013 04 20 04 05 33.122     2013 04 20 04 08 13.928     160.8
993
 2013 04 20 14 49 50.121     2013 04 20 14 53 30.742     220.6
 2013 04 20 19 45 33.672     2013 04 20 19 45 52.738      19.1
994
 2013 04 20 15 35 37.072     2013 04 20 15 38 36.922     179.8
 2013 04 20 22 09 15.326     2013 04 20 22 11 49.681     154.4
995
 2013 04 20 02 35 15.942     2013 04 20 02 37 55.059     159.1
996
 2013 04 20 07 42  8.994     2013 04 20 07 45  7.843     178.8
 2013 04 20 14 17 26.210     2013 04 20 14 17 29.318       3.1
997
998
999
 2013 04 20 01 17 54.092     2013 04 20 01 21 12.015     197.9
 2013 04 20 11 17  5.375     2013 04 20 11 17 54.030      48.7
1000
 2013 04 20 23 02 17.111     2013 04 20 23 04 53.605     156.5
1001
 2013 04 20 04 13  8.969     2013 04 20 04 15 53.642     164.7
 2013 04 20 17 47 54.929     2013 04 20 17 50 39.236     164.3
1002
 2013 04 20 05 39 41.532     2013 04 20 05 42 58.110     196.6
1003
 2013 04 20 02 11 46.861     2013 04 20 02 14 27.735     160.9
 2013 04 20 08 46 37.735     2013 04 20 08 50 17.882     220.1
1004
 2013 04 20 13 37 11.536     2013 04 20 13 39 48.501     157.0
1005
 2013 04 20 05 42 53.833     2013 04 20 05 45 31.793     158.0
 2013 04 20 21 01 54.276     2013 04 20 21 05 24.100     209.8
1006
 2013 04 20 06 09 23.307     2013 04 20 06 11 59.319     156.0
 2013 04 20 12 43  5.361     2013 04 20 12 45 42.858     157.5
1007
 2013 04 20 09 08 55.564     2013 04 20 09 11 29.529     154.0
 2013 04 20 19 09 41.827     2013 04 20 19 12 26.297     164.5
1008
1009
 2013 04 20 07 22 33.698     2013 04 20 07 25 48.653     195.0
 2013 04 20 20 55 50.722     2013 04 20 20 59  5.122     194.4
1010
 2013 04 20 14 02 51.498     2013 04 20 14 05 39.230     167.7
 2013 04 20 18 57 44.996     2013 04 20 19 01 29.733     224.7
 2013 04 20 20 35 24.830     2013 04 20 20 35 50.045      25.2
1011
 2013 04 20 12 56 20.973     2013 04 20 12 58 53.255     152.3
1012
 2013 04 20 05 10  5.676     2013 04 20 05 12 46.407     160.7
1013
 2013 04 20 03 48 36.446     2013 04 20 03 51 11.457     155.0
 2013 04 20 08 43  8.807     2013 04 20 08 43 44.969      36.2
 2013 04 20 10 21  9.348     2013 04 20 10 24 48.238     218.9
1014
 2013 04 20 05 42 51.564     2013 04 20 05 45 42.090     170.5
 2013 04 20 21 01 35.227     2013 04 20 21 05  5.458     210.2
1015
 2013 04 20 04 57 48.773     2013 04 20 05 00 55.626     186.9
 2013 04 20 18 37  2.605     2013 04 20 18 40 28.810     206.2
1016
 2013 04 20 05 46 49.082     2013 04 20 05 49 30.477     161.4
 2013 04 20 19 23 36.902     2013 04 20 19 26  8.824     151.9
1017
 2013 04 20 06 51 35.872     2013 04 20 06 54 14.337     158.5
 2013 04 20 15 08 26.323     2013 04 20 15 11 58.164     211.8
1018
 2013 04 20 09 03 17.512     2013 04 20 09 06 36.481     199.0
 2013 04 20 20 50 41.906     2013 04 20 20 52 12.655      90.7
1019
 2013 04 20 02 08 54.282     2013 04 20 02 11 27.212     152.9
 2013 04 20 10 24 49.443     2013 04 20 10 27 39.737     170.3
1020
 2013 04 20 09 07 31.237     2013 04 20 09 10 30.367     179.1
 2013 04 20 19 10 27.844     2013 04 20 19 14  7.714     219.9
1021
 2013 04 20 08 30 52.888     2013 04 20 08 33 26.963     154.1
 2013 04 20 15 04 45.774     2013 04 20 15 07 21.540     155.8
1022
 2013 04 20 02 12 23.873     2013 04 20 02 15 45.022     201.1
 2013 04 20 08 47 51.112     2013 04 20 08 50 31.394     160.3
1023
1024
1025
 2013 04 20 04 12 21.205     2013 04 20 04 15 25.227     184.0
 2013 04 20 17 47 58.387     2013 04 20 17 50 30.778     152.4
1026
 2013 04 20 04 04 37.997     2013 04 20 04 05 17.844      39.8
 2013 04 20 22 41 54.817     2013 04 20 22 41 58.884       4.1
1027
 2013 04 20 19 59  5.446     2013 04 20 20 02 37.400     212.0
1028
1029
 2013 04 20 11 14 37.800     2013 04 20 11 14 42.035       4.2
1030
1031
 2013 04 20 01 41 41.515     2013 04 20 01 44 35.396     173.9
 2013 04 20 18 44  7.073     2013 04 20 18 46 43.041     156.0
1032
 2013 04 20 00 51  9.149     2013 04 20 00 54 48.825     219.7
 2013 04 20 02 28 46.682     2013 04 20 02 29 27.648      41.0
 2013 04 20 19 33 21.654     2013 04 20 19 35 56.687     155.0
1033
1034
 2013 04 20 00 38 37.346     2013 04 20 00 41 41.875     184.5
 2013 04 20 07 13 15.248     2013 04 20 07 15 54.989     159.7
1035
1036
 2013 04 20 22 38 57.034     2013 04 20 22 41 53.739     176.7
1037
 2013 04 20 19 18 37.161     2013 04 20 19 21 22.759     165.6
1038
1039
 2013 04 20 00 18 50.691     2013 04 20 00 19 38.275      47.6
1040
 2013 04 20 00 57 51.820     2013 04 20 01 00 57.262     185.4
 2013 04 20 16 20 16.312     2013 04 20 16 22 49.441     153.1
1041
 2013 04 20 06 31 56.418     2013 04 20 06 35  2.121     185.7
1042
 2013 04 20 06 33 25.604     2013 04 20 06 36  4.832     159.2
 2013 04 20 20 11  2.861     2013 04 20 20 13 46.830     164.0
1043
 2013 04 20 10 01 41.764     2013 04 20 10 04 16.196     154.4
 2013 04 20 18 17  6.679     2013 04 20 18 19 41.991     155.3
1044
 2013 04 20 13 36 23.394     2013 04 20 13 38 58.065     154.7
1045
 2013 04 20 00 14 18.332     2013 04 20 00 16 58.716     160.4
1046
 2013 04 20 17 11 50.937     2013 04 20 17 14 29.001     158.1
 2013 04 20 22 06 31.048     2013 04 20 22 10  5.928     214.9
1047
 2013 04 20 07 43 49.506     2013 04 20 07 46 34.987     165.5
 2013 04 20 14 17 11.100     2013 04 20 14 19 51.866     160.8
1048
 2013 04 20 06 56 46.142     2013 04 20 06 59 45.672     179.5
 2013 04 20 11 55  7.433     2013 04 20 11 55 10.225       2.8
 2013 04 20 13 29 30.936     2013 04 20 13 32 32.430     181.5
1049
 2013 04 20 05 50 47.125     2013 04 20 05 51 19.269      32.1
 2013 04 20 17 43 56.365     2013 04 20 17 47 22.273     205.9
1050
 2013 04 20 05 14 29.047     2013 04 20 05 17  6.059     157.0
 2013 04 20 15 12 17.102     2013 04 20 15 15 33.434     196.3
1051
1052
 2013 04 20 05 20 50.456     2013 04 20 05 23 24.453     154.0
 2013 04 20 11 55 12.480     2013 04 20 11 58 40.646     208.2
1053
 2013 04 20 00 56 25.678     2013 04 20 00 59  2.015     156.3
1054
 2013 04 20 22 39  1.091     2013 04 20 22 41 51.354     170.3
1055
 2013 04 20 11 19 37.899     2013 04 20 11 22  9.334     151.4
1056
1057
 2013 04 20 16 10 32.736     2013 04 20 16 14  2.345     209.6
1058
1059
 2013 04 20 20 54 34.398     2013 04 20 20 57  9.097     154.7
1060
 2013 04 20 08 56  7.733     2013 04 20 08 59 17.036     189.3
 2013 04 20 22 32 26.675     2013 04 20 22 35 34.538     187.9
1061
 2013 04 20 03 36 43.563     2013 04 20 03 39 30.911     167.3
 2013 04 20 13 43 30.137     2013 04 20 13 43 42.422      12.3
1062
 2013 04 20 06 48 47.917     2013 04 20 06 51 43.923     176.0
 2013 04 20 16 47 24.540     2013 04 20 16 48 30.132      65.6
1063
 2013 04 20 10 52 27.648     2013 04 20 10 55 15.544     167.9
 2013 04 20 17 27  1.659     2013 04 20 17 29 35.616     154.0
1064
 2013 04 20 00 06 20.030     2013 04 20 00 09 39.736     199.7
 2013 04 20 17 10 46.309     2013 04 20 17 14  6.058     199.7
 2013 04 20 18 48 26.103     2013 04 20 18 52  8.969     222.9
 2013 04 20 22 05  4.956     2013 04 20 22 08 52.515     227.6
 2013 04 20 23 43 16.116     2013 04 20 23 46 26.788     190.7
1065
 2013 04 20 02 06 15.699     2013 04 20 02 09 20.702     185.0
1066
 2013 04 20 00 14  6.704     2013 04 20 00 16 44.901     158.2
1067
 2013 04 20 08 01 46.267     2013 04 20 08 05 24.847     218.6
 2013 04 20 23 25 38.192     2013 04 20 23 28 53.070     194.9
1068
 2013 04 20 23 22   .174     2013 04 20 23 24 39.655     159.5
1069
 2013 04 20 03 47 21.369     2013 04 20 03 49 55.428     154.1
 2013 04 20 10 21 27.680     2013 04 20 10 24  3.668     156.0
1070
1071
 2013 04 20 20 08 39.998     2013 04 20 20 11 25.275     165.3
1072
 2013 04 20 07 33 11.554     2013 04 20 07 35 46.529     155.0
 2013 04 20 17 39 21.598     2013 04 20 17 39 24.244       2.6
1073
 2013 04 20 20 48 26.238     2013 04 20 20 50 56.447     150.2
1074
 2013 04 20 09 06 18.627     2013 04 20 09 09 52.383     213.8
1075
1076
1077
1078
1079
 2013 04 20 02 54 13.984     2013 04 20 02 58  1.279     227.3
1080
 2013 04 20 12 01 30.965     2013 04 20 12 04  5.417     154.5
1081
 2013 04 20 05 03 18.435     2013 04 20 05 03 48.587      30.2
 2013 04 20 16 59 14.601     2013 04 20 17 00 29.339      74.7
1082
 2013 04 20 07 33 27.281     2013 04 20 07 36 26.771     179.5
 2013 04 20 17 36  5.709     2013 04 20 17 39 14.540     188.8
1083
 2013 04 20 09 58 57.467     2013 04 20 10 01 34.703     157.2
1084
 2013 04 20 11 32 11.795     2013 04 20 11 34 42.967     151.2
 2013 04 20 21 30 34.704     2013 04 20 21 33 48.146     193.4
1085
 2013 04 20 22 20 54.256     2013 04 20 22 23 24.756     150.5
1086
 2013 04 20 01 57  2.988     2013 04 20 01 59 52.123     169.1
 2013 04 20 13 46 32.653     2013 04 20 13 49  5.758     153.1
1087
 2013 04 20 07 37 21.931     2013 04 20 07 41  8.299     226.4
1088
 2013 04 20 05 41 50.807     2013 04 20 05 42 52.496      61.7
 2013 04 20 21 03 38.587     2013 04 20 21 07  1.367     202.8
1089
 2013 04 20 07 29 31.095     2013 04 20 07 29 47.325      16.2
1090
 2013 04 20 06 42 15.954     2013 04 20 06 44 47.863     151.9
 2013 04 20 18 28 14.128     2013 04 20 18 31 46.864     212.7
1091
 2013 04 20 04 30 54.833     2013 04 20 04 34 22.917     208.1
 2013 04 20 12 45 36.308     2013 04 20 12 48  9.392     153.1
1092
 2013 04 20 00 12 37.866     2013 04 20 00 15 31.951     174.1
1093
 2013 04 20 03 14 46.884     2013 04 20 03 17 22.327     155.4
 2013 04 20 21 56 33.219     2013 04 20 21 59 40.886     187.7
1094
 2013 04 20 03 39 55.557     2013 04 20 03 42 27.435     151.9
 2013 04 20 13 38 15.498     2013 04 20 13 41 37.052     201.6
1095
 2013 04 20 06 47 20.789     2013 04 20 06 47 34.091      13.3
 2013 04 20 16 48 51.282     2013 04 20 16 52  3.948     192.7
1096
1097
 2013 04 20 06 58  2.193     2013 04 20 06 58  3.735       1.5
 2013 04 20 13 31 47.212     2013 04 20 13 32  1.793      14.6
1098
1099
1100
 2013 04 20 00 36 14.492     2013 04 20 00 39 41.293     206.8
 2013 04 20 08 48 20.643     2013 04 20 08 48 33.589      12.9
1101
 2013 04 20 01 47 12.623     2013 04 20 01 50 50.313     217.7
1102
 2013 04 20 05 50  4.028     2013 04 20 05 52 50.625     166.6
1103
 2013 04 20 06 56 59.603     2013 04 20 06 59 44.316     164.7
 2013 04 20 13 30 41.165     2013 04 20 13 33 39.479     178.3
1104
1105
 2013 04 20 05 51 47.145     2013 04 20 05 52 49.832      62.7
1106
 2013 04 20 05 48 12.686     2013 04 20 05 51  4.334     171.6
 2013 04 20 19 21 40.709     2013 04 20 19 25  1.167     200.5
1107
 2013 04 20 23 26 17.364     2013 04 20 23 29 12.430     175.1
1108
 2013 04 20 02 42 20.040     2013 04 20 02 44 53.338     153.3
1109
 2013 04 20 09 42 31.537     2013 04 20 09 45  3.036     151.5
 2013 04 20 23 19 38.809     2013 04 20 23 22 24.151     165.3
1110
 2013 04 20 07 40  4.744     2013 04 20 07 42 52.846     168.1
 2013 04 20 15 55  6.954     2013 04 20 15 57 39.870     152.9
1111
 2013 04 20 11 26  9.377     2013 04 20 11 28 39.313     149.9
 2013 04 20 23 10 57.270     2013 04 20 23 11 40.834      43.6
1112
 2013 04 20 00 11 32.716     2013 04 20 00 13 39.253     126.5
 2013 04 20 15 32 44.962     2013 04 20 15 36 26.786     221.8
1113
 2013 04 20 00 25 50.539     2013 04 20 00 28 45.910     175.4
1114
1115
 2013 04 20 13 05 45.186     2013 04 20 13 05 56.926      11.7
1116
 2013 04 20 16 20 59.984     2013 04 20 16 23 44.645     164.7
1117
 2013 04 20 03 36 22.901     2013 04 20 03 38 54.617     151.7
1118
 2013 04 20 10 43   .256     2013 04 20 10 43 21.810      21.6
1119
 2013 04 20 12 19 35.588     2013 04 20 12 22 15.577     160.0
 2013 04 20 22 17 49.781     2013 04 20 22 21 29.051     219.3
1120
 2013 04 20 03 15 52.577     2013 04 20 03 18 44.592     172.0
 2013 04 20 20 19 36.650     2013 04 20 20 22 27.234     170.6
1121
 2013 04 20 17 32  6.667     2013 04 20 17 34 48.996     162.3
1122
 2013 04 20 08 23 41.913     2013 04 20 08 26 14.070     152.2
 2013 04 20 18 21  5.702     2013 04 20 18 24 48.205     222.5
1123
1124
 2013 04 20 17 32  7.051     2013 04 20 17 34 39.786     152.7
1125
 2013 04 20 22 11 49.586     2013 04 20 22 14 38.796     169.2
1126
 2013 04 20 06 38 41.914     2013 04 20 06 41 31.980     170.1
 2013 04 20 18 33 36.134     2013 04 20 18 34  7.342      31.2
1127
 2013 04 20 05 57 22.634     2013 04 20 05 58 13.351      50.7
1128
1129
 2013 04 20 08 52 33.953     2013 04 20 08 52 52.894      18.9
1130
 2013 04 20 20 55 44.580     2013 04 20 20 58 19.189     154.6
1131
 2013 04 20 17 58 55.789     2013 04 20 18 02 23.069     207.3
 2013 04 20 22 54 29.013     2013 04 20 22 58 15.805     226.8
1132
 2013 04 20 00 57 10.491     2013 04 20 00 59 53.901     163.4
 2013 04 20 16 19 39.826     2013 04 20 16 22 59.452     199.6
1133
 2013 04 20 13 55 13.519     2013 04 20 13 57 53.153     159.6
1134
 2013 04 20 06 36 31.512     2013 04 20 06 37 14.371      42.9
 2013 04 20 20 09   .918     2013 04 20 20 11 59.931     179.0
1135
 2013 04 20 05 04 16.179     2013 04 20 05 07 11.694     175.5
 2013 04 20 16 58 19.338     2013 04 20 16 59 36.159      76.8
1136
 2013 04 20 00 36 48.072     2013 04 20 00 39 49.940     181.9
 2013 04 20 07 10 51.833     2013 04 20 07 11   .474       8.6
1137
1138
1139
 2013 04 20 08 22 32.737     2013 04 20 08 25 44.409     191.7
 2013 04 20 18 22 38.573     2013 04 20 18 25 53.879     195.3
1140
1141
 2013 04 20 03 17 54.741     2013 04 20 03 21  6.356     191.6
1142
 2013 04 20 01 10 45.654     2013 04 20 01 13 36.889     171.2
 2013 04 20 12 58 36.677     2013 04 20 13 01 34.706     178.0
1143
1144
 2013 04 20 07 19 11.438     2013 04 20 07 22 30.467     199.0
1145
 2013 04 20 15 57 19.595     2013 04 20 16 00 23.890     184.3
1146
 2013 04 20 14 45 19.553     2013 04 20 14 47 52.303     152.8
 2013 04 20 23 00 40.668     2013 04 20 23 03 16.844     156.2
1147
1148
 2013 04 20 11 35 28.170     2013 04 20 11 38 30.789     182.6
 2013 04 20 19 52 33.263     2013 04 20 19 55 15.036     161.8
1149
1150
 2013 04 20 15 16 13.277     2013 04 20 15 19 47.603     214.3
1151
 2013 04 20 07 31 22.098     2013 04 20 07 34 50.232     208.1
1152
 2013 04 20 00 09  3.928     2013 04 20 00 12 10.394     186.5
1153
 2013 04 20 21 32 28.181     2013 04 20 21 35 46.841     198.7
1154
 2013 04 20 08 08 48.556     2013 04 20 08 11 43.961     175.4
 2013 04 20 21 44  7.962     2013 04 20 21 46 41.570     153.6
1155
 2013 04 20 06 08 47.807     2013 04 20 06 10 44.720     116.9
 2013 04 20 12 44 27.633     2013 04 20 12 47  1.957     154.3
1156
 2013 04 20 15 21 23.352     2013 04 20 15 24 51.369     208.0
1157
 2013 04 20 05 55 14.119     2013 04 20 05 58 19.205     185.1
1158
 2013 04 20 06 38 26.214     2013 04 20 06 42  3.677     217.5
1159
 2013 04 20 07 28 42.629     2013 04 20 07 31 29.140     166.5
 2013 04 20 19 16 22.398     2013 04 20 19 19 20.276     177.9
1160
 2013 04 20 03 16 43.252     2013 04 20 03 17  3.468      20.2
 2013 04 20 04 51   .402     2013 04 20 04 54 46.794     226.4
 2013 04 20 21 54 53.154     2013 04 20 21 57 42.407     169.3
1161
 2013 04 20 03 48  6.652     2013 04 20 03 51  6.837     180.2
 2013 04 20 05 25 32.321     2013 04 20 05 26 11.366      39.0
 2013 04 20 08 42 23.973     2013 04 20 08 46  8.328     224.4
 2013 04 20 10 20 26.081     2013 04 20 10 23 48.887     202.8
1162
 2013 04 20 06 41 28.103     2013 04 20 06 41 43.904      15.8
1163
 2013 04 20 11 30 24.377     2013 04 20 11 30 31.734       7.4
 2013 04 20 21 32 33.372     2013 04 20 21 35 27.051     173.7
1164
1165
 2013 04 20 05 43 40.555     2013 04 20 05 47 20.726     220.2
1166
 2013 04 20 10 51 48.830     2013 04 20 10 52  1.816      13.0
 2013 04 20 12 29 49.152     2013 04 20 12 33 20.276     211.1
 2013 04 20 17 25 11.738     2013 04 20 17 27 47.232     155.5
1167
 2013 04 20 16 22 38.094     2013 04 20 16 26  1.441     203.3
 2013 04 20 22 58  5.420     2013 04 20 23 00 43.940     158.5
1168
 2013 04 20 09 14 21.949     2013 04 20 09 17 56.563     214.6
 2013 04 20 17 31  3.107     2013 04 20 17 33 49.219     166.1
1169
 2013 04 20 00 55 21.599     2013 04 20 00 58  5.635     164.0
 2013 04 20 17 57 47.244     2013 04 20 18 00 42.876     175.6
1170
 2013 04 20 12 01 17.950     2013 04 20 12 04  6.526     168.6
1171
 2013 04 20 04 09 32.600     2013 04 20 04 12 33.604     181.0
1172
 2013 04 20 06 56 21.827     2013 04 20 06 56 24.024       2.2
 2013 04 20 13 31 44.522     2013 04 20 13 34 39.287     174.8
1173
 2013 04 20 22 22 15.537     2013 04 20 22 24 46.486     150.9
1174
 2013 04 20 04 07 38.306     2013 04 20 04 10 23.444     165.1
 2013 04 20 19 28 37.272     2013 04 20 19 31 24.418     167.1
1175
 2013 04 20 19 23 16.964     2013 04 20 19 23 26.713       9.7
1176
 2013 04 20 16 44 25.250     2013 04 20 16 44 38.692      13.4
1177
 2013 04 20 04 12  8.785     2013 04 20 04 15 33.725     204.9
 2013 04 20 17 47 42.498     2013 04 20 17 50 18.466     156.0
1178
 2013 04 20 14 46 44.686     2013 04 20 14 49 48.646     184.0
1179
 2013 04 20 07 20 35.341     2013 04 20 07 23 40.884     185.5
 2013 04 20 20 58 40.920     2013 04 20 21 01 12.882     152.0
1180
1181
 2013 04 20 05 14 33.780     2013 04 20 05 14 43.041       9.3
 2013 04 20 15 10 56.517     2013 04 20 15 14 29.389     212.9
1182
 2013 04 20 08 21 52.008     2013 04 20 08 24 23.148     151.1
 2013 04 20 18 22 23.435     2013 04 20 18 25  4.405     161.0
1183
 2013 04 20 03 27 56.449     2013 04 20 03 31  6.466     190.0
1184
 2013 04 20 16 04 13.924     2013 04 20 16 07 15.651     181.7
1185
 2013 04 20 14 01 50.708     2013 04 20 14 01 54.846       4.1
 2013 04 20 20 36 43.089     2013 04 20 20 40  3.349     200.3
1186
 2013 04 20 09 01 21.565     2013 04 20 09 03 58.678     157.1
 2013 04 20 20 51 26.756     2013 04 20 20 54 38.245     191.5
1187
 2013 04 20 03 35  6.518     2013 04 20 03 37 36.831     150.3
1188
 2013 04 20 08 07 17.287     2013 04 20 08 10 22.624     185.3
 2013 04 20 21 46  1.099     2013 04 20 21 48 53.407     172.3
1189
 2013 04 20 00 18 40.947     2013 04 20 00 22 14.791     213.8
1190
 2013 04 20 14 27 45.785     2013 04 20 14 30 25.608     159.8
1191
 2013 04 20 10 28 14.998     2013 04 20 10 30 49.393     154.4
1192
 2013 04 20 08 59 50.430     2013 04 20 09 00 33.034      42.6
 2013 04 20 20 52 50.396     2013 04 20 20 56 10.724     200.3
1193
 2013 04 20 01 08 14.502     2013 04 20 01 10 49.824     155.3
1194
 2013 04 20 00 54 29.108     2013 04 20 00 55 13.241      44.1
 2013 04 20 17 58 52.681     2013 04 20 18 01 31.353     158.7
 2013 04 20 22 53 33.028     2013 04 20 22 54 28.536      55.5
1195
 2013 04 20 21 28 55.612     2013 04 20 21 31 32.287     156.7
1196
 2013 04 20 00 32  7.512     2013 04 20 00 34 39.118     151.6
1197
 2013 04 20 02 02 15.493     2013 04 20 02 04 45.972     150.5
1198
 2013 04 20 06 35 47.754     2013 04 20 06 38 28.147     160.4
 2013 04 20 20 08 44.130     2013 04 20 20 10 30.597     106.5
1199
 2013 04 20 12 24 54.503     2013 04 20 12 27 47.170     172.7
1200
 2013 04 20 09 50 56.473     2013 04 20 09 53 34.939     158.5
 2013 04 20 21 37   .848     2013 04 20 21 39 57.098     176.2
1201
 2013 04 20 07 29 24.386     2013 04 20 07 32 19.015     174.6
 2013 04 20 19 14 54.013     2013 04 20 19 17 55.738     181.7
1202
 2013 04 20 09 17 21.263     2013 04 20 09 20  4.308     163.0
 2013 04 20 15 51 28.283     2013 04 20 15 54 22.319     174.0
1203
 2013 04 20 17 37 48.834     2013 04 20 17 40 19.394     150.6
1204
 2013 04 20 04 25 47.770     2013 04 20 04 29 33.874     226.1
 2013 04 20 14 24 53.401     2013 04 20 14 27 27.615     154.2
1205
 2013 04 20 01 54 50.873     2013 04 20 01 57 36.687     165.8
1206
 2013 04 20 10 34  2.808     2013 04 20 10 36 39.494     156.7
1207
 2013 04 20 08 02 51.124     2013 04 20 08 06  7.879     196.8
 2013 04 20 23 25 33.186     2013 04 20 23 28  8.616     155.4
1208
 2013 04 20 10 34 10.467     2013 04 20 10 36 51.424     161.0
1209
1210
 2013 04 20 10 51 45.194     2013 04 20 10 52  3.697      18.5
 2013 04 20 17 27 57.520     2013 04 20 17 30 33.369     155.8
1211
 2013 04 20 23 07 38.224     2013 04 20 23 10 47.823     189.6
1212
 2013 04 20 15 33 49.133     2013 04 20 15 36 25.430     156.3
1213
 2013 04 20 05 16 53.034     2013 04 20 05 19 37.812     164.8
 2013 04 20 13 36 31.772     2013 04 20 13 36 59.223      27.5
1214
 2013 04 20 02 03 36.120     2013 04 20 02 06 14.850     158.7
 2013 04 20 12 04 10.602     2013 04 20 12 07 15.492     184.9
1215
 2013 04 20 15 34 38.331     2013 04 20 15 38 27.204     228.9
 2013 04 20 17 12 24.064     2013 04 20 17 13  6.774      42.7
 2013 04 20 22 08 29.086     2013 04 20 22 11 18.033     168.9
1216
 2013 04 20 09 55  7.581     2013 04 20 09 55 17.192       9.6
 2013 04 20 21 35 21.372     2013 04 20 21 38 36.817     195.4
1217
 2013 04 20 05 08 40.051     2013 04 20 05 08 55.407      15.4
 2013 04 20 16 56 37.477     2013 04 20 16 57  6.005      28.5
1218
 2013 04 20 04 23 57.379     2013 04 20 04 26 32.422     155.0
1219
1220
 2013 04 20 13 31 59.292     2013 04 20 13 35 10.421     191.1
1221
 2013 04 20 23 02 32.947     2013 04 20 23 06  3.383     210.4
1222
 2013 04 20 10 43 26.114     2013 04 20 10 43 50.527      24.4
 2013 04 20 20 45  7.368     2013 04 20 20 48 12.076     184.7
1223
 2013 04 20 09 04 12.297     2013 04 20 09 07 23.056     190.8
 2013 04 20 20 48 44.544     2013 04 20 20 52  7.905     203.4
1224
 2013 04 20 11 19 17.146     2013 04 20 11 21 48.562     151.4
1225
 2013 04 20 08 24  9.376     2013 04 20 08 26 50.700     161.3
1226
 2013 04 20 10 03 25.038     2013 04 20 10 07  8.265     223.2
 2013 04 20 16 37 23.628     2013 04 20 16 40 59.799     216.2
1227
 2013 04 20 13 55 43.566     2013 04 20 13 58 54.876     191.3
1228
1229
 2013 04 20 17 03 56.114     2013 04 20 17 07 14.056     197.9
1230
 2013 04 20 03 19 36.778     2013 04 20 03 22 48.541     191.8
 2013 04 20 18 42  4.626     2013 04 20 18 44 39.691     155.1
1231
 2013 04 20 06 05 29.754     2013 04 20 06 08 20.755     171.0
 2013 04 20 14 20 36.510     2013 04 20 14 23  9.805     153.3
1232
 2013 04 20 10 46 32.163     2013 04 20 10 49  7.642     155.5
1233
 2013 04 20 05 46 59.910     2013 04 20 05 47 34.530      34.6
 2013 04 20 19 23 38.156     2013 04 20 19 24 57.658      79.5
1234
 2013 04 20 09 13 21.100     2013 04 20 09 16 59.601     218.5
 2013 04 20 17 28 44.412     2013 04 20 17 31 53.779     189.4
1235
 2013 04 20 07 32 33.497     2013 04 20 07 35 43.877     190.4
1236
 2013 04 20 08 09  9.049     2013 04 20 08 09 10.150       1.1
 2013 04 20 21 43  8.953     2013 04 20 21 45 53.019     164.1
1237
1238
 2013 04 20 22 16   .008     2013 04 20 22 18 56.281     176.3
1239
1240
 2013 04 20 03 19 30.890     2013 04 20 03 23 10.548     219.7
 2013 04 20 18 39 56.623     2013 04 20 18 42 34.391     157.8
1241
 2013 04 20 01 27 25.516     2013 04 20 01 30 54.656     209.1
 2013 04 20 06 23  3.651     2013 04 20 06 26 19.239     195.6
1242
 2013 04 20 06 06 53.197     2013 04 20 06 10 16.289     203.1
 2013 04 20 14 19  7.039     2013 04 20 14 19 25.829      18.8
1243
 2013 04 20 20 01 37.311     2013 04 20 20 04 10.338     153.0
1244
 2013 04 20 07 33 22.357     2013 04 20 07 35 58.165     155.8
 2013 04 20 17 38  6.354     2013 04 20 17 39 12.711      66.4
1245
 2013 04 20 22 38 20.078     2013 04 20 22 41 57.681     217.6
1246
 2013 04 20 10 06 41.494     2013 04 20 10 07 31.637      50.1
 2013 04 20 15 02 42.920     2013 04 20 15 06 13.258     210.3
1247
1248
 2013 04 20 05 42 59.113     2013 04 20 05 45 34.301     155.2
 2013 04 20 21 01 57.850     2013 04 20 21 05 36.179     218.3
1249
1250
 2013 04 20 10 05 28.626     2013 04 20 10 08 46.069     197.4
 2013 04 20 16 40 11.405     2013 04 20 16 42 56.548     165.1
1251
 2013 04 20 08 04  1.348     2013 04 20 08 04 51.127      49.8
1252
 2013 04 20 14 47 50.040     2013 04 20 14 51 26.155     216.1
 2013 04 20 21 23 39.379     2013 04 20 21 26 27.318     167.9
1253
 2013 04 20 16 08 57.094     2013 04 20 16 12 14.704     197.6
1254
1255
 2013 04 20 08 08 18.906     2013 04 20 08 09 17.234      58.3
 2013 04 20 21 45 47.412     2013 04 20 21 48 56.919     189.5
1256
 2013 04 20 03 44 58.782     2013 04 20 03 45 49.618      50.8
 2013 04 20 11 57  6.028     2013 04 20 11 57 39.559      33.5
1257
 2013 04 20 06 38  3.938     2013 04 20 06 41  7.162     183.2
1258
 2013 04 20 01 44 58.214     2013 04 20 01 45  8.033       9.8
 2013 04 20 17 05 21.487     2013 04 20 17 07 59.378     157.9
1259
 2013 04 20 15 36  6.562     2013 04 20 15 39 21.924     195.4
 2013 04 20 22 10 49.670     2013 04 20 22 13 31.410     161.7
1260
 2013 04 20 15 24 17.664     2013 04 20 15 26 52.579     154.9
1261
 2013 04 20 08 01 56.446     2013 04 20 08 05 35.674     219.2
 2013 04 20 23 23  1.030     2013 04 20 23 26 40.098     219.1
1262
1263
 2013 04 20 09 02  9.656     2013 04 20 09 02 23.062      13.4
1264
 2013 04 20 00 53 20.199     2013 04 20 00 55 59.276     159.1
 2013 04 20 18 00 20.699     2013 04 20 18 00 51.657      31.0
 2013 04 20 19 34 53.948     2013 04 20 19 38 20.776     206.8
1265
 2013 04 20 08 25 13.136     2013 04 20 08 25 57.889      44.8
1266
 2013 04 20 13 14 19.891     2013 04 20 13 17 27.506     187.6
 2013 04 20 14 51 45.488     2013 04 20 14 51 52.173       6.7
 2013 04 20 19 47 20.789     2013 04 20 19 50  9.196     168.4
1267
 2013 04 20 19 18 31.630     2013 04 20 19 21 49.200     197.6
1268
1269
 2013 04 20 06 06  4.816     2013 04 20 06 08 52.871     168.1
 2013 04 20 14 21 22.614     2013 04 20 14 24 16.823     174.2
1270
 2013 04 20 02 11  1.337     2013 04 20 02 14 28.840     207.5
1271
1272
1273
 2013 04 20 05 15 32.399     2013 04 20 05 18 15.342     162.9
1274
1275
1276
 2013 04 20 04 03 13.236     2013 04 20 04 06 47.744     214.5
 2013 04 20 21 05 19.673     2013 04 20 21 07 54.579     154.9
1277
 2013 04 20 08 53 36.937     2013 04 20 08 56 55.100     198.2
1278
 2013 04 20 09 49 57.891     2013 04 20 09 52 38.103     160.2
 2013 04 20 21 37 38.380     2013 04 20 21 40 12.305     153.9
1279
 2013 04 20 10 04  2.923     2013 04 20 10 07   .390     177.5
 2013 04 20 16 38  5.900     2013 04 20 16 41 26.779     200.9
1280
 2013 04 20 02 03 35.133     2013 04 20 02 06 19.067     163.9
 2013 04 20 12 04  2.657     2013 04 20 12 07  9.190     186.5
1281
 2013 04 20 03 38   .287     2013 04 20 03 41  7.665     187.4
 2013 04 20 13 38  5.838     2013 04 20 13 41 13.532     187.7
1282
 2013 04 20 08 21 47.319     2013 04 20 08 24 27.375     160.1
 2013 04 20 18 22 55.298     2013 04 20 18 25 30.396     155.1
1283
 2013 04 20 11 25 29.543     2013 04 20 11 28  1.265     151.7
 2013 04 20 23 11 48.672     2013 04 20 23 15  8.693     200.0
1284
 2013 04 20 22 28 49.555     2013 04 20 22 31 20.050     150.5
1285
 2013 04 20 02 09 38.431     2013 04 20 02 13 12.585     214.2
 2013 04 20 10 25 38.735     2013 04 20 10 28 52.671     193.9
1286
 2013 04 20 11 57  8.834     2013 04 20 12 00 45.171     216.3
1287
 2013 04 20 13 02 25.547     2013 04 20 13 05 24.242     178.7
1288
 2013 04 20 09 07 15.126     2013 04 20 09 10 35.751     200.6
 2013 04 20 19 10 48.056     2013 04 20 19 14 24.135     216.1
1289
 2013 04 20 05 36 38.462     2013 04 20 05 40  6.351     207.9
 2013 04 20 22 39 22.829     2013 04 20 22 42 40.200     197.4
1290
 2013 04 20 11 14 24.530     2013 04 20 11 17 16.417     171.9
1291
1292
 2013 04 20 05 53 57.308     2013 04 20 05 57 10.517     193.2
 2013 04 20 17 40 52.265     2013 04 20 17 43 22.198     149.9
1293
 2013 04 20 21 42 10.726     2013 04 20 21 45 15.793     185.1
1294
 2013 04 20 05 43 44.079     2013 04 20 05 47 30.538     226.5
1295
1296
1297
1298
 2013 04 20 11 25 59.168     2013 04 20 11 28 50.100     170.9
 2013 04 20 23 10 37.921     2013 04 20 23 14  8.961     211.0
1299
1300
 2013 04 20 09 10 39.429     2013 04 20 09 11 38.141      58.7
 2013 04 20 19 12  2.549     2013 04 20 19 12  6.378       3.8
1301
 2013 04 20 03 19 32.306     2013 04 20 03 22 38.033     185.7
 2013 04 20 18 40 19.985     2013 04 20 18 43  3.993     164.0
1302
 2013 04 20 09 12 33.279     2013 04 20 09 16  7.450     214.2
1303
 2013 04 20 01 55 19.462     2013 04 20 01 58 15.473     176.0
1304
 2013 04 20 13 12 40.030     2013 04 20 13 15 16.332     156.3
1305
 2013 04 20 03 00 14.235     2013 04 20 03 03 11.971     177.7
 2013 04 20 09 33 34.188     2013 04 20 09 36 12.882     158.7
1306
 2013 04 20 04 20 24.872     2013 04 20 04 23 48.211     203.3
 2013 04 20 16 05 33.354     2013 04 20 16 08 31.880     178.5
1307
 2013 04 20 11 26 20.872     2013 04 20 11 30   .383     219.5
 2013 04 20 23 09 25.861     2013 04 20 23 09 59.320      33.5
1308
 2013 04 20 08 20 50.845     2013 04 20 08 22 21.710      90.9
 2013 04 20 18 23 55.157     2013 04 20 18 26 29.867     154.7
1309
 2013 04 20 20 04 37.406     2013 04 20 20 05 32.346      54.9
1310
 2013 04 20 02 12 38.947     2013 04 20 02 13 17.460      38.5
 2013 04 20 03 50 38.983     2013 04 20 03 54  2.258     203.3
 2013 04 20 07 10 56.097     2013 04 20 07 11  5.587       9.5
 2013 04 20 08 45 35.125     2013 04 20 08 48 24.150     169.0
1311
 2013 04 20 17 44 41.899     2013 04 20 17 47 46.967     185.1
1312
 2013 04 20 04 23 18.882     2013 04 20 04 26 44.334     205.5
1313
 2013 04 20 17 04 25.257     2013 04 20 17 07 14.453     169.2
1314
 2013 04 20 00 28 57.982     2013 04 20 00 32 15.816     197.8
 2013 04 20 10 29   .436     2013 04 20 10 32 13.333     192.9
1315
 2013 04 20 18 32 54.326     2013 04 20 18 36 33.694     219.4
1316
 2013 04 20 12 56  8.366     2013 04 20 12 59   .783     172.4
1317
 2013 04 20 19 06  7.480     2013 04 20 19 08 39.917     152.4
1318
 2013 04 20 00 26 25.389     2013 04 20 00 29 15.417     170.0
1319
 2013 04 20 19 57 36.363     2013 04 20 19 57 41.452       5.1
1320
 2013 04 20 00 08 32.803     2013 04 20 00 11 13.376     160.6
 2013 04 20 17 10 20.630     2013 04 20 17 13 45.489     204.9
 2013 04 20 23 45 25.883     2013 04 20 23 48  2.200     156.3
1321
1322
 2013 04 20 03 14 40.561     2013 04 20 03 18  6.419     205.9
 2013 04 20 20 17 25.244     2013 04 20 20 21 13.257     228.0
1323
 2013 04 20 07 26 22.796     2013 04 20 07 26 26.991       4.2
 2013 04 20 19 18 21.321     2013 04 20 19 20 51.454     150.1
1324
 2013 04 20 09 17 57.387     2013 04 20 09 18 21.739      24.4
 2013 04 20 17 28 32.750     2013 04 20 17 31  8.487     155.7
1325
1326
 2013 04 20 10 31 21.799     2013 04 20 10 35  4.994     223.2
1327
 2013 04 20 01 41 58.183     2013 04 20 01 45 17.128     198.9
 2013 04 20 18 43 45.465     2013 04 20 18 46 30.817     165.4
1328
 2013 04 20 12 07 15.092     2013 04 20 12 10 53.699     218.6
1329
 2013 04 20 04 52 34.156     2013 04 20 04 55 10.884     156.7
1330
 2013 04 20 08 56 28.057     2013 04 20 08 59 13.655     165.6
 2013 04 20 22 32  3.037     2013 04 20 22 35  8.479     185.4
1331
 2013 04 20 02 27 48.628     2013 04 20 02 30 24.664     156.0
 2013 04 20 19 34 23.593     2013 04 20 19 35   .933      37.3
 2013 04 20 21 09   .509     2013 04 20 21 12 37.868     217.4
1332
 2013 04 20 02 40 22.462     2013 04 20 02 43 24.910     182.4
1333
 2013 04 20 04 07 19.197     2013 04 20 04 10 31.615     192.4
 2013 04 20 19 27 26.712     2013 04 20 19 30   .751     154.0
1334
 2013 04 20 04 53 47.833     2013 04 20 04 56 27.960     160.1
 2013 04 20 20 15 58.144     2013 04 20 20 18 51.862     173.7
1335
 2013 04 20 14 44 32.198     2013 04 20 14 45 35.594      63.4
1336
 2013 04 20 14 45 14.338     2013 04 20 14 48 37.316     203.0
 2013 04 20 22 59 32.101     2013 04 20 23 02 11.823     159.7
1337
1338
 2013 04 20 03 18 47.392     2013 04 20 03 19 19.380      32.0
 2013 04 20 18 42 38.083     2013 04 20 18 45 17.834     159.8
1339
1340
 2013 04 20 02 56 47.807     2013 04 20 02 57 37.125      49.3
 2013 04 20 11 10 41.379     2013 04 20 11 13 27.539     166.2
1341
 2013 04 20 12 23 18.938     2013 04 20 12 23 39.710      20.8
 2013 04 20 20 40  4.544     2013 04 20 20 43 13.019     188.5
1342
 2013 04 20 01 23 38.690     2013 04 20 01 24  3.475      24.8
1343
 2013 04 20 19 53 14.320     2013 04 20 19 56 23.648     189.3
1344
 2013 04 20 16 21 44.961     2013 04 20 16 24 21.348     156.4
 2013 04 20 23 00  3.570     2013 04 20 23 00 31.696      28.1
1345
 2013 04 20 18 24 29.915     2013 04 20 18 27  3.762     153.8
1346
 2013 04 20 08 55 41.085     2013 04 20 08 59  3.810     202.7
 2013 04 20 22 31  6.247     2013 04 20 22 33 38.945     152.7
1347
 2013 04 20 15 34 35.428     2013 04 20 15 37 27.507     172.1
 2013 04 20 22 09 43.179     2013 04 20 22 10 39.004      55.8
1348
 2013 04 20 05 01 18.743     2013 04 20 05 04  8.069     169.3
1349
1350
 2013 04 20 07 41 38.189     2013 04 20 07 44 28.161     170.0
1351
 2013 04 20 00 14 44.361     2013 04 20 00 17 42.624     178.3
 2013 04 20 13 53 32.917     2013 04 20 13 56 44.697     191.8
1352
 2013 04 20 02 00 33.766     2013 04 20 02 03  3.719     150.0
1353
 2013 04 20 11 39  2.990     2013 04 20 11 42 16.144     193.2
 2013 04 20 18 12 47.070     2013 04 20 18 15 26.611     159.5
1354
 2013 04 20 12 09 28.067     2013 04 20 12 13  8.797     220.7
1355
 2013 04 20 09 05  7.127     2013 04 20 09 06 57.911     110.8
1356
 2013 04 20 06 55 20.614     2013 04 20 06 58 44.836     204.2
 2013 04 20 13 31  2.780     2013 04 20 13 34  5.488     182.7
1357
 2013 04 20 02 03 54.084     2013 04 20 02 06 35.432     161.3
 2013 04 20 12 05  5.313     2013 04 20 12 07 40.514     155.2
1358
 2013 04 20 08 24 52.241     2013 04 20 08 28  9.500     197.3
1359
 2013 04 20 01 40  2.764     2013 04 20 01 42 39.848     157.1
 2013 04 20 20 21 43.160     2013 04 20 20 24 45.106     181.9
1360
 2013 04 20 04 13 17.721     2013 04 20 04 15 52.041     154.3
 2013 04 20 17 48  7.291     2013 04 20 17 51  3.376     176.1
1361
 2013 04 20 00 35  6.615     2013 04 20 00 35 33.612      27.0
 2013 04 20 10 26 54.503     2013 04 20 10 27  3.629       9.1
1362
 2013 04 20 10 49 39.601     2013 04 20 10 52 19.470     159.9
 2013 04 20 19 04 31.009     2013 04 20 19 07 30.285     179.3
1363
 2013 04 20 09 13 57.256     2013 04 20 09 16 48.710     171.5
 2013 04 20 17 30 41.322     2013 04 20 17 33 20.119     158.8
1364
1365
 2013 04 20 05 23 30.161     2013 04 20 05 26 23.736     173.6
 2013 04 20 10 18 32.932     2013 04 20 10 21 59.505     206.6
1366
 2013 04 20 11 40 42.023     2013 04 20 11 43 41.998     180.0
 2013 04 20 18 14  8.551     2013 04 20 18 17 38.062     209.5
1367
 2013 04 20 10 05 14.523     2013 04 20 10 07 54.588     160.1
 2013 04 20 16 39 36.398     2013 04 20 16 42 11.981     155.6
1368
1369
 2013 04 20 08 19 36.155     2013 04 20 08 22 32.635     176.5
1370
 2013 04 20 00 37 41.003     2013 04 20 00 40 16.956     156.0
 2013 04 20 07 11 55.480     2013 04 20 07 15  1.549     186.1
1371
 2013 04 20 23 10 14.645     2013 04 20 23 13 38.973     204.3
1372
 2013 04 20 04 21 42.473     2013 04 20 04 22 24.847      42.4
 2013 04 20 16 05 59.405     2013 04 20 16 09  3.137     183.7
1373
1374
 2013 04 20 17 44 21.265     2013 04 20 17 47 25.046     183.8
1375
 2013 04 20 09 16 22.084     2013 04 20 09 20  3.024     220.9
 2013 04 20 15 52 27.421     2013 04 20 15 52 51.869      24.4
1376
 2013 04 20 09 45 48.419     2013 04 20 09 48 30.521     162.1
1377
 2013 04 20 02 06 46.355     2013 04 20 02 09 29.535     163.2
1378
 2013 04 20 06 30 39.069     2013 04 20 06 33 12.795     153.7
1379
1380
 2013 04 20 16 50 18.899     2013 04 20 16 53 50.775     211.9
1381
 2013 04 20 08 30   .640     2013 04 20 08 32 37.584     156.9
 2013 04 20 15 04 13.298     2013 04 20 15 07 18.538     185.2
1382
 2013 04 20 09 02 34.785     2013 04 20 09 05 24.383     169.6
 2013 04 20 20 51 21.909     2013 04 20 20 53 56.822     154.9
1383
 2013 04 20 20 59 48.508     2013 04 20 21 02 26.224     157.7
1384
 2013 04 20 04 55 53.889     2013 04 20 04 59 31.647     217.8
1385
 2013 04 20 01 39 12.226     2013 04 20 01 41 56.450     164.2
 2013 04 20 20 21 24.662     2013 04 20 20 24   .949     156.3
1386
 2013 04 20 20 41   .587     2013 04 20 20 43 38.934     158.3
1387
 2013 04 20 00 56 41.598     2013 04 20 00 59 28.600     167.0
1388
 2013 04 20 12 49 46.409     2013 04 20 12 53 19.302     212.9
1389
 2013 04 20 22 11 10.217     2013 04 20 22 14 42.096     211.9
1390
 2013 04 20 03 30 47.007     2013 04 20 03 31 25.612      38.6
1391
 2013 04 20 07 42 13.652     2013 04 20 07 44 54.543     160.9
 2013 04 20 14 16 29.999     2013 04 20 14 17 16.615      46.6
1392
1393
 2013 04 20 09 08 49.197     2013 04 20 09 12 19.623     210.4
 2013 04 20 19 10 44.161     2013 04 20 19 13 19.333     155.2
1394
 2013 04 20 10 03  2.789     2013 04 20 10 05 44.079     161.3
 2013 04 20 18 16 44.751     2013 04 20 18 17 36.826      52.1
1395
 2013 04 20 05 01 20.795     2013 04 20 05 04 20.469     179.7
 2013 04 20 18 33 52.310     2013 04 20 18 35 25.929      93.6
1396
 2013 04 20 06 46 43.204     2013 04 20 06 47 14.079      30.9
 2013 04 20 16 46 32.798     2013 04 20 16 49 47.423     194.6
1397
 2013 04 20 03 40  9.405     2013 04 20 03 42 52.228     162.8
 2013 04 20 13 37 32.091     2013 04 20 13 40 57.627     205.5
1398
 2013 04 20 04 05  3.081     2013 04 20 04 07 54.166     171.1
1399
 2013 04 20 10 06 18.925     2013 04 20 10 09 58.580     219.7
 2013 04 20 15 06  1.609     2013 04 20 15 06  9.977       8.4
 2013 04 20 16 39 55.560     2013 04 20 16 40 26.863      31.3
1400
 2013 04 20 00 54 57.655     2013 04 20 00 55 16.381      18.7
 2013 04 20 17 58 46.027     2013 04 20 18 01 52.918     186.9
 2013 04 20 22 57 45.075     2013 04 20 22 58  3.876      18.8
1401
 2013 04 20 00 59 38.003     2013 04 20 01 02 12.693     154.7
 2013 04 20 16 18 38.150     2013 04 20 16 22 22.809     224.7
1402
 2013 04 20 02 42 37.142     2013 04 20 02 45 15.456     158.3
1403
 2013 04 20 14 46 51.373     2013 04 20 14 50 20.732     209.4
 2013 04 20 21 20 50.917     2013 04 20 21 24 36.328     225.4
1404
 2013 04 20 06 56 48.042     2013 04 20 07 00 17.316     209.3
 2013 04 20 13 31 16.429     2013 04 20 13 34 21.402     185.0
1405
 2013 04 20 08 26 55.952     2013 04 20 08 29 35.801     159.8
 2013 04 20 16 42 26.861     2013 04 20 16 45  9.201     162.3
1406
 2013 04 20 13 35 38.139     2013 04 20 13 39 24.487     226.3
1407
 2013 04 20 13 09 52.507     2013 04 20 13 12 29.313     156.8
 2013 04 20 21 25 47.491     2013 04 20 21 28 56.356     188.9
1408
 2013 04 20 02 09 23.025     2013 04 20 02 13  3.756     220.7
 2013 04 20 10 23 36.803     2013 04 20 10 26 16.211     159.4
1409
 2013 04 20 01 25 35.480     2013 04 20 01 28 40.298     184.8
 2013 04 20 07 59   .455     2013 04 20 08 01 36.516     156.1
1410
 2013 04 20 00 11 58.299     2013 04 20 00 14 32.331     154.0
 2013 04 20 15 31 57.421     2013 04 20 15 35  7.600     190.2
1411
1412
 2013 04 20 04 26 33.735     2013 04 20 04 30  3.233     209.5
 2013 04 20 14 26 18.129     2013 04 20 14 28  9.219     111.1
1413
 2013 04 20 20 40 47.479     2013 04 20 20 43 23.648     156.2
1414
 2013 04 20 09 11 10.370     2013 04 20 09 14 28.561     198.2
 2013 04 20 19 07  9.912     2013 04 20 19 07 38.407      28.5
1415
1416
 2013 04 20 10 48 52.997     2013 04 20 10 52   .138     187.1
 2013 04 20 19 05 18.088     2013 04 20 19 07 54.746     156.7
1417
 2013 04 20 05 54  1.502     2013 04 20 05 57   .614     179.1
 2013 04 20 17 42  9.245     2013 04 20 17 45  7.827     178.6
1418
 2013 04 20 16 22 16.772     2013 04 20 16 25  4.331     167.6
 2013 04 20 22 56 19.653     2013 04 20 22 59 20.599     180.9
1419
 2013 04 20 10 52 28.376     2013 04 20 10 55 40.203     191.8
 2013 04 20 12 29 54.766     2013 04 20 12 29 59.846       5.1
 2013 04 20 17 25 41.340     2013 04 20 17 28 21.954     160.6
1420
 2013 04 20 00 59 36.280     2013 04 20 01 02 18.412     162.1
 2013 04 20 16 18 53.636     2013 04 20 16 19 47.929      54.3
1421
 2013 04 20 10 52 13.694     2013 04 20 10 54 55.660     162.0
 2013 04 20 17 26 48.898     2013 04 20 17 29 28.020     159.1
1422
 2013 04 20 10 40  1.306     2013 04 20 10 42 38.177     156.9
1423
 2013 04 20 06 04 28.857     2013 04 20 06 07 21.726     172.9
 2013 04 20 14 20 18.339     2013 04 20 14 23 45.092     206.8
1424
 2013 04 20 09 39 59.365     2013 04 20 09 42 31.731     152.4
1425
 2013 04 20 12 16 14.025     2013 04 20 12 18 47.773     153.7
1426
 2013 04 20 00 24 58.350     2013 04 20 00 26 15.510      77.2
1427
1428
 2013 04 20 17 38 28.101     2013 04 20 17 41   .662     152.6
1429
 2013 04 20 20 59 39.523     2013 04 20 21 02 13.529     154.0
1430
 2013 04 20 07 42 18.098     2013 04 20 07 45  1.540     163.4
 2013 04 20 14 16 31.833     2013 04 20 14 20 12.729     220.9
1431
 2013 04 20 00 10 23.676     2013 04 20 00 14  5.330     221.7
 2013 04 20 15 33 29.247     2013 04 20 15 36  4.540     155.3
1432
 2013 04 20 10 00 19.498     2013 04 20 10 03 19.175     179.7
 2013 04 20 18 17 47.953     2013 04 20 18 21 15.665     207.7
1433
 2013 04 20 17 04 25.762     2013 04 20 17 08 14.003     228.2
1434
 2013 04 20 02 01 48.014     2013 04 20 02 05 15.039     207.0
1435
 2013 04 20 10 46 44.892     2013 04 20 10 49 52.587     187.7
1436
 2013 04 20 13 53 56.191     2013 04 20 13 57 39.181     223.0
1437
1438
 2013 04 20 03 48 46.875     2013 04 20 03 52  3.421     196.5
 2013 04 20 08 44 10.518     2013 04 20 08 47 55.919     225.4
1439
 2013 04 20 13 35 59.560     2013 04 20 13 38 56.089     176.5
1440
 2013 04 20 04 23 53.667     2013 04 20 04 26 49.002     175.3
1441
 2013 04 20 00 29 47.329     2013 04 20 00 32 58.917     191.6
 2013 04 20 10 29  4.725     2013 04 20 10 31 40.541     155.8
1442
 2013 04 20 11 39  5.725     2013 04 20 11 41 45.108     159.4
 2013 04 20 18 13 12.070     2013 04 20 18 16  5.264     173.2
1443
 2013 04 20 11 25  7.769     2013 04 20 11 27 38.175     150.4
 2013 04 20 23 11 59.443     2013 04 20 23 14 47.736     168.3
1444
 2013 04 20 11 14 39.578     2013 04 20 11 14 56.390      16.8
1445
 2013 04 20 12 15  1.867     2013 04 20 12 18 26.322     204.5
1446
 2013 04 20 00 32 20.357     2013 04 20 00 35   .896     160.5
1447
 2013 04 20 19 11 44.845     2013 04 20 19 14 57.493     192.6
1448
1449
1450
 2013 04 20 12 28  4.974     2013 04 20 12 28 44.139      39.2
 2013 04 20 19 02  9.231     2013 04 20 19 02 43.740      34.5
1451
 2013 04 20 17 43 33.990     2013 04 20 17 46 26.011     172.0
1452
1453
 2013 04 20 02 37 29.721     2013 04 20 02 40 19.030     169.3
 2013 04 20 16 14 58.803     2013 04 20 16 17 30.214     151.4
1454
 2013 04 20 09 48  9.596     2013 04 20 09 50 40.390     150.8
 2013 04 20 21 41 30.072     2013 04 20 21 42 21.750      51.7
1455
 2013 04 20 16 21 50.014     2013 04 20 16 24 23.526     153.5
 2013 04 20 22 56 19.880     2013 04 20 22 56 43.355      23.5
1456
 2013 04 20 11 33  3.538     2013 04 20 11 35 47.620     164.1
1457
 2013 04 20 21 35 47.216     2013 04 20 21 38 21.468     154.3
1458
 2013 04 20 08 10 12.105     2013 04 20 08 12 52.081     160.0
 2013 04 20 21 43 16.671     2013 04 20 21 47   .527     223.9
1459
 2013 04 20 08 23 54.988     2013 04 20 08 24 16.479      21.5
1460
 2013 04 20 11 21 49.962     2013 04 20 11 25 29.127     219.2
 2013 04 20 23 14 17.678     2013 04 20 23 17 40.394     202.7
1461
 2013 04 20 22 21 36.201     2013 04 20 22 22 34.897      58.7
1462
 2013 04 20 20 59 23.263     2013 04 20 20 59 26.630       3.4
1463
 2013 04 20 16 16 13.634     2013 04 20 16 19 38.336     204.7
1464
 2013 04 20 03 01  2.180     2013 04 20 03 02 52.195     110.0
 2013 04 20 09 35  4.638     2013 04 20 09 36 43.313      98.7
1465
 2013 04 20 18 18 59.381     2013 04 20 18 21 33.973     154.6
1466
 2013 04 20 16 03 59.433     2013 04 20 16 07 20.718     201.3
1467
 2013 04 20 09 18 51.317     2013 04 20 09 22 39.170     227.9
 2013 04 20 15 52 56.597     2013 04 20 15 56 38.301     221.7
1468
 2013 04 20 07 31 43.736     2013 04 20 07 34 28.717     165.0
1469
 2013 04 20 12 48 37.355     2013 04 20 12 51 59.003     201.6
1470
1471
 2013 04 20 08 57  8.499     2013 04 20 09 00 17.280     188.8
1472
 2013 04 20 08 23 41.169     2013 04 20 08 26 39.004     177.8
 2013 04 20 18 20 29.702     2013 04 20 18 24  6.235     216.5
1473
1474
 2013 04 20 08 25  8.103     2013 04 20 08 25 10.368       2.3
 2013 04 20 16 44  7.826     2013 04 20 16 47 35.030     207.2
1475
 2013 04 20 00 40 23.683     2013 04 20 00 43   .992     157.3
 2013 04 20 05 35  5.756     2013 04 20 05 38  7.586     181.8
1476
 2013 04 20 02 29 49.973     2013 04 20 02 32 56.361     186.4
 2013 04 20 19 32 34.168     2013 04 20 19 35 39.913     185.7
1477
1478
 2013 04 20 21 04 37.588     2013 04 20 21 07 34.037     176.4
1479
 2013 04 20 03 40 36.671     2013 04 20 03 44  5.492     208.8
 2013 04 20 13 36 11.941     2013 04 20 13 36 18.688       6.7
1480
 2013 04 20 03 25  8.386     2013 04 20 03 27 40.612     152.2
 2013 04 20 17 01 25.318     2013 04 20 17 04   .291     155.0
1481
 2013 04 20 17 36 36.271     2013 04 20 17 40  8.570     212.3
1482
1483
 2013 04 20 00 32 38.233     2013 04 20 00 35 51.607     193.4
1484
1485
 2013 04 20 07 20 20.408     2013 04 20 07 22 57.685     157.3
 2013 04 20 20 58  6.956     2013 04 20 21 01  8.108     181.2
1486
 2013 04 20 14 37 22.725     2013 04 20 14 40 28.175     185.5
1487
 2013 04 20 09 50 21.050     2013 04 20 09 53 48.991     207.9
 2013 04 20 21 38  5.554     2013 04 20 21 40 14.574     129.0
1488
1489
 2013 04 20 13 42  1.815     2013 04 20 13 45   .110     178.3
1490
 2013 04 20 15 16 53.166     2013 04 20 15 20 14.249     201.1
1491
1492
 2013 04 20 09 11  6.543     2013 04 20 09 14  6.949     180.4
 2013 04 20 19 07 33.122     2013 04 20 19 08 39.231      66.1
1493
 2013 04 20 04 13 21.536     2013 04 20 04 16 28.511     187.0
 2013 04 20 17 48 22.750     2013 04 20 17 49  8.129      45.4
1494
 2013 04 20 20 40 33.869     2013 04 20 20 43 43.727     189.9
1495
 2013 04 20 01 25 51.799     2013 04 20 01 26 15.082      23.3
 2013 04 20 08 01  5.119     2013 04 20 08 04  2.771     177.7
1496
 2013 04 20 05 02 48.463     2013 04 20 05 05 25.284     156.8
1497
 2013 04 20 17 04 47.080     2013 04 20 17 07 21.530     154.5
1498
 2013 04 20 00 21 16.136     2013 04 20 00 24 24.485     188.3
 2013 04 20 12 12 36.840     2013 04 20 12 15 44.698     187.9
1499
1500
 2013 04 20 00 27 47.580     2013 04 20 00 30 27.333     159.8
1501
1502
 2013 04 20 01 39 59.392     2013 04 20 01 42 39.272     159.9
 2013 04 20 20 21 36.743     2013 04 20 20 24 39.547     182.8
1503
 2013 04 20 07 19 32.162     2013 04 20 07 22 55.184     203.0
1504
 2013 04 20 12 19 12.426     2013 04 20 12 22 15.844     183.4
 2013 04 20 22 18 18.854     2013 04 20 22 21 58.714     219.9
1505
 2013 04 20 03 45 36.641     2013 04 20 03 48 29.350     172.7
1506
 2013 04 20 06 36 48.094     2013 04 20 06 39 40.214     172.1
1507
 2013 04 20 02 54 58.925     2013 04 20 02 55 25.227      26.3
 2013 04 20 11 10 30.244     2013 04 20 11 14 15.596     225.4
1508
 2013 04 20 01 14 53.431     2013 04 20 01 17 31.342     157.9
1509
 2013 04 20 00 54 28.436     2013 04 20 00 57 39.249     190.8
 2013 04 20 17 58 19.532     2013 04 20 18 00 54.026     154.5
1510
 2013 04 20 15 34 28.301     2013 04 20 15 38 10.931     222.6
 2013 04 20 22 08 24.110     2013 04 20 22 11 27.281     183.2
1511
 2013 04 20 00 20 38.890     2013 04 20 00 24  4.239     205.3
 2013 04 20 12 12 50.227     2013 04 20 12 16 22.364     212.1
1512
 2013 04 20 14 19 15.383     2013 04 20 14 21 52.133     156.8
1513
 2013 04 20 04 19 19.991     2013 04 20 04 22 41.603     201.6
 2013 04 20 16 06 20.811     2013 04 20 16 08 51.692     150.9
1514
 2013 04 20 11 57 18.868     2013 04 20 12 00  9.296     170.4
1515
1516
 2013 04 20 12 29 57.942     2013 04 20 12 33  8.936     191.0
 2013 04 20 17 24 57.747     2013 04 20 17 27 35.045     157.3
1517
 2013 04 20 12 28   .239     2013 04 20 12 31 16.233     196.0
 2013 04 20 19 01 31.322     2013 04 20 19 05 12.780     221.5
1518
 2013 04 20 19 29 10.268     2013 04 20 19 32 51.669     221.4
1519
 2013 04 20 07 31 14.885     2013 04 20 07 34  1.202     166.3
1520
 2013 04 20 15 35 15.984     2013 04 20 15 38 30.703     194.7
 2013 04 20 22 09   .057     2013 04 20 22 11 37.408     157.4
1521
 2013 04 20 09 55 42.504     2013 04 20 09 58 51.981     189.5
 2013 04 20 19 57 56.597     2013 04 20 20 00 33.161     156.6
1522
 2013 04 20 04 01   .804     2013 04 20 04 03 53.370     172.6
 2013 04 20 22 43   .590     2013 04 20 22 45 41.472     160.9
1523
 2013 04 20 08 31 12.659     2013 04 20 08 33 49.387     156.7
 2013 04 20 15 05  1.069     2013 04 20 15 07 44.268     163.2
1524
 2013 04 20 07 34 16.690     2013 04 20 07 37 19.232     182.5
 2013 04 20 17 36  5.931     2013 04 20 17 38 37.444     151.5
1525
 2013 04 20 08 28 13.861     2013 04 20 08 31 30.490     196.6
 2013 04 20 16 41 11.140     2013 04 20 16 44 41.675     210.5
1526
 2013 04 20 07 29 52.280     2013 04 20 07 32 29.771     157.5
 2013 04 20 19 14 45.673     2013 04 20 19 18 25.408     219.7
1527
1528
 2013 04 20 01 15 14.556     2013 04 20 01 15 35.416      20.9
 2013 04 20 12 55 59.332     2013 04 20 12 59  2.477     183.1
1529
 2013 04 20 14 42 48.186     2013 04 20 14 45 23.007     154.8
1530
 2013 04 20 05 40  4.214     2013 04 20 05 42 43.351     159.1
1531
 2013 04 20 11 42 37.456     2013 04 20 11 45 45.393     187.9
 2013 04 20 16 37 37.888     2013 04 20 16 40 14.843     157.0
1532
 2013 04 20 09 14 36.180     2013 04 20 09 17 14.750     158.6
 2013 04 20 17 30 19.901     2013 04 20 17 32 53.452     153.6
1533
 2013 04 20 11 38 23.791     2013 04 20 11 40 58.295     154.5
 2013 04 20 18 12 45.611     2013 04 20 18 13  5.215      19.6
1534
 2013 04 20 15 29 31.904     2013 04 20 15 33  2.783     210.9
1535
 2013 04 20 08 14 30.858     2013 04 20 08 17 49.406     198.5
 2013 04 20 20 02 37.150     2013 04 20 20 05 54.213     197.1
1536
 2013 04 20 00 10  5.175     2013 04 20 00 12 50.846     165.7
 2013 04 20 15 32 36.671     2013 04 20 15 35 46.222     189.6
1537
 2013 04 20 21 41 41.261     2013 04 20 21 45 14.033     212.8
1538
 2013 04 20 08 01  6.365     2013 04 20 08 03 59.344     173.0
1539
 2013 04 20 16 02 43.490     2013 04 20 16 05 27.254     163.8
1540
 2013 04 20 08 03 43.324     2013 04 20 08 06 34.603     171.3
 2013 04 20 23 24 58.338     2013 04 20 23 27 46.432     168.1
1541
 2013 04 20 20 00 45.056     2013 04 20 20 04   .724     195.7
1542
 2013 04 20 12 14 51.694     2013 04 20 12 17 36.986     165.3
1543
 2013 04 20 05 45 42.574     2013 04 20 05 45 59.871      17.3
 2013 04 20 21 01  4.526     2013 04 20 21 03 54.280     169.8
1544
 2013 04 20 07 34 21.793     2013 04 20 07 37 59.508     217.7
 2013 04 20 17 33 57.613     2013 04 20 17 36 46.138     168.5
1545
 2013 04 20 10 37  5.526     2013 04 20 10 38 16.684      71.2
1546
1547
 2013 04 20 05 06 34.448     2013 04 20 05 06 53.228      18.8
1548
 2013 04 20 05 14 10.275     2013 04 20 05 17 29.506     199.2
 2013 04 20 15 13  5.569     2013 04 20 15 13 16.560      11.0
1549
 2013 04 20 08 24 58.658     2013 04 20 08 28 36.602     217.9
1550
 2013 04 20 06 01 22.444     2013 04 20 06 03 57.672     155.2
 2013 04 20 16 00 15.064     2013 04 20 16 03 18.202     183.1
1551
 2013 04 20 19 02 43.765     2013 04 20 19 05 17.877     154.1
1552
 2013 04 20 01 52 36.610     2013 04 20 01 55 46.971     190.4
1553
 2013 04 20 13 49 10.057     2013 04 20 13 49 28.641      18.6
1554
1555
 2013 04 20 21 27 18.852     2013 04 20 21 27 59.752      40.9
1556
 2013 04 20 13 16  4.802     2013 04 20 13 19 43.110     218.3
 2013 04 20 18 11 51.405     2013 04 20 18 14 53.016     181.6
1557
 2013 04 20 02 00 26.655     2013 04 20 02 03 16.253     169.6
1558
 2013 04 20 09 44 24.694     2013 04 20 09 45 12.182      47.5
 2013 04 20 23 21 54.941     2013 04 20 23 21 57.139       2.2
1559
 2013 04 20 09 45 44.984     2013 04 20 09 48 18.756     153.8
1560
 2013 04 20 01 09 22.234     2013 04 20 01 12 42.278     200.0
 2013 04 20 12 59 46.878     2013 04 20 13 02 16.724     149.8
1561
1562
 2013 04 20 16 58 56.613     2013 04 20 17 01 55.689     179.1
1563
 2013 04 20 05 46 39.258     2013 04 20 05 50 11.058     211.8
 2013 04 20 19 22  4.394     2013 04 20 19 24 38.613     154.2
1564
 2013 04 20 09 15 32.706     2013 04 20 09 18 35.047     182.3
 2013 04 20 17 28 42.249     2013 04 20 17 32  8.736     206.5
1565
 2013 04 20 05 08 54.085     2013 04 20 05 11 24.458     150.4
1566
 2013 04 20 01 47  2.475     2013 04 20 01 47 58.425      55.9
 2013 04 20 17 05  2.562     2013 04 20 17 08 33.962     211.4
1567
 2013 04 20 00 12 28.598     2013 04 20 00 15  5.953     157.4
 2013 04 20 15 31 34.518     2013 04 20 15 32 25.212      50.7
1568
 2013 04 20 01 45 40.835     2013 04 20 01 48 13.322     152.5
 2013 04 20 17 06 41.799     2013 04 20 17 09 16.834     155.0
1569
 2013 04 20 07 17  6.131     2013 04 20 07 20 38.431     212.3
1570
 2013 04 20 08 10 13.224     2013 04 20 08 13 43.713     210.5
1571
 2013 04 20 09 03  3.948     2013 04 20 09 05 58.275     174.3
 2013 04 20 20 50  1.550     2013 04 20 20 52 32.500     150.9
1572
 2013 04 20 03 14 15.439     2013 04 20 03 16 51.993     156.6
 2013 04 20 21 56 13.126     2013 04 20 21 59   .342     167.2
1573
 2013 04 20 02 13 17.496     2013 04 20 02 15 55.889     158.4
 2013 04 20 08 47 13.352     2013 04 20 08 49 54.707     161.4
1574
 2013 04 20 04 23 12.643     2013 04 20 04 26 11.494     178.9
1575
 2013 04 20 19 58  6.170     2013 04 20 19 58  7.674       1.5
1576
 2013 04 20 09 03 11.669     2013 04 20 09 06   .946     169.3
 2013 04 20 20 50  2.540     2013 04 20 20 52 35.875     153.3
1577
1578
 2013 04 20 07 44 16.187     2013 04 20 07 46 53.242     157.1
 2013 04 20 14 17 40.504     2013 04 20 14 20 36.332     175.8
1579
 2013 04 20 02 02  2.376     2013 04 20 02 03 17.061      74.7
 2013 04 20 13 42 35.277     2013 04 20 13 43 20.633      45.4
1580
 2013 04 20 22 29 13.334     2013 04 20 22 31 45.680     152.3
1581
 2013 04 20 21 41 21.529     2013 04 20 21 43  4.877     103.3
1582
 2013 04 20 22 38 52.514     2013 04 20 22 39 17.826      25.3
1583
 2013 04 20 03 43 18.832     2013 04 20 03 46 10.447     171.6
 2013 04 20 11 58 46.115     2013 04 20 12 01 36.179     170.1
1584
1585
 2013 04 20 05 02 16.173     2013 04 20 05 05 10.007     173.8
1586
 2013 04 20 15 24 44.259     2013 04 20 15 27 42.947     178.7
1587
 2013 04 20 03 25   .886     2013 04 20 03 27 36.374     155.5
 2013 04 20 17 01 54.430     2013 04 20 17 04 28.329     153.9
1588
 2013 04 20 11 36 22.348     2013 04 20 11 39 26.120     183.8
 2013 04 20 19 50 52.324     2013 04 20 19 53 30.533     158.2
1589
1590
 2013 04 20 04 26 43.725     2013 04 20 04 29 18.641     154.9
 2013 04 20 14 25 44.522     2013 04 20 14 28 30.281     165.8
1591
 2013 04 20 16 45  1.216     2013 04 20 16 47 58.633     177.4
1592
 2013 04 20 14 46 39.304     2013 04 20 14 49 18.742     159.4
 2013 04 20 22 59 19.683     2013 04 20 22 59 47.019      27.3
1593
 2013 04 20 20 05  9.899     2013 04 20 20 08 20.432     190.5
1594
1595
 2013 04 20 04 49 54.916     2013 04 20 04 52 43.559     168.6
 2013 04 20 21 52 44.984     2013 04 20 21 55 57.278     192.3
1596
 2013 04 20 07 21  4.027     2013 04 20 07 24 28.107     204.1
 2013 04 20 20 56 39.097     2013 04 20 20 59 15.416     156.3
1597
1598
 2013 04 20 05 15 13.738     2013 04 20 05 17 52.686     158.9
1599
 2013 04 20 13 59 46.812     2013 04 20 14 02 46.733     179.9
1600
 2013 04 20 08 07  1.843     2013 04 20 08 10 35.999     214.2
 2013 04 20 21 46 58.896     2013 04 20 21 47 34.507      35.6
1601
 2013 04 20 14 00 22.209     2013 04 20 14 04  3.400     221.2
 2013 04 20 20 36 21.933     2013 04 20 20 39 21.655     179.7
1602
 2013 04 20 01 48 44.575     2013 04 20 01 51 29.056     164.5
 2013 04 20 15 31 22.739     2013 04 20 15 31 41.511      18.8
1603
 2013 04 20 08 24 15.920     2013 04 20 08 27 20.903     185.0
1604
1605
 2013 04 20 17 12 58.971     2013 04 20 17 15 59.810     180.8
 2013 04 20 22 08  2.161     2013 04 20 22 10 37.906     155.7
1606
 2013 04 20 09 59 24.188     2013 04 20 10 01 55.988     151.8
1607
 2013 04 20 03 01 50.793     2013 04 20 03 05 14.569     203.8
 2013 04 20 07 57 23.587     2013 04 20 08 00 43.773     200.2
1608
 2013 04 20 10 45 16.382     2013 04 20 10 48 41.415     205.0
 2013 04 20 20 41 55.313     2013 04 20 20 45 25.640     210.3
1609
 2013 04 20 17 38 30.087     2013 04 20 17 41   .854     150.8
1610
 2013 04 20 01 58 18.798     2013 04 20 02 00 54.561     155.8
 2013 04 20 13 45   .872     2013 04 20 13 47 44.442     163.6
1611
 2013 04 20 08 17 10.174     2013 04 20 08 17 26.991      16.8
 2013 04 20 20 00 44.410     2013 04 20 20 04 27.307     222.9
1612
 2013 04 20 01 01 23.114     2013 04 20 01 04  4.121     161.0
1613
 2013 04 20 03 35 12.408     2013 04 20 03 37 42.442     150.0
1614
 2013 04 20 01 24  8.441     2013 04 20 01 27  5.793     177.4
 2013 04 20 07 58 15.568     2013 04 20 07 58 31.863      16.3
1615
 2013 04 20 06 28 32.493     2013 04 20 06 31 31.666     179.2
 2013 04 20 21 50 51.128     2013 04 20 21 53 26.835     155.7
1616
 2013 04 20 02 26 35.784     2013 04 20 02 29 35.314     179.5
 2013 04 20 21 08 26.281     2013 04 20 21 11 13.605     167.3
1617
 2013 04 20 10 37 39.535     2013 04 20 10 40 40.598     181.1
 2013 04 20 22 24 17.364     2013 04 20 22 26 50.337     153.0
1618
 2013 04 20 20 48 40.093     2013 04 20 20 51 10.125     150.0
1619
1620
 2013 04 20 11 41 23.430     2013 04 20 11 44   .380     156.9
 2013 04 20 16 35 50.066     2013 04 20 16 38 55.185     185.1
1621
 2013 04 20 13 07 51.483     2013 04 20 13 10 58.112     186.6
1622
 2013 04 20 00 04 57.919     2013 04 20 00 07 39.117     161.2
 2013 04 20 18 47  4.842     2013 04 20 18 49 43.784     158.9
 2013 04 20 23 41 46.638     2013 04 20 23 44 31.587     164.9
1623
 2013 04 20 04 11  6.355     2013 04 20 04 13 54.571     168.2
 2013 04 20 17 49 29.093     2013 04 20 17 52 35.817     186.7
1624
 2013 04 20 08 12 15.580     2013 04 20 08 15 32.185     196.6
1625
 2013 04 20 22 58 51.611     2013 04 20 23 01 28.198     156.6
1626
 2013 04 20 08 19 32.642     2013 04 20 08 22 17.335     164.7
1627
 2013 04 20 09 45 43.266     2013 04 20 09 48 26.747     163.5
1628
1629
 2013 04 20 17 12 13.614     2013 04 20 17 15 10.184     176.6
 2013 04 20 22 07 20.309     2013 04 20 22 10 30.054     189.7
1630
 2013 04 20 05 57 13.076     2013 04 20 05 59 47.408     154.3
1631
 2013 04 20 14 29 28.003     2013 04 20 14 32  2.316     154.3
1632
 2013 04 20 05 23 53.925     2013 04 20 05 26 34.732     160.8
 2013 04 20 10 18 41.642     2013 04 20 10 21 38.879     177.2
1633
 2013 04 20 09 49 18.540     2013 04 20 09 49 23.617       5.1
1634
 2013 04 20 04 34 20.661     2013 04 20 04 37 39.516     198.9
 2013 04 20 11 09 36.649     2013 04 20 11 12 10.761     154.1
1635
 2013 04 20 02 02 56.197     2013 04 20 02 06 22.744     206.5
 2013 04 20 12 05 52.670     2013 04 20 12 08 35.539     162.9
1636
 2013 04 20 23 12 23.581     2013 04 20 23 12 39.855      16.3
1637
 2013 04 20 05 11 39.766     2013 04 20 05 14 32.324     172.6
 2013 04 20 15 14 15.640     2013 04 20 15 17 39.066     203.4
1638
1639
 2013 04 20 01 52 55.491     2013 04 20 01 55 36.352     160.9
1640
 2013 04 20 04 24 33.965     2013 04 20 04 27 20.140     166.2
 2013 04 20 14 29 10.998     2013 04 20 14 29 37.198      26.2
1641
 2013 04 20 21 35  4.845     2013 04 20 21 35 41.408      36.6
1642
 2013 04 20 06 26 40.851     2013 04 20 06 29 21.245     160.4
 2013 04 20 23 27 15.065     2013 04 20 23 28 13.711      58.6
1643
 2013 04 20 04 28 22.055     2013 04 20 04 31 35.317     193.3
1644
 2013 04 20 10 04 17.958     2013 04 20 10 07 55.061     217.1
 2013 04 20 11 41 57.563     2013 04 20 11 42 21.735      24.2
 2013 04 20 16 38  1.422     2013 04 20 16 40 42.492     161.1
1645
 2013 04 20 07 24 10.793     2013 04 20 07 27  2.874     172.1
1646
 2013 04 20 09 09   .364     2013 04 20 09 10  7.980      67.6
 2013 04 20 19 10 37.949     2013 04 20 19 13 35.960     178.0
1647
 2013 04 20 16 49 43.999     2013 04 20 16 52 17.462     153.5
1648
 2013 04 20 14 49 45.978     2013 04 20 14 52 46.111     180.1
 2013 04 20 21 22 59.462     2013 04 20 21 26 41.167     221.7
1649
 2013 04 20 03 42 22.718     2013 04 20 03 45 33.765     191.0
 2013 04 20 11 58  5.245     2013 04 20 11 58 20.245      15.0
1650
1651
1652
 2013 04 20 05 05 42.850     2013 04 20 05 08 39.765     176.9
 2013 04 20 16 55 40.853     2013 04 20 16 58 14.890     154.0
1653
 2013 04 20 03 49 56.707     2013 04 20 03 52 41.585     164.9
 2013 04 20 08 44 43.220     2013 04 20 08 47 20.953     157.7
1654
 2013 04 20 08 23  5.786     2013 04 20 08 23 39.407      33.6
1655
 2013 04 20 12 48 58.509     2013 04 20 12 52  1.304     182.8
1656
 2013 04 20 17 02 30.698     2013 04 20 17 06 14.791     224.1
1657
 2013 04 20 05 58 18.072     2013 04 20 06 01 25.726     187.7
1658
 2013 04 20 12 01 57.894     2013 04 20 12 04 36.269     158.4
1659
1660
 2013 04 20 16 10 21.545     2013 04 20 16 12 53.367     151.8
1661
 2013 04 20 10 04 10.558     2013 04 20 10 06 47.490     156.9
 2013 04 20 16 38 53.070     2013 04 20 16 42 28.634     215.6
1662
 2013 04 20 00 57 29.354     2013 04 20 01 00 13.817     164.5
 2013 04 20 16 18 54.361     2013 04 20 16 22   .974     186.6
1663
 2013 04 20 02 59 42.629     2013 04 20 03 02 19.010     156.4
 2013 04 20 09 33 56.302     2013 04 20 09 36 43.039     166.7
1664
 2013 04 20 06 09 23.886     2013 04 20 06 12 33.358     189.5
 2013 04 20 07 46 52.203     2013 04 20 07 47 25.742      33.5
 2013 04 20 12 42 14.279     2013 04 20 12 45  9.695     175.4
1665
 2013 04 20 05 56 15.303     2013 04 20 05 58 53.362     158.1
1666
 2013 04 20 08 03 16.724     2013 04 20 08 06 12.562     175.8
 2013 04 20 23 25 13.373     2013 04 20 23 27 49.169     155.8
1667
 2013 04 20 02 49 42.161     2013 04 20 02 50  8.326      26.2
 2013 04 20 12 53 34.574     2013 04 20 12 56 13.684     159.1
1668
 2013 04 20 08 23 36.330     2013 04 20 08 26 23.383     167.1
 2013 04 20 18 21 28.581     2013 04 20 18 21 32.591       4.0
1669
 2013 04 20 11 37 53.052     2013 04 20 11 40 29.662     156.6
1670
 2013 04 20 02 04 11.808     2013 04 20 02 06 50.006     158.2
 2013 04 20 12 04 10.834     2013 04 20 12 06 48.418     157.6
1671
 2013 04 20 19 58 19.163     2013 04 20 19 58 24.550       5.4
1672
 2013 04 20 14 48 11.325     2013 04 20 14 51 23.972     192.6
 2013 04 20 21 23 28.663     2013 04 20 21 26  8.721     160.1
1673
 2013 04 20 04 27 49.258     2013 04 20 04 30 58.395     189.1
 2013 04 20 14 23 52.453     2013 04 20 14 24 14.338      21.9
1674
 2013 04 20 01 19 35.014     2013 04 20 01 22 45.616     190.6
1675
 2013 04 20 08 14  2.749     2013 04 20 08 16 56.763     174.0
 2013 04 20 20 04 41.842     2013 04 20 20 07 37.769     175.9
1676
 2013 04 20 11 34 31.404     2013 04 20 11 34 50.506      19.1
 2013 04 20 21 29 44.153     2013 04 20 21 32 21.398     157.2
1677
 2013 04 20 10 00  8.174     2013 04 20 10 02 40.165     152.0
1678
 2013 04 20 05 44 59.809     2013 04 20 05 48  9.139     189.3
1679
 2013 04 20 16 23 47.971     2013 04 20 16 26 32.695     164.7
 2013 04 20 22 56 32.268     2013 04 20 22 59 39.012     186.7
1680
 2013 04 20 06 10 25.273     2013 04 20 06 13  9.983     164.7
 2013 04 20 11 04 48.603     2013 04 20 11 08  7.913     199.3
 2013 04 20 12 42 13.114     2013 04 20 12 42 46.357      33.2
1681
 2013 04 20 00 53 40.129     2013 04 20 00 56 17.930     157.8
 2013 04 20 17 56 45.706     2013 04 20 18 00 10.777     205.1
1682
 2013 04 20 10 51 22.621     2013 04 20 10 53 58.386     155.8
 2013 04 20 17 25 48.077     2013 04 20 17 29 25.176     217.1
1683
 2013 04 20 17 04 34.702     2013 04 20 17 07 51.965     197.3
1684
 2013 04 20 10 32 58.017     2013 04 20 10 36 26.218     208.2
1685
 2013 04 20 13 56 33.650     2013 04 20 13 59 12.802     159.2
 2013 04 20 22 15 50.088     2013 04 20 22 16 41.019      50.9
1686
 2013 04 20 16 11 39.250     2013 04 20 16 14 14.580     155.3
1687
 2013 04 20 14 45 40.812     2013 04 20 14 49   .880     200.1
 2013 04 20 23 01  4.066     2013 04 20 23 04 31.480     207.4
1688
 2013 04 20 02 10 56.654     2013 04 20 02 13 34.163     157.5
1689
 2013 04 20 21 34 31.080     2013 04 20 21 37  8.224     157.1
1690
1691
 2013 04 20 15 11 22.153     2013 04 20 15 13 58.552     156.4
1692
 2013 04 20 02 38 47.416     2013 04 20 02 39 48.688      61.3
1693
 2013 04 20 13 57 42.983     2013 04 20 14 01  9.790     206.8
 2013 04 20 22 14 25.748     2013 04 20 22 17  6.149     160.4
1694
 2013 04 20 11 22  6.665     2013 04 20 11 24 55.727     169.1
 2013 04 20 23 16 59.011     2013 04 20 23 17 29.966      31.0
1695
 2013 04 20 04 24 15.729     2013 04 20 04 26 52.705     157.0
1696
 2013 04 20 10 37 44.924     2013 04 20 10 40 34.899     170.0
 2013 04 20 22 25 12.578     2013 04 20 22 28 21.087     188.5
1697
 2013 04 20 07 20  7.075     2013 04 20 07 23 19.497     192.4
 2013 04 20 20 56 43.668     2013 04 20 21 00 18.388     214.7
1698
 2013 04 20 16 03 30.974     2013 04 20 16 07  9.654     218.7
1699
 2013 04 20 09 17 32.759     2013 04 20 09 21 12.029     219.3
 2013 04 20 10 55 19.367     2013 04 20 10 59  6.338     227.0
 2013 04 20 15 50 55.246     2013 04 20 15 53 30.951     155.7
1700
 2013 04 20 18 32 34.762     2013 04 20 18 36  4.584     209.8
1701
 2013 04 20 05 41 14.575     2013 04 20 05 44 44.133     209.6
 2013 04 20 21 01 46.453     2013 04 20 21 04 21.856     155.4
1702
 2013 04 20 00 35  3.404     2013 04 20 00 37 52.678     169.3
 2013 04 20 08 50 57.978     2013 04 20 08 53 38.054     160.1
1703
1704
 2013 04 20 01 26 58.584     2013 04 20 01 30 33.416     214.8
 2013 04 20 06 22 37.907     2013 04 20 06 23 30.319      52.4
1705
 2013 04 20 11 23 12.307     2013 04 20 11 24  6.629      54.3
 2013 04 20 23 14  3.825     2013 04 20 23 16 39.912     156.1
1706
 2013 04 20 06 02  2.896     2013 04 20 06 02 53.806      50.9
 2013 04 20 16 02  3.141     2013 04 20 16 02 57.593      54.5
1707
 2013 04 20 03 47 42.752     2013 04 20 03 50 22.338     159.6
 2013 04 20 10 21 43.930     2013 04 20 10 24 23.965     160.0
1708
 2013 04 20 05 10 28.638     2013 04 20 05 13  5.198     156.6
1709
 2013 04 20 09 12 11.696     2013 04 20 09 13 20.338      68.6
 2013 04 20 17 34 16.648     2013 04 20 17 34 59.667      43.0
1710
 2013 04 20 08 02  6.155     2013 04 20 08 04 48.252     162.1
 2013 04 20 23 24 40.517     2013 04 20 23 28 19.884     219.4
1711
 2013 04 20 04 11 45.625     2013 04 20 04 15 22.337     216.7
 2013 04 20 17 47 34.935     2013 04 20 17 50 25.405     170.5
1712
 2013 04 20 04 32 49.703     2013 04 20 04 36 14.104     204.4
1713
 2013 04 20 10 00 47.186     2013 04 20 10 04  4.505     197.3
 2013 04 20 18 16 11.395     2013 04 20 18 19 16.136     184.7
1714
 2013 04 20 06 30 39.436     2013 04 20 06 33 15.929     156.5
1715
 2013 04 20 02 40 30.987     2013 04 20 02 40 39.841       8.9
1716
 2013 04 20 16 04  8.124     2013 04 20 16 06 38.504     150.4
1717
 2013 04 20 19 20  5.931     2013 04 20 19 22 36.894     151.0
1718
 2013 04 20 00 38 28.728     2013 04 20 00 41 18.326     169.6
 2013 04 20 07 11 56.681     2013 04 20 07 14 34.126     157.4
1719
 2013 04 20 00 59 48.031     2013 04 20 01 02 53.182     185.2
 2013 04 20 16 17 32.520     2013 04 20 16 17 33.351        .8
1720
 2013 04 20 07 24 52.526     2013 04 20 07 27 26.860     154.3
1721
1722
 2013 04 20 13 09 19.226     2013 04 20 13 10 20.527      61.3
 2013 04 20 23 03 37.286     2013 04 20 23 06 41.953     184.7
1723
 2013 04 20 10 47 33.813     2013 04 20 10 50 39.511     185.7
 2013 04 20 19 03 21.338     2013 04 20 19 03 52.745      31.4
1724
 2013 04 20 02 34 39.106     2013 04 20 02 37 43.640     184.5
1725
 2013 04 20 06 09 39.953     2013 04 20 06 12 24.889     164.9
 2013 04 20 12 42 38.653     2013 04 20 12 45 34.561     175.9
1726
1727
 2013 04 20 01 51 11.477     2013 04 20 01 53 42.297     150.8
 2013 04 20 15 26 54.395     2013 04 20 15 29 35.849     161.5
1728
 2013 04 20 06 36 46.338     2013 04 20 06 39 51.030     184.7
1729
 2013 04 20 13 56  8.786     2013 04 20 13 59 32.368     203.6
 2013 04 20 22 14 13.516     2013 04 20 22 17 49.380     215.9
1730
 2013 04 20 13 03 21.583     2013 04 20 13 06  1.877     160.3
1731
 2013 04 20 05 47 47.751     2013 04 20 05 50 21.486     153.7
 2013 04 20 19 22 40.027     2013 04 20 19 25 42.519     182.5
1732
 2013 04 20 02 00 53.469     2013 04 20 02 03 57.748     184.3
1733
 2013 04 20 04 24 26.807     2013 04 20 04 27 41.862     195.1
 2013 04 20 14 29  7.491     2013 04 20 14 29 12.897       5.4
1734
 2013 04 20 02 34 49.558     2013 04 20 02 37 41.899     172.3
1735
1736
 2013 04 20 05 45 40.128     2013 04 20 05 48 15.946     155.8
 2013 04 20 19 23 32.091     2013 04 20 19 26 50.338     198.2
1737
 2013 04 20 05 39 15.785     2013 04 20 05 39 46.289      30.5
 2013 04 20 21 07 20.407     2013 04 20 21 07 52.562      32.2
1738
1739
 2013 04 20 09 18 28.010     2013 04 20 09 21 31.000     183.0
 2013 04 20 15 52 45.969     2013 04 20 15 55 34.255     168.3
1740
 2013 04 20 04 26 32.736     2013 04 20 04 29 35.169     182.4
 2013 04 20 14 26 20.219     2013 04 20 14 29 32.796     192.6
1741
1742
 2013 04 20 06 48  5.883     2013 04 20 06 51 13.109     187.2
 2013 04 20 16 46 49.743     2013 04 20 16 49 25.761     156.0
1743
 2013 04 20 14 35 13.485     2013 04 20 14 38 45.116     211.6
1744
 2013 04 20 07 35 34.512     2013 04 20 07 38 55.875     201.4
 2013 04 20 17 33 45.462     2013 04 20 17 36 27.337     161.9
1745
 2013 04 20 17 31 44.519     2013 04 20 17 34 25.178     160.7
1746
 2013 04 20 13 54 20.609     2013 04 20 13 56 55.931     155.3
1747
 2013 04 20 14 44  6.142     2013 04 20 14 47  2.039     175.9
 2013 04 20 22 59 47.029     2013 04 20 23 03  7.768     200.7
1748
 2013 04 20 02 56 39.442     2013 04 20 02 59 24.985     165.5
 2013 04 20 11 11 46.743     2013 04 20 11 14 19.537     152.8
1749
 2013 04 20 07 19 46.918     2013 04 20 07 21 28.565     101.6
 2013 04 20 20 59 18.620     2013 04 20 21 01 54.795     156.2
1750
 2013 04 20 20 41 37.890     2013 04 20 20 44 42.460     184.6
1751
 2013 04 20 10 44 54.875     2013 04 20 10 47 47.474     172.6
 2013 04 20 20 42 50.879     2013 04 20 20 45 50.652     179.8
1752
 2013 04 20 19 58 56.036     2013 04 20 20 01 37.540     161.5
1753
1754
 2013 04 20 07 20 19.518     2013 04 20 07 22 53.831     154.3
 2013 04 20 20 57 54.531     2013 04 20 21 01  3.420     188.9
1755
 2013 04 20 09 04 56.223     2013 04 20 09 07 29.916     153.7
1756
 2013 04 20 06 26 48.451     2013 04 20 06 29 22.882     154.4
 2013 04 20 23 27 43.750     2013 04 20 23 28 31.308      47.6
1757
 2013 04 20 22 11 23.869     2013 04 20 22 14 30.543     186.7
1758
 2013 04 20 11 30 23.018     2013 04 20 11 33  2.444     159.4
 2013 04 20 21 31 53.559     2013 04 20 21 34 38.830     165.3
1759
1760
 2013 04 20 10 04 42.210     2013 04 20 10 07 46.386     184.2
 2013 04 20 16 39 54.466     2013 04 20 16 42 40.140     165.7
1761
 2013 04 20 03 18 10.570     2013 04 20 03 20 44.430     153.9
1762
 2013 04 20 03 18 17.756     2013 04 20 03 21 10.401     172.6
1763
 2013 04 20 04 49 35.966     2013 04 20 04 52 27.066     171.1
 2013 04 20 21 52 27.761     2013 04 20 21 56  4.934     217.2
1764
 2013 04 20 13 56 35.491     2013 04 20 13 59 15.894     160.4
 2013 04 20 22 13 29.568     2013 04 20 22 17  9.869     220.3
1765
 2013 04 20 06 25 29.982     2013 04 20 06 28 27.102     177.1
 2013 04 20 23 28 49.145     2013 04 20 23 31 26.967     157.8
1766
 2013 04 20 02 14 41.522     2013 04 20 02 17 27.420     165.9
 2013 04 20 07 09 36.063     2013 04 20 07 12 52.674     196.6
1767
 2013 04 20 05 53 27.405     2013 04 20 05 56 41.991     194.6
 2013 04 20 17 42 41.566     2013 04 20 17 45 24.489     162.9
1768
 2013 04 20 14 35 19.188     2013 04 20 14 38  1.657     162.5
1769
 2013 04 20 06 03 58.224     2013 04 20 06 07 26.309     208.1
 2013 04 20 14 22  3.422     2013 04 20 14 25 21.877     198.5
1770
 2013 04 20 02 09 24.153     2013 04 20 02 09 30.396       6.2
 2013 04 20 10 23 26.881     2013 04 20 10 26  9.482     162.6
1771
 2013 04 20 17 46 45.339     2013 04 20 17 49 18.329     153.0
1772
 2013 04 20 08 13 22.550     2013 04 20 08 16 29.254     186.7
1773
 2013 04 20 15 06 18.750     2013 04 20 15 09 10.237     171.5
1774
 2013 04 20 07 44   .997     2013 04 20 07 46 38.345     157.3
 2013 04 20 14 17 46.338     2013 04 20 14 20 28.762     162.4
1775
 2013 04 20 22 19 48.073     2013 04 20 22 20 29.662      41.6
1776
 2013 04 20 01 24 17.727     2013 04 20 01 25  7.057      49.3
 2013 04 20 08 00 40.109     2013 04 20 08 03 56.038     195.9
1777
1778
 2013 04 20 12 59 46.631     2013 04 20 13 00  8.080      21.4
1779
 2013 04 20 13 14 46.690     2013 04 20 13 17 27.511     160.8
 2013 04 20 19 48 29.602     2013 04 20 19 51 21.742     172.1
1780
1781
 2013 04 20 05 22  6.206     2013 04 20 05 25   .101     173.9
 2013 04 20 11 56 29.506     2013 04 20 11 59  9.749     160.2
1782
 2013 04 20 11 22 25.342     2013 04 20 11 25 26.446     181.1
 2013 04 20 23 13 44.728     2013 04 20 23 17  7.458     202.7
1783
 2013 04 20 02 05  3.951     2013 04 20 02 08 15.330     191.4
 2013 04 20 12 03  6.786     2013 04 20 12 05 55.415     168.6
1784
 2013 04 20 14 29  2.491     2013 04 20 14 32 19.355     196.9
1785
 2013 04 20 23 20 55.735     2013 04 20 23 21  5.559       9.8
1786
 2013 04 20 06 46 46.537     2013 04 20 06 47  8.830      22.3
1787
 2013 04 20 08 29 38.642     2013 04 20 08 30 30.520      51.9
 2013 04 20 16 41 26.149     2013 04 20 16 44  4.997     158.8
1788
 2013 04 20 03 26 24.026     2013 04 20 03 29  8.266     164.2
 2013 04 20 17 00 12.992     2013 04 20 17 03 25.174     192.2
1789
 2013 04 20 11 32 42.565     2013 04 20 11 35 53.750     191.2
 2013 04 20 21 29  5.152     2013 04 20 21 32 51.856     226.7
1790
 2013 04 20 05 11 32.404     2013 04 20 05 14 31.500     179.1
 2013 04 20 15 14 22.076     2013 04 20 15 17 47.161     205.1
1791
 2013 04 20 13 35 42.097     2013 04 20 13 38 54.896     192.8
1792
 2013 04 20 01 17 37.992     2013 04 20 01 20 12.006     154.0
 2013 04 20 11 17  3.843     2013 04 20 11 19 45.152     161.3
1793
 2013 04 20 00 35 24.777     2013 04 20 00 38 24.568     179.8
 2013 04 20 08 49 31.850     2013 04 20 08 52 20.906     169.1
1794
 2013 04 20 11 13 38.931     2013 04 20 11 17  5.364     206.4
1795
 2013 04 20 02 30 46.368     2013 04 20 02 31 28.881      42.5
 2013 04 20 17 55  9.301     2013 04 20 17 58 31.544     202.2
1796
 2013 04 20 14 35 10.082     2013 04 20 14 38 21.913     191.8
1797
 2013 04 20 17 32  5.792     2013 04 20 17 35 44.977     219.2
1798
 2013 04 20 19 17 10.339     2013 04 20 19 17 55.725      45.4
1799
