s1
0
 2013 04 20 08 05 32.236     2013 04 20 08 08 18.250     166.0
1
 2013 04 20 16 22 22.009     2013 04 20 16 24 57.531     155.5
 2013 04 20 22 56 36.930     2013 04 20 22 59 41.764     184.8
2
 2013 04 20 09 12  8.352     2013 04 20 09 14 46.030     157.7
3
 2013 04 20 08 48 35.046     2013 04 20 08 51 23.356     168.3
4
 2013 04 20 06 49 14.189     2013 04 20 06 51 48.437     154.2
 2013 04 20 16 46 49.874     2013 04 20 16 47 37.567      47.7
5
 2013 04 20 14 44 45.399     2013 04 20 14 48 24.332     218.9
 2013 04 20 22 59 27.420     2013 04 20 23 02  2.828     155.4
6
7
 2013 04 20 08 11 42.621     2013 04 20 08 14 12.726     150.1
8
9
 2013 04 20 15 36 50.284     2013 04 20 15 40 14.241     204.0
 2013 04 20 22 10 34.524     2013 04 20 22 14 11.885     217.4
10
 2013 04 20 02 52 17.318     2013 04 20 02 55 47.435     210.1
 2013 04 20 12 50  8.403     2013 04 20 12 52 56.351     167.9
11
12
 2013 04 20 07 40 48.914     2013 04 20 07 43 44.851     175.9
 2013 04 20 15 55 42.282     2013 04 20 15 59  2.743     200.5
13
 2013 04 20 07 22 43.393     2013 04 20 07 26 26.473     223.1
 2013 04 20 20 55 13.528     2013 04 20 20 58 46.219     212.7
14
 2013 04 20 09 42 53.124     2013 04 20 09 45 43.952     170.8
 2013 04 20 23 20   .284     2013 04 20 23 22 36.383     156.1
15
16
 2013 04 20 22 31 29.715     2013 04 20 22 31 35.623       5.9
17
18
 2013 04 20 05 06  3.003     2013 04 20 05 09  7.929     184.9
 2013 04 20 16 53 53.369     2013 04 20 16 56 44.110     170.7
19
20
 2013 04 20 05 37 55.730     2013 04 20 05 40 47.496     171.8
 2013 04 20 22 40 20.662     2013 04 20 22 42 54.349     153.7
21
22
 2013 04 20 07 24 21.309     2013 04 20 07 27 31.128     189.8
23
 2013 04 20 00 56 14.594     2013 04 20 00 59  1.548     167.0
24
 2013 04 20 07 42 59.479     2013 04 20 07 44 25.438      86.0
 2013 04 20 14 18 55.023     2013 04 20 14 21 29.523     154.5
25
 2013 04 20 12 01 39.344     2013 04 20 12 04 13.856     154.5
26
 2013 04 20 02 27 53.753     2013 04 20 02 31 19.734     206.0
 2013 04 20 19 30 36.110     2013 04 20 19 33 40.385     184.3
27
28
 2013 04 20 00 23 36.805     2013 04 20 00 26 35.094     178.3
 2013 04 20 12 10 15.265     2013 04 20 12 12 50.599     155.3
29
 2013 04 20 20 48 37.923     2013 04 20 20 51 11.544     153.6
30
 2013 04 20 02 38 45.600     2013 04 20 02 42   .238     194.6
 2013 04 20 16 12 50.111     2013 04 20 16 15 39.314     169.2
31
 2013 04 20 05 23 36.559     2013 04 20 05 26 26.582     170.0
 2013 04 20 10 18 35.977     2013 04 20 10 21 54.147     198.2
32
 2013 04 20 13 55 34.022     2013 04 20 13 58  9.409     155.4
33
 2013 04 20 16 51 39.631     2013 04 20 16 54 12.932     153.3
34
 2013 04 20 04 12 59.542     2013 04 20 04 15 55.528     176.0
 2013 04 20 17 47 48.074     2013 04 20 17 50 26.005     157.9
35
 2013 04 20 08 25 40.789     2013 04 20 08 26 37.463      56.7
 2013 04 20 16 44  8.612     2013 04 20 16 47  6.825     178.2
36
 2013 04 20 20 55 50.405     2013 04 20 20 58 22.769     152.4
37
 2013 04 20 06 08   .107     2013 04 20 06 11 21.811     201.7
 2013 04 20 12 41 55.360     2013 04 20 12 44 50.582     175.2
38
 2013 04 20 06 29  7.143     2013 04 20 06 31 58.309     171.2
 2013 04 20 21 49 26.651     2013 04 20 21 52  2.355     155.7
39
 2013 04 20 01 49 41.936     2013 04 20 01 52 16.466     154.5
 2013 04 20 15 27 28.728     2013 04 20 15 30 35.768     187.0
40
 2013 04 20 02 12 59.920     2013 04 20 02 14 25.224      85.3
 2013 04 20 08 48 12.233     2013 04 20 08 51  1.659     169.4
41
42
 2013 04 20 01 56   .128     2013 04 20 01 59 39.527     219.4
 2013 04 20 13 47 24.660     2013 04 20 13 50   .769     156.1
43
 2013 04 20 02 58 48.322     2013 04 20 03 01 46.096     177.8
 2013 04 20 09 34  3.866     2013 04 20 09 34 33.154      29.3
44
 2013 04 20 06 45 52.215     2013 04 20 06 48 46.638     174.4
45
 2013 04 20 14 01 30.450     2013 04 20 14 05  9.625     219.2
 2013 04 20 20 36 37.662     2013 04 20 20 39 20.475     162.8
46
 2013 04 20 12 13 50.072     2013 04 20 12 13 58.090       8.0
47
48
49
 2013 04 20 06 53 35.219     2013 04 20 06 53 52.647      17.4
50
51
 2013 04 20 15 23 19.473     2013 04 20 15 26 59.003     219.5
52
 2013 04 20 22 22 56.925     2013 04 20 22 26 36.533     219.6
53
 2013 04 20 01 48  9.935     2013 04 20 01 51 42.193     212.3
 2013 04 20 15 31 16.111     2013 04 20 15 32 17.372      61.3
54
 2013 04 20 12 27  8.000     2013 04 20 12 30 10.857     182.9
 2013 04 20 19 01 45.084     2013 04 20 19 04 22.463     157.4
55
 2013 04 20 22 21 24.421     2013 04 20 22 24 50.268     205.8
56
 2013 04 20 05 51 48.580     2013 04 20 05 54 40.811     172.2
 2013 04 20 17 42 53.905     2013 04 20 17 46 25.819     211.9
57
 2013 04 20 12 27  1.648     2013 04 20 12 29 56.254     174.6
 2013 04 20 19 01 37.764     2013 04 20 19 04 12.097     154.3
58
 2013 04 20 09 18 18.391     2013 04 20 09 21 42.170     203.8
 2013 04 20 15 53  2.290     2013 04 20 15 55 49.419     167.1
59
60
61
62
 2013 04 20 09 10 43.262     2013 04 20 09 14 25.555     222.3
 2013 04 20 19 07 16.361     2013 04 20 19 10 44.358     208.0
63
64
 2013 04 20 03 01 29.726     2013 04 20 03 02 12.680      43.0
 2013 04 20 04 35 59.467     2013 04 20 04 36  6.969       7.5
 2013 04 20 09 32 11.705     2013 04 20 09 35 45.245     213.5
65
 2013 04 20 03 16 20.613     2013 04 20 03 19  2.907     162.3
 2013 04 20 20 19 35.053     2013 04 20 20 22 11.554     156.5
66
 2013 04 20 01 05 51.030     2013 04 20 01 08 44.847     173.8
67
 2013 04 20 19 54 13.214     2013 04 20 19 56 49.043     155.8
68
 2013 04 20 19 19 30.250     2013 04 20 19 22 56.075     205.8
69
 2013 04 20 06 54 51.494     2013 04 20 06 58 12.511     201.0
 2013 04 20 13 28 50.255     2013 04 20 13 32 12.814     202.6
70
 2013 04 20 02 38 26.078     2013 04 20 02 38 30.444       4.4
 2013 04 20 16 12 32.544     2013 04 20 16 15 12.099     159.6
71
 2013 04 20 02 38 10.098     2013 04 20 02 41 55.189     225.1
 2013 04 20 16 12 47.807     2013 04 20 16 15 19.747     151.9
72
 2013 04 20 02 33 37.526     2013 04 20 02 36 32.718     175.2
 2013 04 20 17 52 49.288     2013 04 20 17 55 56.685     187.4
73
 2013 04 20 13 50  6.089     2013 04 20 13 52 43.451     157.4
74
 2013 04 20 00 59 16.549     2013 04 20 01 02 28.919     192.4
 2013 04 20 16 17 55.366     2013 04 20 16 21 19.427     204.1
75
 2013 04 20 06 56  5.900     2013 04 20 06 59 53.332     227.4
 2013 04 20 08 34  3.388     2013 04 20 08 37 29.202     205.8
 2013 04 20 11 54 21.933     2013 04 20 11 54 31.920      10.0
 2013 04 20 13 29   .976     2013 04 20 13 31 50.808     169.8
76
77
78
 2013 04 20 00 57  7.976     2013 04 20 00 59 45.808     157.8
 2013 04 20 16 18 55.268     2013 04 20 16 22 32.804     217.5
79
 2013 04 20 07 22 17.640     2013 04 20 07 25 36.191     198.6
 2013 04 20 20 56  2.735     2013 04 20 20 59   .102     177.4
80
 2013 04 20 04 14 53.215     2013 04 20 04 15 44.711      51.5
81
 2013 04 20 08 24 39.104     2013 04 20 08 25  7.562      28.5
82
 2013 04 20 02 54 27.810     2013 04 20 02 57 50.033     202.2
83
 2013 04 20 06 28 26.034     2013 04 20 06 32  1.520     215.5
 2013 04 20 21 51 15.045     2013 04 20 21 53 51.585     156.5
84
 2013 04 20 06 00 23.650     2013 04 20 06 04  3.987     220.3
 2013 04 20 15 59 23.703     2013 04 20 16 01 55.996     152.3
85
 2013 04 20 05 37 56.886     2013 04 20 05 41 20.775     203.9
 2013 04 20 22 39 53.616     2013 04 20 22 42 32.815     159.2
86
 2013 04 20 13 32  4.360     2013 04 20 13 35   .132     175.8
87
 2013 04 20 20 54 39.074     2013 04 20 20 57 34.090     175.0
88
 2013 04 20 10 46 22.409     2013 04 20 10 50  4.328     221.9
89
 2013 04 20 06 25 36.788     2013 04 20 06 28 37.106     180.3
 2013 04 20 23 27 22.652     2013 04 20 23 30 11.158     168.5
90
 2013 04 20 09 18 33.659     2013 04 20 09 22 20.581     226.9
 2013 04 20 15 53  6.772     2013 04 20 15 56 21.803     195.0
91
 2013 04 20 07 22  6.684     2013 04 20 07 25 16.649     190.0
 2013 04 20 20 56 20.661     2013 04 20 20 59  7.138     166.5
92
93
 2013 04 20 17 51 34.533     2013 04 20 17 54 10.304     155.8
94
 2013 04 20 04 01 28.287     2013 04 20 04 04 12.064     163.8
 2013 04 20 22 43 13.339     2013 04 20 22 46  7.877     174.5
95
 2013 04 20 23 26 36.724     2013 04 20 23 29 12.367     155.6
96
97
 2013 04 20 06 54 29.086     2013 04 20 06 55 30.205      61.1
 2013 04 20 15 06 51.951     2013 04 20 15 09 56.688     184.7
98
99
 2013 04 20 14 41 48.152     2013 04 20 14 44 21.438     153.3
100
 2013 04 20 20 39 45.117     2013 04 20 20 40 33.398      48.3
101
 2013 04 20 02 12 56.764     2013 04 20 02 16 13.539     196.8
 2013 04 20 03 50 29.811     2013 04 20 03 51 18.261      48.5
 2013 04 20 08 45 58.544     2013 04 20 08 48 45.506     167.0
102
 2013 04 20 04 49 35.981     2013 04 20 04 52 24.480     168.5
 2013 04 20 21 53 24.801     2013 04 20 21 54 48.229      83.4
 2013 04 20 23 31 23.245     2013 04 20 23 34 51.498     208.3
103
 2013 04 20 12 48 21.347     2013 04 20 12 51  1.611     160.3
104
105
 2013 04 20 04 29  1.853     2013 04 20 04 30 10.495      68.6
 2013 04 20 12 47 47.513     2013 04 20 12 51 22.026     214.5
106
107
 2013 04 20 01 25 17.389     2013 04 20 01 27 55.022     157.6
 2013 04 20 07 59 26.007     2013 04 20 08 02  9.664     163.7
108
 2013 04 20 08 56 49.676     2013 04 20 09 00 32.519     222.8
 2013 04 20 22 30  4.134     2013 04 20 22 33 10.175     186.0
109
 2013 04 20 00 55 10.931     2013 04 20 00 57 49.027     158.1
 2013 04 20 17 57 40.567     2013 04 20 18 00 24.838     164.3
110
 2013 04 20 05 38 33.969     2013 04 20 05 42  8.466     214.5
 2013 04 20 22 39 27.818     2013 04 20 22 42 53.784     206.0
111
 2013 04 20 10 34 17.422     2013 04 20 10 36 51.391     154.0
112
 2013 04 20 12 24 27.650     2013 04 20 12 27 15.355     167.7
 2013 04 20 20 38 48.822     2013 04 20 20 42 22.532     213.7
113
 2013 04 20 14 32 56.761     2013 04 20 14 34 22.629      85.9
114
 2013 04 20 14 31 17.641     2013 04 20 14 34 55.647     218.0
115
 2013 04 20 06 05 52.805     2013 04 20 06 08 29.195     156.4
 2013 04 20 14 20 56.066     2013 04 20 14 23 32.014     155.9
116
 2013 04 20 20 08 38.297     2013 04 20 20 12 12.129     213.8
117
 2013 04 20 04 32 38.708     2013 04 20 04 32 45.114       6.4
118
 2013 04 20 10 26 21.250     2013 04 20 10 30  1.897     220.6
119
 2013 04 20 09 48  9.404     2013 04 20 09 50 43.034     153.6
 2013 04 20 21 38 35.204     2013 04 20 21 38 41.351       6.1
120
 2013 04 20 03 17 18.891     2013 04 20 03 20 11.220     172.3
 2013 04 20 20 19 34.235     2013 04 20 20 22 50.870     196.6
121
 2013 04 20 07 42 48.768     2013 04 20 07 43 28.042      39.3
 2013 04 20 09 20 45.054     2013 04 20 09 24 22.879     217.8
 2013 04 20 14 16 17.885     2013 04 20 14 18 52.399     154.5
122
 2013 04 20 00 28  2.606     2013 04 20 00 31 27.863     205.3
 2013 04 20 10 31 23.357     2013 04 20 10 34 29.164     185.8
123
 2013 04 20 06 42  3.691     2013 04 20 06 44 51.719     168.0
 2013 04 20 18 28 31.665     2013 04 20 18 30 46.742     135.1
124
125
 2013 04 20 15 58 26.052     2013 04 20 16 01 20.276     174.2
126
 2013 04 20 00 21 21.918     2013 04 20 00 23 51.761     149.8
 2013 04 20 12 15  3.680     2013 04 20 12 15 30.676      27.0
127
 2013 04 20 02 33 46.851     2013 04 20 02 36 26.843     160.0
 2013 04 20 17 53  4.201     2013 04 20 17 56 18.810     194.6
128
 2013 04 20 15 57  6.144     2013 04 20 16 00 48.009     221.9
129
 2013 04 20 16 50 52.751     2013 04 20 16 54  2.410     189.7
130
 2013 04 20 05 20  4.120     2013 04 20 05 22 41.816     157.7
131
 2013 04 20 14 36 10.513     2013 04 20 14 39 12.767     182.3
132
 2013 04 20 01 27 48.159     2013 04 20 01 31 28.278     220.1
 2013 04 20 06 23 35.520     2013 04 20 06 26 25.126     169.6
133
 2013 04 20 10 40 18.631     2013 04 20 10 43 28.637     190.0
134
 2013 04 20 17 45 29.080     2013 04 20 17 48 27.703     178.6
135
 2013 04 20 00 25 30.684     2013 04 20 00 28  8.153     157.5
136
 2013 04 20 09 57 51.243     2013 04 20 10 00 41.103     169.9
 2013 04 20 19 56 11.697     2013 04 20 19 57  5.917      54.2
137
 2013 04 20 04 48 55.928     2013 04 20 04 49  3.778       7.9
 2013 04 20 21 51 38.488     2013 04 20 21 55 17.625     219.1
138
 2013 04 20 02 14 15.778     2013 04 20 02 18  1.358     225.6
 2013 04 20 07 10  5.843     2013 04 20 07 13 48.218     222.4
139
 2013 04 20 09 02 11.345     2013 04 20 09 04 47.340     156.0
 2013 04 20 20 50 48.647     2013 04 20 20 53 31.880     163.2
140
 2013 04 20 01 54 35.855     2013 04 20 01 57 38.188     182.3
141
 2013 04 20 00 36 39.625     2013 04 20 00 39 47.596     188.0
 2013 04 20 07 14 31.323     2013 04 20 07 14 49.548      18.2
142
 2013 04 20 16 58 58.695     2013 04 20 17 01 52.116     173.4
143
 2013 04 20 08 13 30.324     2013 04 20 08 14 26.910      56.6
144
 2013 04 20 22 34 39.329     2013 04 20 22 37 46.529     187.2
145
 2013 04 20 09 06 11.002     2013 04 20 09 09 35.833     204.8
146
147
 2013 04 20 00 21 44.133     2013 04 20 00 22  3.508      19.4
 2013 04 20 13 49 22.033     2013 04 20 13 49 26.892       4.9
148
 2013 04 20 02 32 45.517     2013 04 20 02 35 20.471     155.0
 2013 04 20 17 53 56.388     2013 04 20 17 56 29.083     152.7
149
 2013 04 20 01 56 27.315     2013 04 20 01 59 55.637     208.3
 2013 04 20 13 44 36.136     2013 04 20 13 48  6.037     209.9
150
 2013 04 20 02 08 18.244     2013 04 20 02 11 49.386     211.1
 2013 04 20 10 23 40.066     2013 04 20 10 26 49.639     189.6
151
 2013 04 20 12 18 19.145     2013 04 20 12 21 37.301     198.2
 2013 04 20 22 17 32.574     2013 04 20 22 20  4.903     152.3
152
 2013 04 20 00 34  7.184     2013 04 20 00 37 27.561     200.4
 2013 04 20 08 51 31.950     2013 04 20 08 54 10.470     158.5
153
 2013 04 20 09 01  2.833     2013 04 20 09 04 34.927     212.1
 2013 04 20 20 53 34.149     2013 04 20 20 53 42.931       8.8
154
 2013 04 20 14 00 11.299     2013 04 20 14 00 43.575      32.3
 2013 04 20 20 36 34.758     2013 04 20 20 39 35.741     181.0
155
 2013 04 20 12 00 50.405     2013 04 20 12 04 12.731     202.3
156
 2013 04 20 10 53 37.821     2013 04 20 10 57 22.211     224.4
 2013 04 20 15 52 59.330     2013 04 20 15 53 26.357      27.0
157
 2013 04 20 06 30  1.465     2013 04 20 06 33 28.104     206.6
158
 2013 04 20 10 47  8.311     2013 04 20 10 50 35.351     207.0
159
 2013 04 20 03 37 20.497     2013 04 20 03 40 34.005     193.5
 2013 04 20 13 40 10.773     2013 04 20 13 43  4.668     173.9
160
 2013 04 20 09 45 14.561     2013 04 20 09 47 49.014     154.5
161
 2013 04 20 02 42 18.374     2013 04 20 02 42 31.337      13.0
 2013 04 20 16 12 20.288     2013 04 20 16 14 59.268     159.0
162
 2013 04 20 02 12 50.879     2013 04 20 02 15 38.841     168.0
 2013 04 20 08 47 26.954     2013 04 20 08 50  2.696     155.7
163
 2013 04 20 10 28  1.810     2013 04 20 10 31  1.144     179.3
164
 2013 04 20 00 55 53.274     2013 04 20 00 58 29.186     155.9
 2013 04 20 17 57 12.366     2013 04 20 18 00 47.633     215.3
165
 2013 04 20 13 11 56.266     2013 04 20 13 15 29.217     213.0
 2013 04 20 21 23 59.568     2013 04 20 21 24 10.015      10.4
166
167
 2013 04 20 03 26 58.817     2013 04 20 03 29 34.376     155.6
 2013 04 20 16 59 47.531     2013 04 20 17 00 30.097      42.6
168
 2013 04 20 02 53  9.245     2013 04 20 02 55  8.017     118.8
169
 2013 04 20 11 37  9.249     2013 04 20 11 40 24.454     195.2
 2013 04 20 19 50  8.927     2013 04 20 19 53 38.019     209.1
170
 2013 04 20 01 53 36.109     2013 04 20 01 56 42.947     186.8
171
172
 2013 04 20 00 55 36.064     2013 04 20 00 58 38.378     182.3
 2013 04 20 17 56 22.738     2013 04 20 18 00   .124     217.4
173
 2013 04 20 01 10  4.623     2013 04 20 01 13 12.278     187.7
 2013 04 20 12 59 15.773     2013 04 20 13 01 54.998     159.2
174
 2013 04 20 08 09 48.614     2013 04 20 08 10  1.854      13.2
175
 2013 04 20 03 19 13.344     2013 04 20 03 21 49.256     155.9
 2013 04 20 18 41 18.674     2013 04 20 18 44 23.125     184.5
176
177
 2013 04 20 17 28  5.967     2013 04 20 17 30 58.286     172.3
178
 2013 04 20 09 19 27.374     2013 04 20 09 20 30.736      63.4
 2013 04 20 14 15 28.806     2013 04 20 14 19   .602     211.8
179
 2013 04 20 09 44 20.310     2013 04 20 09 47 11.776     171.5
 2013 04 20 23 17 51.417     2013 04 20 23 21  9.020     197.6
180
 2013 04 20 11 10  2.312     2013 04 20 11 13 42.688     220.4
181
 2013 04 20 06 50 32.264     2013 04 20 06 53 10.464     158.2
182
 2013 04 20 00 40 16.171     2013 04 20 00 42 56.693     160.5
 2013 04 20 05 35  3.671     2013 04 20 05 38 15.692     192.0
183
 2013 04 20 00 37 43.899     2013 04 20 00 41   .303     196.4
 2013 04 20 07 11 28.294     2013 04 20 07 14  8.623     160.3
184
 2013 04 20 20 06 37.457     2013 04 20 20 09 46.202     188.7
185
 2013 04 20 09 44 16.305     2013 04 20 09 44 52.720      36.4
186
 2013 04 20 01 53 27.239     2013 04 20 01 56 53.704     206.5
187
 2013 04 20 05 55 47.101     2013 04 20 05 58 52.447     185.3
188
 2013 04 20 18 25 45.407     2013 04 20 18 29 20.799     215.4
189
 2013 04 20 08 27 33.048     2013 04 20 08 30 31.871     178.8
 2013 04 20 16 41 58.800     2013 04 20 16 44 39.406     160.6
190
 2013 04 20 10 49 30.077     2013 04 20 10 50 19.479      49.4
191
 2013 04 20 18 29 52.151     2013 04 20 18 30 24.014      31.9
192
 2013 04 20 13 59 33.745     2013 04 20 14 01  2.873      89.1
 2013 04 20 20 39 36.090     2013 04 20 20 39 56.152      20.1
193
 2013 04 20 08 19 28.389     2013 04 20 08 22 30.032     181.6
194
 2013 04 20 04 02 21.200     2013 04 20 04 04 57.019     155.8
 2013 04 20 21 05 37.579     2013 04 20 21 06  5.271      27.7
 2013 04 20 22 43 31.552     2013 04 20 22 47 12.941     221.4
195
 2013 04 20 06 52 37.143     2013 04 20 06 55 32.528     175.4
 2013 04 20 15 07 41.226     2013 04 20 15 10 17.431     156.2
196
 2013 04 20 23 03 34.284     2013 04 20 23 06  8.525     154.2
197
 2013 04 20 17 03 13.699     2013 04 20 17 05 50.625     156.9
198
 2013 04 20 06 54 47.752     2013 04 20 06 55 33.681      45.9
 2013 04 20 15 06 50.615     2013 04 20 15 09 53.572     183.0
199
 2013 04 20 04 22 43.874     2013 04 20 04 25 22.661     158.8
200
 2013 04 20 13 50 45.398     2013 04 20 13 54  9.590     204.2
201
 2013 04 20 18 42 51.904     2013 04 20 18 46  8.899     197.0
202
 2013 04 20 06 09 10.388     2013 04 20 06 12 45.305     214.9
 2013 04 20 12 44 15.633     2013 04 20 12 46 56.958     161.3
203
204
 2013 04 20 09 11 34.508     2013 04 20 09 14 42.009     187.5
205
206
 2013 04 20 13 12 33.940     2013 04 20 13 16  5.355     211.4
 2013 04 20 19 46 32.334     2013 04 20 19 49 59.487     207.2
207
208
 2013 04 20 12 01 46.905     2013 04 20 12 04 25.035     158.1
209
 2013 04 20 02 24 24.724     2013 04 20 02 24 55.853      31.1
 2013 04 20 04 02 41.488     2013 04 20 04 05 53.876     192.4
 2013 04 20 21 06 56.623     2013 04 20 21 10  1.314     184.7
 2013 04 20 22 44 23.035     2013 04 20 22 44 49.891      26.9
210
 2013 04 20 05 22 59.742     2013 04 20 05 25 34.194     154.5
 2013 04 20 10 17 25.549     2013 04 20 10 18  8.102      42.6
 2013 04 20 11 55 28.661     2013 04 20 11 59  2.159     213.5
211
 2013 04 20 07 36 43.006     2013 04 20 07 39 31.795     168.8
 2013 04 20 17 33 13.866     2013 04 20 17 33 53.649      39.8
212
 2013 04 20 09 09 25.007     2013 04 20 09 11 59.349     154.3
 2013 04 20 19 09 34.549     2013 04 20 19 12  5.927     151.4
213
 2013 04 20 12 15 24.466     2013 04 20 12 19  3.966     219.5
214
 2013 04 20 00 38 25.026     2013 04 20 00 41  3.159     158.1
 2013 04 20 07 12 12.104     2013 04 20 07 14 47.728     155.6
215
 2013 04 20 14 44 20.287     2013 04 20 14 47 48.322     208.0
 2013 04 20 22 59 32.046     2013 04 20 23 02 23.072     171.0
216
 2013 04 20 23 14 18.171     2013 04 20 23 17 34.320     196.1
217
 2013 04 20 11 26 19.528     2013 04 20 11 29 34.515     195.0
 2013 04 20 23 09 50.279     2013 04 20 23 10 41.296      51.0
218
 2013 04 20 03 29 21.312     2013 04 20 03 31 59.121     157.8
219
220
 2013 04 20 01 02 30.417     2013 04 20 01 05  7.932     157.5
 2013 04 20 14 39 38.894     2013 04 20 14 42 53.855     195.0
221
 2013 04 20 02 35 40.962     2013 04 20 02 36 45.619      64.7
 2013 04 20 17 52 22.535     2013 04 20 17 55  3.518     161.0
222
 2013 04 20 12 14 46.615     2013 04 20 12 14 55.928       9.3
223
 2013 04 20 16 51 43.739     2013 04 20 16 55  6.238     202.5
224
 2013 04 20 13 41 48.256     2013 04 20 13 44 58.806     190.5
225
 2013 04 20 09 51 14.054     2013 04 20 09 53 46.355     152.3
 2013 04 20 21 37  7.625     2013 04 20 21 40 44.135     216.5
226
 2013 04 20 14 01 17.402     2013 04 20 14 04 42.036     204.6
 2013 04 20 20 36 29.902     2013 04 20 20 39  4.073     154.2
227
 2013 04 20 00 25 22.928     2013 04 20 00 28 52.503     209.6
228
 2013 04 20 05 48 56.810     2013 04 20 05 49 52.338      55.5
229
 2013 04 20 07 38 36.478     2013 04 20 07 40 33.111     116.6
 2013 04 20 15 56 55.473     2013 04 20 15 59 45.696     170.2
230
 2013 04 20 07 38  4.662     2013 04 20 07 38  8.577       3.9
 2013 04 20 15 57  3.289     2013 04 20 16 00 12.697     189.4
231
 2013 04 20 13 49 13.773     2013 04 20 13 52 26.650     192.9
232
 2013 04 20 13 57 24.625     2013 04 20 14 00  2.572     157.9
 2013 04 20 22 13 13.047     2013 04 20 22 16  1.164     168.1
233
 2013 04 20 03 21 14.240     2013 04 20 03 23 47.058     152.8
 2013 04 20 18 40 21.202     2013 04 20 18 43 52.645     211.4
234
235
 2013 04 20 21 35 13.662     2013 04 20 21 37 48.843     155.2
236
 2013 04 20 04 17 48.289     2013 04 20 04 20 21.693     153.4
 2013 04 20 16 07 45.619     2013 04 20 16 11 19.759     214.1
237
 2013 04 20 02 58 28.135     2013 04 20 03 01 24.893     176.8
238
 2013 04 20 12 18 43.484     2013 04 20 12 22  5.223     201.7
 2013 04 20 22 18 49.111     2013 04 20 22 22 11.064     202.0
239
 2013 04 20 01 53 31.109     2013 04 20 01 56  2.221     151.1
240
 2013 04 20 06 48 27.502     2013 04 20 06 51 32.364     184.9
 2013 04 20 16 47 47.034     2013 04 20 16 51 23.995     217.0
241
 2013 04 20 02 36 23.049     2013 04 20 02 37 12.762      49.7
 2013 04 20 17 52  3.508     2013 04 20 17 55  8.743     185.2
242
 2013 04 20 13 04 44.101     2013 04 20 13 07 17.074     153.0
 2013 04 20 23 06  7.765     2013 04 20 23 09  6.308     178.5
243
 2013 04 20 01 46 21.724     2013 04 20 01 49 51.404     209.7
 2013 04 20 17 04 59.334     2013 04 20 17 08 19.181     199.8
244
 2013 04 20 12 54 54.249     2013 04 20 12 57 24.840     150.6
245
 2013 04 20 10 52  6.402     2013 04 20 10 55 30.624     204.2
 2013 04 20 17 27 31.421     2013 04 20 17 30  6.503     155.1
246
 2013 04 20 17 03 48.848     2013 04 20 17 07  1.638     192.8
247
 2013 04 20 04 34 41.473     2013 04 20 04 37 21.947     160.5
 2013 04 20 11 08 59.245     2013 04 20 11 11 33.064     153.8
248
 2013 04 20 02 56 57.180     2013 04 20 02 59 33.099     155.9
 2013 04 20 11 12  1.927     2013 04 20 11 14 37.877     155.9
249
 2013 04 20 11 24 22.644     2013 04 20 11 26 57.688     155.0
 2013 04 20 23 12 16.291     2013 04 20 23 14 50.469     154.2
250
 2013 04 20 00 40 16.593     2013 04 20 00 41 51.988      95.4
 2013 04 20 05 36 14.600     2013 04 20 05 39 18.252     183.7
251
 2013 04 20 00 56 27.254     2013 04 20 00 59  4.765     157.5
252
 2013 04 20 00 29 32.922     2013 04 20 00 32  6.426     153.5
 2013 04 20 10 30 23.049     2013 04 20 10 32 59.257     156.2
253
254
 2013 04 20 05 56 51.249     2013 04 20 06 00 12.314     201.1
255
 2013 04 20 07 25 32.700     2013 04 20 07 28  5.908     153.2
256
 2013 04 20 05 59 11.907     2013 04 20 06 02  4.193     172.3
 2013 04 20 16 01 30.708     2013 04 20 16 04 33.263     182.6
257
 2013 04 20 06 05 54.004     2013 04 20 06 08 58.308     184.3
 2013 04 20 14 20 14.815     2013 04 20 14 22 55.598     160.8
258
 2013 04 20 04 55 39.633     2013 04 20 04 58 47.998     188.4
 2013 04 20 20 15 22.863     2013 04 20 20 15 23.942       1.1
259
 2013 04 20 11 36   .314     2013 04 20 11 39 13.710     193.4
 2013 04 20 19 50 49.355     2013 04 20 19 53 24.508     155.2
260
 2013 04 20 00 40  1.114     2013 04 20 00 43   .988     179.9
 2013 04 20 05 35  9.959     2013 04 20 05 38 43.191     213.2
261
 2013 04 20 02 27 33.525     2013 04 20 02 30 23.693     170.2
 2013 04 20 19 34 28.519     2013 04 20 19 34 36.547       8.0
 2013 04 20 21 08 28.749     2013 04 20 21 12 13.867     225.1
262
 2013 04 20 23 02 30.840     2013 04 20 23 03 39.907      69.1
263
 2013 04 20 05 46 30.147     2013 04 20 05 49 38.449     188.3
 2013 04 20 19 24  4.079     2013 04 20 19 26 38.359     154.3
264
 2013 04 20 07 33 35.904     2013 04 20 07 36  9.545     153.6
 2013 04 20 17 35 12.550     2013 04 20 17 38 52.055     219.5
265
 2013 04 20 04 07 49.720     2013 04 20 04 10 27.251     157.5
 2013 04 20 19 28 20.649     2013 04 20 19 31 12.371     171.7
266
 2013 04 20 05 20  1.218     2013 04 20 05 22 43.039     161.8
267
 2013 04 20 20 40 43.201     2013 04 20 20 43 17.348     154.1
268
 2013 04 20 18 42 43.076     2013 04 20 18 45 38.192     175.1
269
 2013 04 20 02 47 24.833     2013 04 20 02 50 31.021     186.2
270
271
 2013 04 20 07 13 55.710     2013 04 20 07 16 43.642     167.9
272
 2013 04 20 13 15 42.492     2013 04 20 13 18 36.582     174.1
 2013 04 20 18 10 44.883     2013 04 20 18 14 21.694     216.8
273
 2013 04 20 16 04 30.643     2013 04 20 16 07 52.018     201.4
274
275
 2013 04 20 16 20 42.841     2013 04 20 16 24 18.826     216.0
276
 2013 04 20 17 59 38.014     2013 04 20 18 02 39.950     181.9
 2013 04 20 22 54 50.269     2013 04 20 22 57 47.896     177.6
277
278
 2013 04 20 04 35 46.343     2013 04 20 04 39  1.209     194.9
 2013 04 20 11 09  7.158     2013 04 20 11 10 35.971      88.8
279
 2013 04 20 12 57 44.092     2013 04 20 12 58 52.311      68.2
280
 2013 04 20 05 56 51.325     2013 04 20 05 58 10.322      79.0
 2013 04 20 17 40  5.609     2013 04 20 17 42 41.380     155.8
281
 2013 04 20 14 28 14.706     2013 04 20 14 30 45.493     150.8
282
 2013 04 20 09 16 41.028     2013 04 20 09 19 18.620     157.6
 2013 04 20 15 54 56.523     2013 04 20 15 55 24.662      28.1
283
 2013 04 20 13 59 31.304     2013 04 20 14 02 33.140     181.8
284
 2013 04 20 13 41 30.594     2013 04 20 13 45 14.733     224.1
285
 2013 04 20 05 46 20.309     2013 04 20 05 48 54.964     154.7
 2013 04 20 19 23 14.753     2013 04 20 19 26   .901     166.1
286
 2013 04 20 00 07 15.217     2013 04 20 00 09 53.276     158.1
 2013 04 20 17 09 57.551     2013 04 20 17 12 36.151     158.6
 2013 04 20 23 44  3.529     2013 04 20 23 46 46.061     162.5
287
 2013 04 20 04 03   .981     2013 04 20 04 05 38.855     157.9
 2013 04 20 21 06 21.683     2013 04 20 21 09 18.369     176.7
288
 2013 04 20 08 29  4.146     2013 04 20 08 29  8.029       3.9
 2013 04 20 10 06 50.597     2013 04 20 10 07  4.437      13.8
 2013 04 20 15 03   .439     2013 04 20 15 06 16.358     195.9
289
 2013 04 20 13 14  9.698     2013 04 20 13 17 28.439     198.7
 2013 04 20 14 51 44.088     2013 04 20 14 52 40.464      56.4
 2013 04 20 19 47 13.262     2013 04 20 19 49 58.916     165.7
290
 2013 04 20 23 22 23.664     2013 04 20 23 25 19.202     175.5
291
 2013 04 20 01 43  9.766     2013 04 20 01 45 57.203     167.4
 2013 04 20 18 44 50.438     2013 04 20 18 48 32.463     222.0
292
293
 2013 04 20 05 47  7.556     2013 04 20 05 49 50.781     163.2
 2013 04 20 19 23 26.941     2013 04 20 19 26  7.977     161.0
294
 2013 04 20 07 43 35.833     2013 04 20 07 47  1.903     206.1
 2013 04 20 14 18 38.723     2013 04 20 14 21 16.531     157.8
295
 2013 04 20 09 17 59.587     2013 04 20 09 21 23.999     204.4
 2013 04 20 15 53  5.987     2013 04 20 15 55 41.719     155.7
296
 2013 04 20 00 06 48.719     2013 04 20 00 10 20.802     212.1
 2013 04 20 17 11 16.754     2013 04 20 17 14   .666     163.9
 2013 04 20 22 05 36.208     2013 04 20 22 06 17.713      41.5
 2013 04 20 23 43 45.645     2013 04 20 23 47  7.133     201.5
297
 2013 04 20 04 25 26.671     2013 04 20 04 26  5.212      38.5
298
 2013 04 20 02 42 47.379     2013 04 20 02 45 23.759     156.4
299
 2013 04 20 08 29  5.727     2013 04 20 08 32 21.014     195.3
 2013 04 20 15 08 56.234     2013 04 20 15 08 57.227       1.0
300
 2013 04 20 00 36 52.512     2013 04 20 00 40 26.471     214.0
 2013 04 20 07 10 50.190     2013 04 20 07 14 11.963     201.8
301
 2013 04 20 20 42  2.578     2013 04 20 20 44 36.131     153.6
302
 2013 04 20 01 41 54.941     2013 04 20 01 44 30.112     155.2
 2013 04 20 18 44 52.772     2013 04 20 18 47 29.099     156.3
303
 2013 04 20 05 21   .517     2013 04 20 05 23 36.817     156.3
 2013 04 20 11 55 14.962     2013 04 20 11 58 26.167     191.2
304
 2013 04 20 22 34 43.102     2013 04 20 22 38  1.132     198.0
305
 2013 04 20 09 11 44.783     2013 04 20 09 15 12.437     207.7
306
 2013 04 20 03 33 41.776     2013 04 20 03 36 11.589     149.8
 2013 04 20 15 18 49.178     2013 04 20 15 20  7.825      78.6
307
 2013 04 20 19 53 36.123     2013 04 20 19 56 15.290     159.2
308
 2013 04 20 10 47 11.589     2013 04 20 10 49 59.412     167.8
309
 2013 04 20 11 09 35.992     2013 04 20 11 10 21.500      45.5
310
 2013 04 20 04 18 25.131     2013 04 20 04 21  4.041     158.9
 2013 04 20 16 07 19.241     2013 04 20 16 10 23.839     184.6
311
 2013 04 20 08 52 38.892     2013 04 20 08 56  8.334     209.4
312
 2013 04 20 12 24 17.596     2013 04 20 12 28  3.215     225.6
313
 2013 04 20 05 10 39.692     2013 04 20 05 13 19.766     160.1
314
 2013 04 20 08 08 15.338     2013 04 20 08 10 49.274     153.9
 2013 04 20 21 44 47.588     2013 04 20 21 47 30.524     162.9
315
 2013 04 20 03 35  5.268     2013 04 20 03 38   .043     174.8
316
 2013 04 20 16 02 59.529     2013 04 20 16 06  7.455     187.9
317
 2013 04 20 20 53 55.097     2013 04 20 20 56 51.410     176.3
318
 2013 04 20 08 58  3.201     2013 04 20 09 00 36.723     153.5
319
 2013 04 20 02 27 53.073     2013 04 20 02 30 39.952     166.9
 2013 04 20 19 31 38.914     2013 04 20 19 32 59.684      80.8
 2013 04 20 21 09 35.154     2013 04 20 21 13  5.455     210.3
320
 2013 04 20 19 21 23.825     2013 04 20 19 24  3.939     160.1
321
 2013 04 20 05 41 37.212     2013 04 20 05 44 58.924     201.7
 2013 04 20 21 03 41.624     2013 04 20 21 06 25.385     163.8
322
 2013 04 20 08 12  8.519     2013 04 20 08 14 56.954     168.4
323
 2013 04 20 20 13  5.567     2013 04 20 20 16 30.541     205.0
324
 2013 04 20 10 37 40.464     2013 04 20 10 38 51.438      71.0
325
 2013 04 20 12 24 12.091     2013 04 20 12 27 11.330     179.2
 2013 04 20 20 39  7.932     2013 04 20 20 42 30.551     202.6
326
 2013 04 20 21 33 43.869     2013 04 20 21 36 18.268     154.4
327
328
 2013 04 20 07 25  9.676     2013 04 20 07 28 45.135     215.5
329
 2013 04 20 12 27 55.839     2013 04 20 12 30 34.167     158.3
 2013 04 20 17 25 57.123     2013 04 20 17 26 20.649      23.5
 2013 04 20 19 00 33.098     2013 04 20 19 03 52.757     199.7
330
 2013 04 20 00 19 41.958     2013 04 20 00 23  4.501     202.5
331
 2013 04 20 16 56 56.327     2013 04 20 16 59 33.355     157.0
332
 2013 04 20 00 30 46.048     2013 04 20 00 31 13.752      27.7
333
334
 2013 04 20 17 41 37.968     2013 04 20 17 42 11.982      34.0
335
 2013 04 20 21 40 27.462     2013 04 20 21 43  5.337     157.9
336
 2013 04 20 08 31 35.243     2013 04 20 08 34 13.288     158.0
 2013 04 20 15 04 56.058     2013 04 20 15 08   .768     184.7
337
 2013 04 20 16 59  7.723     2013 04 20 17 02 11.556     183.8
338
 2013 04 20 08 26 14.586     2013 04 20 08 28 48.711     154.1
 2013 04 20 16 42 22.849     2013 04 20 16 45 50.928     208.1
339
 2013 04 20 00 16 30.340     2013 04 20 00 19 57.616     207.3
 2013 04 20 13 52 58.171     2013 04 20 13 56 22.269     204.1
340
 2013 04 20 10 03 52.038     2013 04 20 10 07  8.677     196.6
 2013 04 20 16 37 51.113     2013 04 20 16 41 10.830     199.7
341
 2013 04 20 12 14  9.385     2013 04 20 12 16 58.172     168.8
342
 2013 04 20 18 21 55.130     2013 04 20 18 22 30.002      34.9
343
 2013 04 20 00 13 12.108     2013 04 20 00 13 35.461      23.4
 2013 04 20 13 57 55.177     2013 04 20 13 58 17.748      22.6
344
 2013 04 20 08 08  6.600     2013 04 20 08 10 55.233     168.6
 2013 04 20 21 45 39.080     2013 04 20 21 48 13.473     154.4
345
 2013 04 20 02 32 23.093     2013 04 20 02 36 10.942     227.8
 2013 04 20 17 55  4.470     2013 04 20 17 57 46.914     162.4
346
 2013 04 20 08 01 40.203     2013 04 20 08 05 11.505     211.3
 2013 04 20 23 26 53.291     2013 04 20 23 27  4.288      11.0
347
 2013 04 20 09 45 59.464     2013 04 20 09 49 35.616     216.2
348
 2013 04 20 07 42 23.472     2013 04 20 07 45  3.837     160.4
 2013 04 20 14 17 11.506     2013 04 20 14 20 54.653     223.1
349
350
 2013 04 20 00 53 48.330     2013 04 20 00 56 38.875     170.5
 2013 04 20 17 57 36.601     2013 04 20 18 00 48.503     191.9
 2013 04 20 19 35  4.767     2013 04 20 19 35 20.397      15.6
351
 2013 04 20 04 25 13.425     2013 04 20 04 26 59.914     106.5
 2013 04 20 14 27 32.068     2013 04 20 14 30  8.635     156.6
352
353
 2013 04 20 08 01 56.002     2013 04 20 08 05 28.754     212.8
 2013 04 20 23 25 36.949     2013 04 20 23 28 44.278     187.3
354
355
 2013 04 20 07 35 10.581     2013 04 20 07 38 57.037     226.5
 2013 04 20 17 35 32.451     2013 04 20 17 39  8.468     216.0
356
 2013 04 20 06 27  8.073     2013 04 20 06 28 14.767      66.7
 2013 04 20 21 51 18.164     2013 04 20 21 54 35.323     197.2
357
 2013 04 20 08 05 42.828     2013 04 20 08 08 35.810     173.0
358
359
 2013 04 20 02 11 19.408     2013 04 20 02 14 25.372     186.0
 2013 04 20 08 50 47.532     2013 04 20 08 50 56.936       9.4
360
 2013 04 20 11 26 39.301     2013 04 20 11 30   .433     201.1
361
 2013 04 20 08 23 31.152     2013 04 20 08 26 31.737     180.6
362
363
 2013 04 20 03 45   .455     2013 04 20 03 46 20.460      80.0
364
 2013 04 20 10 39 32.891     2013 04 20 10 43 16.559     223.7
365
 2013 04 20 06 02 51.943     2013 04 20 06 05 28.699     156.8
366
 2013 04 20 14 02 31.755     2013 04 20 14 06 13.819     222.1
 2013 04 20 19 02  9.034     2013 04 20 19 02 21.528      12.5
 2013 04 20 20 36  7.097     2013 04 20 20 36 21.661      14.6
367
 2013 04 20 01 52  7.504     2013 04 20 01 55 15.465     188.0
 2013 04 20 15 25  6.812     2013 04 20 15 28 34.687     207.9
368
 2013 04 20 02 02 50.038     2013 04 20 02 05 20.700     150.7
 2013 04 20 12 07 29.538     2013 04 20 12 08 20.908      51.4
369
 2013 04 20 11 25 47.203     2013 04 20 11 28 40.331     173.1
370
 2013 04 20 15 17 23.101     2013 04 20 15 19 58.152     155.1
371
 2013 04 20 23 17 52.003     2013 04 20 23 18 40.377      48.4
372
 2013 04 20 21 28 24.669     2013 04 20 21 31 14.330     169.7
373
 2013 04 20 01 23 37.535     2013 04 20 01 26 17.777     160.2
 2013 04 20 09 36 32.033     2013 04 20 09 37 27.506      55.5
374
375
 2013 04 20 01 21 59.248     2013 04 20 01 25 13.313     194.1
 2013 04 20 09 36 51.573     2013 04 20 09 39 24.782     153.2
376
377
 2013 04 20 08 58 38.882     2013 04 20 09 01 13.752     154.9
378
 2013 04 20 14 36 22.339     2013 04 20 14 39 27.561     185.2
379
 2013 04 20 00 55 39.970     2013 04 20 00 58 58.402     198.4
 2013 04 20 17 58  1.966     2013 04 20 18 01 40.171     218.2
380
 2013 04 20 03 41 28.813     2013 04 20 03 44 19.974     171.2
381
 2013 04 20 10 42   .427     2013 04 20 10 42 58.498      58.1
382
 2013 04 20 19 59 27.067     2013 04 20 20 02 52.340     205.3
383
 2013 04 20 15 57 53.282     2013 04 20 16 00 25.832     152.5
384
 2013 04 20 08 30 47.057     2013 04 20 08 34 17.944     210.9
 2013 04 20 15 05 54.192     2013 04 20 15 08 34.218     160.0
385
 2013 04 20 00 27 54.096     2013 04 20 00 31 33.289     219.2
 2013 04 20 10 31 34.042     2013 04 20 10 34 36.960     182.9
386
 2013 04 20 04 28 12.138     2013 04 20 04 31 51.068     218.9
387
 2013 04 20 02 56 53.392     2013 04 20 02 59 30.206     156.8
 2013 04 20 11 12   .001     2013 04 20 11 14 34.487     154.5
388
389
 2013 04 20 09 20 19.489     2013 04 20 09 23 21.764     182.3
 2013 04 20 14 15 30.422     2013 04 20 14 18 15.410     165.0
390
 2013 04 20 06 57 47.748     2013 04 20 06 58 14.272      26.5
 2013 04 20 13 28 11.628     2013 04 20 13 31 56.535     224.9
391
392
 2013 04 20 01 41 24.697     2013 04 20 01 44 36.585     191.9
 2013 04 20 18 43 50.345     2013 04 20 18 46 27.908     157.6
393
394
 2013 04 20 00 19 58.856     2013 04 20 00 23  3.820     185.0
395
 2013 04 20 09 07  1.117     2013 04 20 09 09 34.739     153.6
396
397
398
 2013 04 20 01 25 25.669     2013 04 20 01 28  2.857     157.2
 2013 04 20 07 59 50.185     2013 04 20 08 02 30.193     160.0
399
 2013 04 20 00 50 35.678     2013 04 20 00 54 23.972     228.3
 2013 04 20 02 28 32.324     2013 04 20 02 32  9.077     216.8
 2013 04 20 19 33  1.980     2013 04 20 19 35 41.027     159.0
400
 2013 04 20 14 45 34.568     2013 04 20 14 48  7.572     153.0
 2013 04 20 23 00 28.817     2013 04 20 23 03 11.639     162.8
401
 2013 04 20 21 32 46.075     2013 04 20 21 36 29.219     223.1
402
 2013 04 20 02 54 18.065     2013 04 20 02 56 53.057     155.0
403
 2013 04 20 06 32 43.850     2013 04 20 06 35 23.503     159.7
 2013 04 20 20 12 53.752     2013 04 20 20 13 54.685      60.9
404
 2013 04 20 01 23 59.044     2013 04 20 01 26 35.203     156.2
405
406
 2013 04 20 16 58 16.104     2013 04 20 17 01  5.889     169.8
407
 2013 04 20 06 52 27.813     2013 04 20 06 55 10.356     162.5
 2013 04 20 15 08 49.283     2013 04 20 15 11 26.394     157.1
408
 2013 04 20 04 52 52.403     2013 04 20 04 53 18.112      25.7
 2013 04 20 20 17  2.831     2013 04 20 20 19 59.267     176.4
409
 2013 04 20 07 36 59.438     2013 04 20 07 40 31.858     212.4
410
 2013 04 20 17 39 14.173     2013 04 20 17 41 51.139     157.0
411
 2013 04 20 12 22 31.277     2013 04 20 12 25 11.643     160.4
 2013 04 20 20 38 30.342     2013 04 20 20 41 46.853     196.5
412
 2013 04 20 12 59 48.854     2013 04 20 13 00  6.923      18.1
413
 2013 04 20 14 41 50.851     2013 04 20 14 45 13.932     203.1
414
 2013 04 20 20 59 56.009     2013 04 20 21 02 44.008     168.0
415
 2013 04 20 10 34 38.542     2013 04 20 10 37 23.814     165.3
416
 2013 04 20 08 56 35.894     2013 04 20 08 59 12.498     156.6
 2013 04 20 22 31 29.448     2013 04 20 22 34 18.107     168.7
417
 2013 04 20 00 19 36.071     2013 04 20 00 22 24.373     168.3
418
 2013 04 20 05 49 33.497     2013 04 20 05 52 15.042     161.5
419
 2013 04 20 04 25  7.704     2013 04 20 04 27 56.489     168.8
 2013 04 20 14 25 43.079     2013 04 20 14 28 57.184     194.1
420
 2013 04 20 22 23  8.576     2013 04 20 22 25 43.236     154.7
421
 2013 04 20 02 51  5.716     2013 04 20 02 54 33.274     207.6
 2013 04 20 12 52 46.211     2013 04 20 12 55 24.358     158.1
422
 2013 04 20 10 05 23.412     2013 04 20 10 06 50.267      86.9
 2013 04 20 16 40 30.826     2013 04 20 16 43 23.588     172.8
423
424
 2013 04 20 05 53  4.818     2013 04 20 05 56 44.936     220.1
 2013 04 20 17 40 42.157     2013 04 20 17 43 36.689     174.5
425
 2013 04 20 08 24 19.212     2013 04 20 08 27  3.636     164.4
426
 2013 04 20 05 09 48.425     2013 04 20 05 13 24.952     216.5
427
 2013 04 20 01 11 24.019     2013 04 20 01 11 57.988      34.0
428
 2013 04 20 07 25 31.637     2013 04 20 07 28 32.231     180.6
429
 2013 04 20 18 43  4.643     2013 04 20 18 45 44.550     159.9
430
 2013 04 20 18 25 33.920     2013 04 20 18 28 45.872     192.0
431
 2013 04 20 14 30 17.436     2013 04 20 14 32 49.131     151.7
432
 2013 04 20 08 52 47.119     2013 04 20 08 56 27.592     220.5
433
 2013 04 20 18 30 26.562     2013 04 20 18 33 34.951     188.4
434
435
 2013 04 20 16 59 37.406     2013 04 20 17 00 51.345      73.9
436
 2013 04 20 11 18 29.747     2013 04 20 11 21 38.376     188.6
437
 2013 04 20 08 01  2.874     2013 04 20 08 04  6.676     183.8
438
 2013 04 20 08 17 44.104     2013 04 20 08 20 22.104     158.0
439
 2013 04 20 02 51  7.539     2013 04 20 02 51 29.647      22.1
440
 2013 04 20 06 42  7.262     2013 04 20 06 44 59.586     172.3
 2013 04 20 18 27 42.060     2013 04 20 18 30 42.039     180.0
441
 2013 04 20 04 18 37.163     2013 04 20 04 21 16.910     159.7
 2013 04 20 16 08  5.057     2013 04 20 16 10 40.826     155.8
442
 2013 04 20 00 38 14.302     2013 04 20 00 41  5.031     170.7
 2013 04 20 07 13   .151     2013 04 20 07 15 37.668     157.5
443
 2013 04 20 10 05   .017     2013 04 20 10 05 16.569      16.6
 2013 04 20 11 43  2.740     2013 04 20 11 46 21.954     199.2
 2013 04 20 14 59 20.300     2013 04 20 14 59 33.371      13.1
 2013 04 20 16 37 52.062     2013 04 20 16 40 43.863     171.8
444
 2013 04 20 00 31 40.681     2013 04 20 00 34 17.229     156.5
 2013 04 20 10 28 15.557     2013 04 20 10 28 39.551      24.0
445
 2013 04 20 06 55 39.882     2013 04 20 06 59 14.683     214.8
 2013 04 20 08 33 21.262     2013 04 20 08 34 21.449      60.2
 2013 04 20 13 29 11.608     2013 04 20 13 31 47.472     155.9
446
 2013 04 20 06 41 39.690     2013 04 20 06 45 12.673     213.0
 2013 04 20 18 28 51.373     2013 04 20 18 28 56.971       5.6
447
 2013 04 20 02 35 16.160     2013 04 20 02 38  1.243     165.1
448
 2013 04 20 03 20 45.191     2013 04 20 03 23 19.524     154.3
 2013 04 20 18 40 40.284     2013 04 20 18 43 35.237     175.0
449
 2013 04 20 09 03 47.147     2013 04 20 09 04 47.858      60.7
 2013 04 20 20 48 38.562     2013 04 20 20 51 37.823     179.3
450
 2013 04 20 04 09 56.908     2013 04 20 04 12 31.237     154.3
451
 2013 04 20 05 01  5.191     2013 04 20 05 03 51.137     165.9
 2013 04 20 18 35  5.107     2013 04 20 18 35 10.290       5.2
452
 2013 04 20 00 07 40.810     2013 04 20 00 10 32.428     171.6
 2013 04 20 17 09 41.436     2013 04 20 17 12 23.161     161.7
 2013 04 20 23 44 26.889     2013 04 20 23 47 26.902     180.0
453
 2013 04 20 02 47 31.570     2013 04 20 02 50  9.265     157.7
454
 2013 04 20 06 07 51.250     2013 04 20 06 10 26.729     155.5
 2013 04 20 12 42 20.568     2013 04 20 12 43 11.987      51.4
455
456
 2013 04 20 08 51 40.570     2013 04 20 08 55 25.168     224.6
457
 2013 04 20 09 01 16.138     2013 04 20 09 03 53.295     157.2
 2013 04 20 20 50 43.579     2013 04 20 20 51  4.274      20.7
458
 2013 04 20 23 19 57.685     2013 04 20 23 20 51.227      53.5
459
 2013 04 20 21 00 42.520     2013 04 20 21 03 20.516     158.0
460
 2013 04 20 15 17 28.297     2013 04 20 15 20 45.414     197.1
461
 2013 04 20 05 18 57.057     2013 04 20 05 19 13.178      16.1
462
 2013 04 20 00 52  6.889     2013 04 20 00 54 49.150     162.3
 2013 04 20 19 34 17.094     2013 04 20 19 36 53.841     156.7
463
 2013 04 20 06 54 15.942     2013 04 20 06 57 19.365     183.4
464
 2013 04 20 02 51 53.061     2013 04 20 02 54 31.516     158.5
 2013 04 20 12 51 22.521     2013 04 20 12 53 54.881     152.4
465
 2013 04 20 23 15 30.078     2013 04 20 23 18 30.670     180.6
466
 2013 04 20 02 52 36.832     2013 04 20 02 55 50.627     193.8
 2013 04 20 12 50  6.907     2013 04 20 12 53 10.760     183.9
467
 2013 04 20 13 48 45.475     2013 04 20 13 49 12.398      26.9
468
 2013 04 20 02 57 55.385     2013 04 20 02 58 18.854      23.5
469
470
 2013 04 20 02 49 47.444     2013 04 20 02 52 21.335     153.9
471
 2013 04 20 00 30 22.017     2013 04 20 00 33  2.608     160.6
 2013 04 20 10 30  3.817     2013 04 20 10 32 58.411     174.6
472
473
 2013 04 20 07 38 36.837     2013 04 20 07 41 30.835     174.0
 2013 04 20 15 57 47.412     2013 04 20 15 58 30.603      43.2
474
 2013 04 20 06 42 39.398     2013 04 20 06 45 43.843     184.4
 2013 04 20 18 26 55.786     2013 04 20 18 30 31.155     215.4
475
476
 2013 04 20 17 51 46.020     2013 04 20 17 54 28.270     162.2
477
 2013 04 20 06 36 49.426     2013 04 20 06 39 22.381     153.0
478
 2013 04 20 20 41  1.872     2013 04 20 20 43 47.145     165.3
479
 2013 04 20 10 47 42.856     2013 04 20 10 50 32.474     169.6
 2013 04 20 19 04 52.290     2013 04 20 19 08 17.253     205.0
480
 2013 04 20 21 42 37.959     2013 04 20 21 46 13.391     215.4
481
 2013 04 20 07 16 25.579     2013 04 20 07 20 12.079     226.5
 2013 04 20 22 35 47.212     2013 04 20 22 38 35.325     168.1
482
 2013 04 20 09 51 36.843     2013 04 20 09 54 27.489     170.6
483
 2013 04 20 04 56 18.279     2013 04 20 04 58 53.110     154.8
484
 2013 04 20 03 34  2.450     2013 04 20 03 37 25.922     203.5
 2013 04 20 15 17 19.575     2013 04 20 15 17 55.069      35.5
485
 2013 04 20 00 19 40.776     2013 04 20 00 22 11.177     150.4
486
 2013 04 20 09 43 11.533     2013 04 20 09 45 42.732     151.2
 2013 04 20 23 19 17.414     2013 04 20 23 21 51.201     153.8
487
 2013 04 20 09 14 13.916     2013 04 20 09 16 58.606     164.7
 2013 04 20 17 29 40.209     2013 04 20 17 32 18.102     157.9
488
 2013 04 20 10 45 47.461     2013 04 20 10 48 34.256     166.8
489
 2013 04 20 09 00 47.079     2013 04 20 09 03 55.688     188.6
490
 2013 04 20 06 44 56.717     2013 04 20 06 48 13.679     197.0
491
 2013 04 20 05 39  1.096     2013 04 20 05 41 41.240     160.1
 2013 04 20 22 40 20.319     2013 04 20 22 43 38.628     198.3
492
 2013 04 20 11 24 14.305     2013 04 20 11 27  6.763     172.5
 2013 04 20 23 11 54.524     2013 04 20 23 14 32.860     158.3
493
 2013 04 20 04 06 23.890     2013 04 20 04 09 49.871     206.0
 2013 04 20 19 27 16.857     2013 04 20 19 30  9.765     172.9
494
 2013 04 20 12 23 26.768     2013 04 20 12 26 36.128     189.4
 2013 04 20 20 38  8.846     2013 04 20 20 40 42.462     153.6
495
496
 2013 04 20 09 41 45.482     2013 04 20 09 44 22.759     157.3
 2013 04 20 23 19 51.963     2013 04 20 23 23 13.513     201.5
497
 2013 04 20 09 58 43.079     2013 04 20 10 01 17.322     154.2
498
 2013 04 20 17 11 53.583     2013 04 20 17 15 40.638     227.1
 2013 04 20 22 07 46.662     2013 04 20 22 11 12.563     205.9
499
500
501
 2013 04 20 17 39 59.469     2013 04 20 17 42 47.620     168.2
502
 2013 04 20 04 48  3.902     2013 04 20 04 51  3.634     179.7
 2013 04 20 23 30  6.079     2013 04 20 23 32 45.498     159.4
503
 2013 04 20 00 33 24.912     2013 04 20 00 36 16.507     171.6
 2013 04 20 08 50 45.533     2013 04 20 08 54 31.889     226.4
504
 2013 04 20 07 37 25.277     2013 04 20 07 40 48.540     203.3
505
 2013 04 20 13 35 42.362     2013 04 20 13 39  8.494     206.1
506
 2013 04 20 03 12 46.581     2013 04 20 03 16 35.550     229.0
 2013 04 20 04 50 36.820     2013 04 20 04 52 30.068     113.2
 2013 04 20 21 54 58.043     2013 04 20 21 57 34.733     156.7
507
 2013 04 20 20 52 10.547     2013 04 20 20 55 42.619     212.1
508
 2013 04 20 02 35 22.982     2013 04 20 02 38 40.444     197.5
509
 2013 04 20 05 03 25.295     2013 04 20 05 06 17.359     172.1
510
 2013 04 20 01 50 44.084     2013 04 20 01 51 59.592      75.5
 2013 04 20 15 27 38.976     2013 04 20 15 31  5.649     206.7
511
 2013 04 20 17 42 16.162     2013 04 20 17 42 28.018      11.9
512
 2013 04 20 09 17 22.958     2013 04 20 09 20  4.349     161.4
 2013 04 20 15 51 31.288     2013 04 20 15 54 24.789     173.5
513
 2013 04 20 10 38 32.338     2013 04 20 10 38 44.890      12.6
514
 2013 04 20 00 29 12.546     2013 04 20 00 31 44.216     151.7
 2013 04 20 10 30 19.737     2013 04 20 10 33  9.872     170.1
515
 2013 04 20 06 34  8.568     2013 04 20 06 36 42.727     154.2
 2013 04 20 20 10 14.431     2013 04 20 20 12 48.766     154.3
516
 2013 04 20 05 59 58.018     2013 04 20 06 02 48.797     170.8
 2013 04 20 16 00 11.326     2013 04 20 16 03  1.883     170.6
517
 2013 04 20 17 48 54.505     2013 04 20 17 49 44.072      49.6
518
519
520
 2013 04 20 10 45 13.639     2013 04 20 10 47 47.904     154.3
 2013 04 20 20 43  3.286     2013 04 20 20 46 31.944     208.7
521
 2013 04 20 09 17 40.777     2013 04 20 09 20 23.047     162.3
 2013 04 20 15 51 39.458     2013 04 20 15 54 18.512     159.1
522
 2013 04 20 08 29 53.747     2013 04 20 08 32 29.907     156.2
 2013 04 20 15 04 32.692     2013 04 20 15 07 52.030     199.3
523
 2013 04 20 15 35 31.366     2013 04 20 15 39  5.137     213.8
 2013 04 20 22 11  2.734     2013 04 20 22 13 36.696     154.0
524
525
 2013 04 20 10 04 32.931     2013 04 20 10 07 44.545     191.6
 2013 04 20 16 39 56.915     2013 04 20 16 42 47.870     171.0
526
 2013 04 20 10 48 11.835     2013 04 20 10 51 39.528     207.7
 2013 04 20 19 05 40.037     2013 04 20 19 08 14.013     154.0
527
 2013 04 20 00 09 33.792     2013 04 20 00 12 35.135     181.3
 2013 04 20 15 34 39.876     2013 04 20 15 35  4.569      24.7
528
 2013 04 20 13 42 18.519     2013 04 20 13 45 15.777     177.3
529
 2013 04 20 06 08 35.169     2013 04 20 06 11 43.761     188.6
 2013 04 20 12 42 18.298     2013 04 20 12 44 54.371     156.1
530
 2013 04 20 06 38 16.325     2013 04 20 06 40 53.071     156.7
531
532
533
 2013 04 20 00 59 45.015     2013 04 20 01 02 44.594     179.6
 2013 04 20 16 17 42.532     2013 04 20 16 18  6.956      24.4
534
 2013 04 20 04 12 21.564     2013 04 20 04 16  2.913     221.3
 2013 04 20 17 49 24.318     2013 04 20 17 52 36.931     192.6
535
 2013 04 20 13 58 32.489     2013 04 20 14 01  9.814     157.3
 2013 04 20 22 13  2.460     2013 04 20 22 15 51.984     169.5
536
 2013 04 20 17 12 15.321     2013 04 20 17 14 51.631     156.3
 2013 04 20 22 06 52.434     2013 04 20 22 09 53.734     181.3
537
 2013 04 20 03 35  3.442     2013 04 20 03 38 11.283     187.8
538
 2013 04 20 06 55 48.030     2013 04 20 06 58 44.450     176.4
 2013 04 20 13 30 51.106     2013 04 20 13 33 37.879     166.8
539
 2013 04 20 01 17   .936     2013 04 20 01 20 19.872     198.9
 2013 04 20 11 16 17.111     2013 04 20 11 18 49.940     152.8
540
 2013 04 20 13 57  8.460     2013 04 20 13 59 47.728     159.3
 2013 04 20 22 13 42.802     2013 04 20 22 16 40.227     177.4
541
 2013 04 20 10 37 53.412     2013 04 20 10 40 44.173     170.8
 2013 04 20 22 24 18.461     2013 04 20 22 26 58.502     160.0
542
 2013 04 20 23 15 38.556     2013 04 20 23 18 19.373     160.8
543
 2013 04 20 03 19 53.721     2013 04 20 03 22 31.149     157.4
 2013 04 20 18 41 29.141     2013 04 20 18 44  4.476     155.3
544
 2013 04 20 00 19 48.792     2013 04 20 00 22 18.823     150.0
545
 2013 04 20 01 19 35.423     2013 04 20 01 19 38.165       2.7
 2013 04 20 11 18 54.625     2013 04 20 11 19 27.554      32.9
546
 2013 04 20 05 00 13.136     2013 04 20 05 03 22.262     189.1
 2013 04 20 18 34 46.764     2013 04 20 18 37 26.808     160.0
547
 2013 04 20 04 11 20.872     2013 04 20 04 14   .062     159.2
 2013 04 20 17 48 29.647     2013 04 20 17 51 52.320     202.7
548
 2013 04 20 09 04 57.796     2013 04 20 09 07 32.480     154.7
549
 2013 04 20 17 32 50.121     2013 04 20 17 35 25.874     155.8
550
 2013 04 20 16 44 42.282     2013 04 20 16 47 42.249     180.0
551
 2013 04 20 04 06  6.006     2013 04 20 04 08 51.967     166.0
 2013 04 20 19 27 38.817     2013 04 20 19 31 11.097     212.3
552
 2013 04 20 05 47 54.366     2013 04 20 05 50 37.331     163.0
 2013 04 20 19 22 10.050     2013 04 20 19 25 10.221     180.2
553
 2013 04 20 04 07  2.838     2013 04 20 04 07 17.623      14.8
 2013 04 20 21 04 56.874     2013 04 20 21 07 39.302     162.4
554
 2013 04 20 08 04 10.011     2013 04 20 08 04 38.709      28.7
555
 2013 04 20 08 08 13.180     2013 04 20 08 10 57.753     164.6
 2013 04 20 21 45 33.169     2013 04 20 21 48  7.218     154.0
556
 2013 04 20 06 32 29.656     2013 04 20 06 35 51.833     202.2
 2013 04 20 20 11 47.193     2013 04 20 20 14 44.424     177.2
557
 2013 04 20 02 34 56.789     2013 04 20 02 38  3.283     186.5
558
559
 2013 04 20 06 37  4.199     2013 04 20 06 39 35.840     151.6
560
 2013 04 20 02 54 50.769     2013 04 20 02 58   .259     189.5
561
 2013 04 20 04 53 17.573     2013 04 20 04 56 39.033     201.5
 2013 04 20 20 14 22.791     2013 04 20 20 17 46.836     204.0
562
 2013 04 20 03 23 52.504     2013 04 20 03 26 45.600     173.1
 2013 04 20 17 02 24.568     2013 04 20 17 05 28.312     183.7
563
 2013 04 20 07 41 53.589     2013 04 20 07 44 44.232     170.6
564
 2013 04 20 00 41 36.646     2013 04 20 00 45 11.436     214.8
 2013 04 20 05 36 47.228     2013 04 20 05 39 33.027     165.8
 2013 04 20 22 40 31.448     2013 04 20 22 41  3.919      32.5
565
 2013 04 20 07 27  8.790     2013 04 20 07 27 14.742       6.0
 2013 04 20 20 54 25.001     2013 04 20 20 54 28.434       3.4
566
 2013 04 20 05 46 52.948     2013 04 20 05 50 34.933     222.0
 2013 04 20 19 23 48.684     2013 04 20 19 27  6.100     197.4
567
568
 2013 04 20 06 33  8.930     2013 04 20 06 36  1.820     172.9
 2013 04 20 20 11 20.808     2013 04 20 20 14  6.560     165.8
569
 2013 04 20 06 33 52.403     2013 04 20 06 34 29.509      37.1
 2013 04 20 20 11 17.699     2013 04 20 20 14 33.420     195.7
570
 2013 04 20 07 31 25.152     2013 04 20 07 34 32.020     186.9
571
 2013 04 20 02 58 47.834     2013 04 20 03 02  5.914     198.1
 2013 04 20 09 32 48.318     2013 04 20 09 36  6.379     198.1
572
 2013 04 20 10 53 11.575     2013 04 20 10 55 54.610     163.0
 2013 04 20 17 26 49.173     2013 04 20 17 29 45.791     176.6
573
 2013 04 20 10 45 45.076     2013 04 20 10 48 28.126     163.1
 2013 04 20 20 42 10.234     2013 04 20 20 42 18.707       8.5
574
 2013 04 20 13 11 11.413     2013 04 20 13 14 30.334     198.9
 2013 04 20 21 26 37.163     2013 04 20 21 30  1.537     204.4
575
 2013 04 20 00 20 48.334     2013 04 20 00 23 56.416     188.1
 2013 04 20 12 12 34.163     2013 04 20 12 16 14.799     220.6
576
 2013 04 20 13 59 37.247     2013 04 20 14 03 24.454     227.2
 2013 04 20 20 33 36.876     2013 04 20 20 37  7.786     210.9
577
 2013 04 20 13 40 40.944     2013 04 20 13 43 19.144     158.2
578
 2013 04 20 20 00 16.410     2013 04 20 20 03 50.407     214.0
579
 2013 04 20 12 21 12.566     2013 04 20 12 24 48.459     215.9
580
 2013 04 20 01 45   .564     2013 04 20 01 47 59.511     178.9
 2013 04 20 17 07 27.459     2013 04 20 17 10  5.685     158.2
581
 2013 04 20 07 21  5.207     2013 04 20 07 24 28.872     203.7
 2013 04 20 20 56 39.241     2013 04 20 20 59 15.014     155.8
582
 2013 04 20 10 27 43.273     2013 04 20 10 30 26.245     163.0
583
 2013 04 20 09 59   .621     2013 04 20 10 01 56.098     175.5
584
 2013 04 20 10 00  4.715     2013 04 20 10 03 47.884     223.2
 2013 04 20 18 15 36.471     2013 04 20 18 16 32.987      56.5
585
 2013 04 20 08 07 34.066     2013 04 20 08 10  7.368     153.3
 2013 04 20 21 45 16.553     2013 04 20 21 48 25.505     189.0
586
 2013 04 20 13 56 14.744     2013 04 20 13 56 35.978      21.2
 2013 04 20 22 14 56.781     2013 04 20 22 17 49.837     173.1
587
 2013 04 20 11 29  6.929     2013 04 20 11 32 13.832     186.9
 2013 04 20 21 32 18.482     2013 04 20 21 35 57.072     218.6
588
 2013 04 20 21 35 29.285     2013 04 20 21 38 47.295     198.0
589
 2013 04 20 11 20  3.170     2013 04 20 11 22 57.771     174.6
590
 2013 04 20 11 25 16.392     2013 04 20 11 27 59.754     163.4
 2013 04 20 23 11 29.529     2013 04 20 23 14 18.254     168.7
591
 2013 04 20 05 05 19.918     2013 04 20 05 08 19.760     179.8
 2013 04 20 16 53 56.869     2013 04 20 16 57 33.168     216.3
592
 2013 04 20 04 32 47.649     2013 04 20 04 33  3.676      16.0
 2013 04 20 06 10 32.652     2013 04 20 06 10 36.665       4.0
 2013 04 20 11 06 46.677     2013 04 20 11 10 12.440     205.8
593
594
 2013 04 20 07 40 50.414     2013 04 20 07 44 36.965     226.6
 2013 04 20 15 53 39.923     2013 04 20 15 57  9.547     209.6
595
 2013 04 20 04 55 56.109     2013 04 20 04 56 38.790      42.7
596
 2013 04 20 03 31 29.637     2013 04 20 03 34 23.722     174.1
 2013 04 20 15 19 36.966     2013 04 20 15 22 32.170     175.2
597
598
 2013 04 20 09 14  5.448     2013 04 20 09 17 35.628     210.2
 2013 04 20 17 31  9.361     2013 04 20 17 33 43.843     154.5
599
 2013 04 20 07 22  4.693     2013 04 20 07 24 44.141     159.4
 2013 04 20 20 57 27.490     2013 04 20 21 00 30.050     182.6
600
 2013 04 20 06 05 12.125     2013 04 20 06 08  3.811     171.7
 2013 04 20 14 20 35.366     2013 04 20 14 23 15.548     160.2
601
 2013 04 20 01 09  2.683     2013 04 20 01 11 37.832     155.1
 2013 04 20 12 59   .775     2013 04 20 13 02 15.743     195.0
602
 2013 04 20 11 40 56.502     2013 04 20 11 43 31.286     154.8
 2013 04 20 16 35 28.311     2013 04 20 16 36 17.583      49.3
 2013 04 20 18 13 27.387     2013 04 20 18 17  6.945     219.6
603
 2013 04 20 05 09 27.493     2013 04 20 05 12 47.841     200.3
604
605
 2013 04 20 03 01 29.902     2013 04 20 03 04  8.283     158.4
 2013 04 20 07 55 55.816     2013 04 20 07 59 26.589     210.8
 2013 04 20 09 33 31.833     2013 04 20 09 34 41.510      69.7
606
 2013 04 20 08 01 30.953     2013 04 20 08 01 47.903      17.0
 2013 04 20 23 25 54.395     2013 04 20 23 29  8.712     194.3
607
 2013 04 20 01 08 15.817     2013 04 20 01 10 49.040     153.2
608
 2013 04 20 17 46   .407     2013 04 20 17 49 13.248     192.8
609
 2013 04 20 11 25 33.123     2013 04 20 11 28  3.001     149.9
 2013 04 20 23 11 40.487     2013 04 20 23 14 57.209     196.7
610
 2013 04 20 03 23 18.044     2013 04 20 03 26  1.023     163.0
 2013 04 20 17 05 25.324     2013 04 20 17 06  2.922      37.6
611
612
 2013 04 20 05 15 50.995     2013 04 20 05 18 51.795     180.8
613
 2013 04 20 02 50 46.562     2013 04 20 02 53 24.409     157.8
 2013 04 20 12 52 13.528     2013 04 20 12 55  2.490     169.0
614
 2013 04 20 21 28 17.166     2013 04 20 21 31 26.657     189.5
615
616
617
 2013 04 20 16 50 51.318     2013 04 20 16 53 31.075     159.8
618
 2013 04 20 19 07 25.689     2013 04 20 19 10  2.525     156.8
619
 2013 04 20 17 03 40.837     2013 04 20 17 06 34.008     173.2
620
 2013 04 20 09 56 29.368     2013 04 20 09 59 28.891     179.5
 2013 04 20 19 57 30.602     2013 04 20 20 00  9.551     158.9
621
 2013 04 20 09 50 30.035     2013 04 20 09 53 31.931     181.9
 2013 04 20 21 37 59.687     2013 04 20 21 41 26.239     206.6
622
 2013 04 20 00 30   .998     2013 04 20 00 32 55.643     174.6
 2013 04 20 10 30 27.058     2013 04 20 10 33 15.753     168.7
623
 2013 04 20 09 18 22.976     2013 04 20 09 21 17.400     174.4
 2013 04 20 15 52 40.185     2013 04 20 15 55 21.992     161.8
624
 2013 04 20 10 00 30.782     2013 04 20 10 03  3.021     152.2
 2013 04 20 18 16 53.227     2013 04 20 18 20 38.074     224.8
625
 2013 04 20 08 21 40.910     2013 04 20 08 24 12.859     151.9
 2013 04 20 18 22 40.350     2013 04 20 18 25 23.696     163.3
626
 2013 04 20 04 07  1.729     2013 04 20 04 09 40.980     159.3
 2013 04 20 19 28 41.981     2013 04 20 19 31 15.834     153.9
627
 2013 04 20 16 12 21.120     2013 04 20 16 14 51.509     150.4
628
 2013 04 20 00 54 23.775     2013 04 20 00 57  9.752     166.0
 2013 04 20 17 57 51.398     2013 04 20 18 00 30.710     159.3
629
 2013 04 20 10 05  9.301     2013 04 20 10 08 46.447     217.1
 2013 04 20 11 42 59.398     2013 04 20 11 46 33.408     214.0
 2013 04 20 15 03 31.205     2013 04 20 15 03 35.506       4.3
 2013 04 20 16 38  3.061     2013 04 20 16 40 54.095     171.0
630
 2013 04 20 07 37 53.133     2013 04 20 07 41 36.781     223.6
 2013 04 20 15 59 24.695     2013 04 20 16 00 22.186      57.5
631
 2013 04 20 14 19 21.599     2013 04 20 14 21 55.203     153.6
632
 2013 04 20 13 14 33.860     2013 04 20 13 18 10.654     216.8
 2013 04 20 19 49 14.430     2013 04 20 19 52 15.889     181.5
633
 2013 04 20 05 47  9.001     2013 04 20 05 50 53.752     224.8
 2013 04 20 19 23 31.217     2013 04 20 19 27 12.727     221.5
634
 2013 04 20 08 02 34.606     2013 04 20 08 05 26.604     172.0
 2013 04 20 23 23 48.591     2013 04 20 23 26 58.139     189.5
635
 2013 04 20 05 39 44.739     2013 04 20 05 43 10.429     205.7
 2013 04 20 21 03 31.434     2013 04 20 21 03 49.910      18.5
636
 2013 04 20 04 53 22.559     2013 04 20 04 55 59.686     157.1
 2013 04 20 20 15  3.036     2013 04 20 20 18 39.738     216.7
637
 2013 04 20 08 27 51.942     2013 04 20 08 31  6.066     194.1
 2013 04 20 16 43  8.712     2013 04 20 16 46 35.042     206.3
638
 2013 04 20 05 47 35.234     2013 04 20 05 50 40.971     185.7
 2013 04 20 19 23  6.606     2013 04 20 19 26 39.777     213.2
639
 2013 04 20 08 08 42.287     2013 04 20 08 11 29.653     167.4
 2013 04 20 21 45 19.466     2013 04 20 21 48  1.904     162.4
640
 2013 04 20 14 49 40.634     2013 04 20 14 52 16.404     155.8
 2013 04 20 21 22 34.941     2013 04 20 21 25 56.637     201.7
641
 2013 04 20 07 27 18.761     2013 04 20 07 27 49.037      30.3
 2013 04 20 19 17 42.060     2013 04 20 19 20 30.191     168.1
642
 2013 04 20 12 26 32.710     2013 04 20 12 30 10.233     217.5
 2013 04 20 14 04 18.622     2013 04 20 14 08  5.600     227.0
 2013 04 20 18 59 52.141     2013 04 20 19 02 28.805     156.7
643
 2013 04 20 23 15 15.610     2013 04 20 23 18 27.565     192.0
644
 2013 04 20 09 39 30.175     2013 04 20 09 42  2.158     152.0
645
 2013 04 20 23 26 16.539     2013 04 20 23 29 43.112     206.6
646
 2013 04 20 06 32 57.415     2013 04 20 06 36 29.575     212.2
 2013 04 20 20 09 12.854     2013 04 20 20 12 42.442     209.6
647
 2013 04 20 02 49 18.748     2013 04 20 02 51 57.182     158.4
648
 2013 04 20 10 27 16.263     2013 04 20 10 30 15.648     179.4
649
 2013 04 20 16 56 34.187     2013 04 20 16 56 51.847      17.7
650
651
 2013 04 20 07 38 18.567     2013 04 20 07 38 34.369      15.8
 2013 04 20 17 33 35.939     2013 04 20 17 36 16.559     160.6
652
 2013 04 20 10 03   .461     2013 04 20 10 05 56.530     176.1
 2013 04 20 18 16 53.721     2013 04 20 18 16 58.876       5.2
653
 2013 04 20 09 47 44.140     2013 04 20 09 50 40.223     176.1
 2013 04 20 21 39  9.141     2013 04 20 21 39 55.760      46.6
654
 2013 04 20 09 51 13.232     2013 04 20 09 53 43.311     150.1
 2013 04 20 21 37   .398     2013 04 20 21 40 22.138     201.7
655
 2013 04 20 03 45 31.267     2013 04 20 03 48 45.421     194.2
 2013 04 20 10 23 26.299     2013 04 20 10 23 41.110      14.8
656
 2013 04 20 08 57 56.471     2013 04 20 09 00 57.470     181.0
657
 2013 04 20 13 11  2.064     2013 04 20 13 14  7.860     185.8
 2013 04 20 21 26 41.313     2013 04 20 21 29 43.283     182.0
658
 2013 04 20 11 18 24.619     2013 04 20 11 21 34.623     190.0
659
 2013 04 20 11 14  7.124     2013 04 20 11 17 22.647     195.5
660
661
 2013 04 20 00 34 51.861     2013 04 20 00 38  6.493     194.6
 2013 04 20 08 49 31.348     2013 04 20 08 52  6.692     155.3
662
 2013 04 20 14 47 29.912     2013 04 20 14 50 10.901     161.0
 2013 04 20 21 22 20.909     2013 04 20 21 26  1.935     221.0
663
 2013 04 20 11 31 13.379     2013 04 20 11 33 46.524     153.1
 2013 04 20 21 31  5.354     2013 04 20 21 33 39.107     153.8
664
 2013 04 20 09 55 33.913     2013 04 20 09 58 36.294     182.4
 2013 04 20 19 55 58.349     2013 04 20 19 59 28.827     210.5
665
 2013 04 20 05 44 25.431     2013 04 20 05 47 19.872     174.4
666
667
 2013 04 20 03 19 46.840     2013 04 20 03 19 57.064      10.2
 2013 04 20 18 39 47.259     2013 04 20 18 42 22.113     154.9
668
 2013 04 20 08 18 39.178     2013 04 20 08 18 49.233      10.1
669
670
671
 2013 04 20 12 22   .378     2013 04 20 12 22 11.679      11.3
 2013 04 20 20 40 34.423     2013 04 20 20 43 14.427     160.0
672
673
 2013 04 20 08 24 51.237     2013 04 20 08 27 35.705     164.5
674
 2013 04 20 04 27 21.534     2013 04 20 04 29 58.181     156.6
 2013 04 20 14 25  4.778     2013 04 20 14 28 29.005     204.2
675
 2013 04 20 10 49 35.768     2013 04 20 10 52 21.882     166.1
 2013 04 20 19 03 50.522     2013 04 20 19 06 40.829     170.3
676
 2013 04 20 06 03 23.586     2013 04 20 06 06 50.694     207.1
677
 2013 04 20 00 54 48.077     2013 04 20 00 57 30.510     162.4
 2013 04 20 17 57 51.496     2013 04 20 18 00 25.836     154.3
678
 2013 04 20 04 01 22.629     2013 04 20 04 04 10.840     168.2
 2013 04 20 22 43  6.965     2013 04 20 22 46   .889     173.9
679
 2013 04 20 22 33  6.854     2013 04 20 22 33 25.953      19.1
680
 2013 04 20 04 02 44.115     2013 04 20 04 05 20.022     155.9
 2013 04 20 21 05 54.938     2013 04 20 21 09 11.361     196.4
681
 2013 04 20 04 15  3.575     2013 04 20 04 17 45.023     161.4
682
 2013 04 20 09 18 34.473     2013 04 20 09 22 13.961     219.5
 2013 04 20 15 53  3.353     2013 04 20 15 56 15.323     192.0
683
 2013 04 20 11 57 48.456     2013 04 20 12 00 23.991     155.5
684
 2013 04 20 00 57  1.621     2013 04 20 01 00 28.164     206.5
 2013 04 20 16 20 28.354     2013 04 20 16 23 23.740     175.4
685
 2013 04 20 06 03 31.957     2013 04 20 06 06 35.191     183.2
686
 2013 04 20 05 20 24.222     2013 04 20 05 23   .052     155.8
687
 2013 04 20 13 57 26.450     2013 04 20 14 00 36.063     189.6
 2013 04 20 22 14 21.745     2013 04 20 22 16 54.337     152.6
688
 2013 04 20 06 57 58.248     2013 04 20 07 00 35.401     157.2
 2013 04 20 11 52 24.260     2013 04 20 11 55 30.418     186.2
689
 2013 04 20 03 49 14.815     2013 04 20 03 49 56.232      41.4
 2013 04 20 05 23 51.290     2013 04 20 05 25 21.789      90.5
 2013 04 20 10 19 48.824     2013 04 20 10 22 41.879     173.1
690
 2013 04 20 12 17 26.518     2013 04 20 12 17 59.360      32.8
 2013 04 20 22 19 58.289     2013 04 20 22 22 37.366     159.1
691
 2013 04 20 06 28  7.255     2013 04 20 06 31 16.468     189.2
 2013 04 20 21 50 58.883     2013 04 20 21 53 43.012     164.1
692
 2013 04 20 16 49 55.558     2013 04 20 16 50 30.390      34.8
693
 2013 04 20 02 03  9.464     2013 04 20 02 06 47.940     218.5
 2013 04 20 12 05 56.521     2013 04 20 12 08 30.480     154.0
694
 2013 04 20 08 58  3.041     2013 04 20 09 00 36.843     153.8
695
696
 2013 04 20 00 34 28.478     2013 04 20 00 37  3.923     155.4
 2013 04 20 08 50 43.837     2013 04 20 08 53 28.274     164.4
697
 2013 04 20 08 56 43.420     2013 04 20 08 59 35.584     172.2
 2013 04 20 22 31 48.745     2013 04 20 22 35 21.512     212.8
698
 2013 04 20 20 53 14.021     2013 04 20 20 56 49.635     215.6
699
700
 2013 04 20 05 12 57.675     2013 04 20 05 14 16.975      79.3
701
 2013 04 20 08 04 37.005     2013 04 20 08 08 18.778     221.8
702
 2013 04 20 01 17   .813     2013 04 20 01 19 49.081     168.3
 2013 04 20 11 16 48.268     2013 04 20 11 19 21.960     153.7
703
 2013 04 20 00 20 21.309     2013 04 20 00 23 45.882     204.6
704
 2013 04 20 03 32 19.429     2013 04 20 03 34 49.828     150.4
 2013 04 20 15 20 11.987     2013 04 20 15 22 48.529     156.5
705
 2013 04 20 10 36 15.572     2013 04 20 10 36 39.760      24.2
 2013 04 20 22 26 37.027     2013 04 20 22 29 27.207     170.2
706
 2013 04 20 12 18 13.639     2013 04 20 12 22   .476     226.8
 2013 04 20 22 17 10.830     2013 04 20 22 19 43.242     152.4
707
 2013 04 20 16 04  8.108     2013 04 20 16 05 20.133      72.0
708
 2013 04 20 04 34 20.983     2013 04 20 04 37  3.535     162.6
 2013 04 20 11 08 16.688     2013 04 20 11 10 53.670     157.0
709
 2013 04 20 19 54 42.537     2013 04 20 19 57 26.176     163.6
710
 2013 04 20 02 52 20.366     2013 04 20 02 55 42.912     202.5
 2013 04 20 12 50 12.976     2013 04 20 12 53  2.274     169.3
711
 2013 04 20 06 33  6.551     2013 04 20 06 35 47.538     161.0
 2013 04 20 20 10  2.848     2013 04 20 20 13 27.832     205.0
712
 2013 04 20 10 04 54.377     2013 04 20 10 07 56.729     182.4
 2013 04 20 16 38 31.247     2013 04 20 16 41  7.066     155.8
713
 2013 04 20 09 18 34.100     2013 04 20 09 21 11.268     157.2
 2013 04 20 15 51 52.432     2013 04 20 15 54 40.964     168.5
714
 2013 04 20 20 51 41.140     2013 04 20 20 55 11.444     210.3
715
 2013 04 20 21 33 10.867     2013 04 20 21 36 15.071     184.2
716
 2013 04 20 08 48 45.728     2013 04 20 08 51 54.417     188.7
717
718
 2013 04 20 08 24 57.220     2013 04 20 08 27 34.308     157.1
719
 2013 04 20 05 04 53.355     2013 04 20 05 07 30.599     157.2
 2013 04 20 16 58 13.201     2013 04 20 16 58 29.979      16.8
720
 2013 04 20 11 32 44.287     2013 04 20 11 36  4.559     200.3
721
 2013 04 20 00 10 21.690     2013 04 20 00 13 28.754     187.1
 2013 04 20 15 33  6.106     2013 04 20 15 35 47.074     161.0
722
 2013 04 20 12 08 37.592     2013 04 20 12 11 11.645     154.1
723
 2013 04 20 04 12 49.434     2013 04 20 04 13 23.690      34.3
724
 2013 04 20 16 45 28.857     2013 04 20 16 48  9.509     160.7
725
 2013 04 20 02 12 15.713     2013 04 20 02 15  6.293     170.6
 2013 04 20 08 46 12.621     2013 04 20 08 49  1.209     168.6
726
 2013 04 20 07 37 45.045     2013 04 20 07 40 39.927     174.9
727
 2013 04 20 09 40 15.891     2013 04 20 09 40 55.730      39.8
 2013 04 20 23 20 59.827     2013 04 20 23 21 54.336      54.5
728
 2013 04 20 17 28  4.593     2013 04 20 17 30 58.000     173.4
729
 2013 04 20 11 24 49.557     2013 04 20 11 27 19.690     150.1
 2013 04 20 23 12 15.130     2013 04 20 23 14 53.097     158.0
730
731
 2013 04 20 06 32 34.934     2013 04 20 06 32 59.194      24.3
 2013 04 20 20 12 11.040     2013 04 20 20 14 46.387     155.3
732
733
 2013 04 20 15 17 50.096     2013 04 20 15 20 47.505     177.4
734
 2013 04 20 14 00 29.531     2013 04 20 14 03 33.236     183.7
 2013 04 20 20 34 28.166     2013 04 20 20 37 24.715     176.5
735
736
 2013 04 20 01 19 38.566     2013 04 20 01 23  8.461     209.9
737
 2013 04 20 06 43 46.485     2013 04 20 06 46 57.291     190.8
738
 2013 04 20 13 41 43.639     2013 04 20 13 43 39.095     115.5
739
 2013 04 20 05 46 53.488     2013 04 20 05 49 27.615     154.1
 2013 04 20 19 23 11.063     2013 04 20 19 25 41.981     150.9
740
 2013 04 20 12 25 20.585     2013 04 20 12 28 22.915     182.3
741
 2013 04 20 09 10 54.388     2013 04 20 09 14  9.816     195.4
 2013 04 20 19 07 30.644     2013 04 20 19 11  6.799     216.2
742
 2013 04 20 02 08  6.359     2013 04 20 02 10 40.349     154.0
 2013 04 20 10 24 21.278     2013 04 20 10 24 40.132      18.9
743
 2013 04 20 03 19 32.342     2013 04 20 03 22 56.631     204.3
 2013 04 20 18 42 13.055     2013 04 20 18 44 48.490     155.4
744
 2013 04 20 14 01 43.505     2013 04 20 14 04 24.154     160.6
 2013 04 20 20 35 10.485     2013 04 20 20 37 50.488     160.0
745
 2013 04 20 06 47 25.883     2013 04 20 06 49 58.936     153.1
 2013 04 20 16 48 13.743     2013 04 20 16 50 49.726     156.0
746
 2013 04 20 13 40 31.848     2013 04 20 13 43 23.873     172.0
747
 2013 04 20 01 42 23.054     2013 04 20 01 45 29.476     186.4
 2013 04 20 18 45 29.117     2013 04 20 18 48 20.146     171.0
748
 2013 04 20 03 31  7.473     2013 04 20 03 31 43.926      36.5
 2013 04 20 15 18 55.552     2013 04 20 15 22  9.524     194.0
749
 2013 04 20 16 59 32.942     2013 04 20 17 02  6.281     153.3
750
 2013 04 20 09 09 40.028     2013 04 20 09 13  5.170     205.1
 2013 04 20 19 08 23.967     2013 04 20 19 10 56.161     152.2
751
 2013 04 20 05 18 52.698     2013 04 20 05 20 28.818      96.1
 2013 04 20 13 34 19.391     2013 04 20 13 35 35.131      75.7
752
753
754
 2013 04 20 13 39 56.121     2013 04 20 13 40 17.787      21.7
755
 2013 04 20 19 20  6.651     2013 04 20 19 22 37.635     151.0
756
 2013 04 20 03 24 11.795     2013 04 20 03 27 43.609     211.8
 2013 04 20 17 02 51.621     2013 04 20 17 05 25.576     154.0
757
 2013 04 20 05 07  3.635     2013 04 20 05 07  4.538        .9
 2013 04 20 16 52 55.210     2013 04 20 16 55 32.749     157.5
758
 2013 04 20 13 40 58.174     2013 04 20 13 41 17.955      19.8
759
 2013 04 20 11 21 35.306     2013 04 20 11 22 19.734      44.4
760
 2013 04 20 14 27 42.639     2013 04 20 14 28 54.618      72.0
761
 2013 04 20 03 44 12.610     2013 04 20 03 47 13.078     180.5
 2013 04 20 11 58 31.336     2013 04 20 12 01 14.443     163.1
762
 2013 04 20 08 24 47.560     2013 04 20 08 27 36.263     168.7
763
 2013 04 20 21 45 44.138     2013 04 20 21 49 29.905     225.8
764
 2013 04 20 11 41 50.918     2013 04 20 11 44 27.128     156.2
 2013 04 20 16 36 29.602     2013 04 20 16 39 19.670     170.1
765
 2013 04 20 15 24 24.831     2013 04 20 15 27 36.084     191.3
766
767
 2013 04 20 12 54 46.231     2013 04 20 12 55 54.681      68.5
768
 2013 04 20 09 11 35.580     2013 04 20 09 14 11.235     155.7
769
 2013 04 20 01 44 33.398     2013 04 20 01 48 18.396     225.0
 2013 04 20 17 08  1.284     2013 04 20 17 10 38.799     157.5
770
 2013 04 20 13 09 56.780     2013 04 20 13 12 29.284     152.5
 2013 04 20 21 26 10.957     2013 04 20 21 29 12.835     181.9
771
772
 2013 04 20 05 06   .821     2013 04 20 05 08 49.700     168.9
 2013 04 20 16 54 10.737     2013 04 20 16 57  2.878     172.1
773
 2013 04 20 10 03  6.582     2013 04 20 10 05 42.440     155.9
 2013 04 20 18 16 12.337     2013 04 20 18 20  1.500     229.2
774
 2013 04 20 05 53 47.311     2013 04 20 05 56 53.879     186.6
 2013 04 20 17 41  2.988     2013 04 20 17 43 34.139     151.2
775
 2013 04 20 03 44 20.825     2013 04 20 03 47 35.379     194.6
 2013 04 20 11 58 12.146     2013 04 20 12 01  6.053     173.9
776
 2013 04 20 03 47 23.648     2013 04 20 03 49 57.978     154.3
 2013 04 20 10 21 29.872     2013 04 20 10 24  5.591     155.7
777
 2013 04 20 09 15 51.345     2013 04 20 09 18 54.416     183.1
778
 2013 04 20 02 08 31.122     2013 04 20 02 11  5.316     154.2
 2013 04 20 10 25   .482     2013 04 20 10 28 11.571     191.1
779
 2013 04 20 00 31  6.468     2013 04 20 00 33 41.521     155.1
 2013 04 20 10 29 16.344     2013 04 20 10 32 54.294     217.9
780
 2013 04 20 04 19  2.419     2013 04 20 04 21 36.224     153.8
 2013 04 20 16 07 43.041     2013 04 20 16 10 14.082     151.0
781
 2013 04 20 10 26 27.114     2013 04 20 10 29 37.937     190.8
782
 2013 04 20 04 23 10.400     2013 04 20 04 25 43.903     153.5
783
 2013 04 20 04 56 46.844     2013 04 20 04 59 21.657     154.8
784
 2013 04 20 02 32 50.377     2013 04 20 02 35 25.743     155.4
 2013 04 20 17 53 49.854     2013 04 20 17 56 22.424     152.6
785
 2013 04 20 19 06 42.171     2013 04 20 19 09 16.793     154.6
786
787
 2013 04 20 12 29 20.751     2013 04 20 12 32 35.097     194.3
 2013 04 20 17 24 42.049     2013 04 20 17 27 22.860     160.8
788
 2013 04 20 11 36 18.261     2013 04 20 11 38 51.581     153.3
 2013 04 20 19 51 50.795     2013 04 20 19 54 25.989     155.2
789
 2013 04 20 10 23 16.233     2013 04 20 10 25 54.204     158.0
790
791
 2013 04 20 01 59 33.136     2013 04 20 02 02  3.188     150.1
 2013 04 20 13 43 55.015     2013 04 20 13 43 56.107       1.1
792
 2013 04 20 06 47 23.988     2013 04 20 06 50  1.067     157.1
 2013 04 20 16 47 38.367     2013 04 20 16 50 21.951     163.6
793
 2013 04 20 15 24  6.322     2013 04 20 15 26 59.829     173.5
794
 2013 04 20 04 34  7.954     2013 04 20 04 37  8.790     180.8
 2013 04 20 11 09 15.107     2013 04 20 11 11 58.801     163.7
795
 2013 04 20 13 56 35.066     2013 04 20 14 00 11.296     216.2
 2013 04 20 22 14 37.659     2013 04 20 22 17 29.755     172.1
796
 2013 04 20 02 31 25.346     2013 04 20 02 34 56.357     211.0
 2013 04 20 17 54 58.949     2013 04 20 17 57 55.851     176.9
797
798
 2013 04 20 19 58  5.722     2013 04 20 20 01 26.607     200.9
799
 2013 04 20 03 27 10.610     2013 04 20 03 29 41.578     151.0
800
801
 2013 04 20 01 13 33.464     2013 04 20 01 16  7.855     154.4
802
 2013 04 20 02 51 18.164     2013 04 20 02 54  2.587     164.4
 2013 04 20 12 52 18.194     2013 04 20 12 54 48.953     150.8
803
 2013 04 20 11 32 45.987     2013 04 20 11 35 32.285     166.3
 2013 04 20 21 29 29.097     2013 04 20 21 31 25.835     116.7
804
 2013 04 20 01 43 53.806     2013 04 20 01 47 30.254     216.4
 2013 04 20 17 08  7.277     2013 04 20 17 09  1.627      54.4
805
806
 2013 04 20 04 12 24.192     2013 04 20 04 12 59.208      35.0
807
808
809
810
811
 2013 04 20 12 25 18.178     2013 04 20 12 28 10.454     172.3
812
 2013 04 20 04 10 51.491     2013 04 20 04 14 36.709     225.2
 2013 04 20 17 50 20.073     2013 04 20 17 52 57.854     157.8
813
814
 2013 04 20 04 06 58.302     2013 04 20 04 10 19.777     201.5
 2013 04 20 19 27 23.925     2013 04 20 19 29 56.698     152.8
815
 2013 04 20 13 40 28.767     2013 04 20 13 43 10.993     162.2
816
 2013 04 20 05 51 30.950     2013 04 20 05 54 23.544     172.6
817
 2013 04 20 13 00 41.959     2013 04 20 13 03 31.435     169.5
818
 2013 04 20 10 35 33.638     2013 04 20 10 38  7.043     153.4
 2013 04 20 22 25 37.312     2013 04 20 22 26  4.736      27.4
819
820
 2013 04 20 05 05   .289     2013 04 20 05 07 36.227     155.9
 2013 04 20 16 55 19.605     2013 04 20 16 58 45.207     205.6
821
822
823
824
825
 2013 04 20 02 00 35.576     2013 04 20 02 03 39.315     183.7
826
 2013 04 20 16 17 31.127     2013 04 20 16 20  2.994     151.9
827
 2013 04 20 06 25  8.968     2013 04 20 06 28 22.851     193.9
 2013 04 20 23 27 15.490     2013 04 20 23 29 52.411     156.9
828
 2013 04 20 21 34 41.557     2013 04 20 21 38 10.659     209.1
829
 2013 04 20 05 40 12.814     2013 04 20 05 43 27.196     194.4
 2013 04 20 21 01 32.251     2013 04 20 21 01 38.048       5.8
830
 2013 04 20 01 44 57.210     2013 04 20 01 47 48.328     171.1
 2013 04 20 17 07 19.119     2013 04 20 17 10  2.003     162.9
831
 2013 04 20 07 44 20.700     2013 04 20 07 47  5.188     164.5
 2013 04 20 12 42 36.585     2013 04 20 12 42 45.304       8.7
 2013 04 20 14 17  1.635     2013 04 20 14 20 12.285     190.7
832
 2013 04 20 07 34 19.787     2013 04 20 07 35 30.878      71.1
 2013 04 20 17 36 20.776     2013 04 20 17 39  6.944     166.2
833
 2013 04 20 14 43 24.511     2013 04 20 14 46 57.693     213.2
 2013 04 20 23 02 32.394     2013 04 20 23 03  5.344      32.9
834
 2013 04 20 15 33 51.168     2013 04 20 15 36 26.858     155.7
835
 2013 04 20 05 42 51.315     2013 04 20 05 45 56.781     185.5
 2013 04 20 21 02 35.077     2013 04 20 21 02 42.955       7.9
836
837
 2013 04 20 01 54 26.511     2013 04 20 01 57  1.715     155.2
838
 2013 04 20 13 59 31.371     2013 04 20 14 02 45.304     193.9
839
 2013 04 20 05 09  5.899     2013 04 20 05 11 41.450     155.6
840
 2013 04 20 14 01 17.307     2013 04 20 14 03 53.816     156.5
 2013 04 20 20 35 19.336     2013 04 20 20 37 54.946     155.6
841
 2013 04 20 14 41 54.493     2013 04 20 14 44 50.249     175.8
842
 2013 04 20 13 15 12.144     2013 04 20 13 18 15.417     183.3
 2013 04 20 19 48 37.208     2013 04 20 19 52 11.755     214.5
843
 2013 04 20 06 56 29.827     2013 04 20 06 56 37.363       7.5
 2013 04 20 13 31 40.602     2013 04 20 13 34 43.166     182.6
844
 2013 04 20 01 57 47.642     2013 04 20 02 00 38.604     171.0
 2013 04 20 13 46  2.339     2013 04 20 13 48 54.282     171.9
845
 2013 04 20 02 09 11.961     2013 04 20 02 11 45.348     153.4
 2013 04 20 10 25  6.420     2013 04 20 10 27 43.669     157.2
846
 2013 04 20 07 34  3.591     2013 04 20 07 34 27.649      24.1
847
848
 2013 04 20 11 28 10.843     2013 04 20 11 28 49.194      38.4
 2013 04 20 23 10 38.895     2013 04 20 23 13 16.532     157.6
849
 2013 04 20 00 19 12.093     2013 04 20 00 19 28.562      16.5
850
 2013 04 20 23 21 43.565     2013 04 20 23 25 30.203     226.6
851
 2013 04 20 01 03 25.965     2013 04 20 01 06  4.280     158.3
 2013 04 20 14 40  8.624     2013 04 20 14 42 39.924     151.3
852
853
 2013 04 20 13 11 16.734     2013 04 20 13 13 59.803     163.1
 2013 04 20 21 25 31.509     2013 04 20 21 28 23.113     171.6
854
 2013 04 20 20 54 15.330     2013 04 20 20 56 47.340     152.0
855
 2013 04 20 16 45 20.073     2013 04 20 16 48 38.421     198.3
856
 2013 04 20 05 06 54.259     2013 04 20 05 10 30.051     215.8
 2013 04 20 16 53  8.716     2013 04 20 16 55 42.913     154.2
857
 2013 04 20 15 14 56.838     2013 04 20 15 17 59.476     182.6
858
 2013 04 20 03 30 49.750     2013 04 20 03 33 50.471     180.7
 2013 04 20 15 21 23.032     2013 04 20 15 24  5.830     162.8
859
 2013 04 20 00 06 43.309     2013 04 20 00 09 55.235     191.9
 2013 04 20 17 10 55.039     2013 04 20 17 13 50.623     175.6
 2013 04 20 22 09 16.493     2013 04 20 22 09 19.055       2.6
860
861
 2013 04 20 09 17 56.852     2013 04 20 09 20 45.320     168.5
 2013 04 20 15 52 33.879     2013 04 20 15 55  8.150     154.3
862
 2013 04 20 04 29 21.126     2013 04 20 04 31 55.965     154.8
863
 2013 04 20 03 15 44.183     2013 04 20 03 18 25.015     160.8
 2013 04 20 20 18 35.914     2013 04 20 20 21 33.794     177.9
864
865
 2013 04 20 13 56 18.194     2013 04 20 13 59 55.316     217.1
 2013 04 20 22 14 32.042     2013 04 20 22 17 42.685     190.6
866
 2013 04 20 13 48 52.218     2013 04 20 13 51 43.053     170.8
867
 2013 04 20 05 54 40.337     2013 04 20 05 58 23.688     223.4
 2013 04 20 17 39 54.946     2013 04 20 17 42 44.270     169.3
868
 2013 04 20 01 05   .157     2013 04 20 01 07 53.794     173.6
 2013 04 20 14 38  2.489     2013 04 20 14 41 37.721     215.2
869
 2013 04 20 11 26 31.013     2013 04 20 11 29  2.498     151.5
870
 2013 04 20 05 06 30.820     2013 04 20 05 09 31.642     180.8
 2013 04 20 16 55 11.303     2013 04 20 16 58  1.132     169.8
871
 2013 04 20 04 50 13.135     2013 04 20 04 53 10.025     176.9
 2013 04 20 21 52 51.811     2013 04 20 21 55 39.197     167.4
872
 2013 04 20 04 09 55.929     2013 04 20 04 10 35.515      39.6
 2013 04 20 17 50 29.329     2013 04 20 17 53 46.104     196.8
873
874
 2013 04 20 07 45 14.367     2013 04 20 07 49   .602     226.2
 2013 04 20 12 41  7.653     2013 04 20 12 44 22.653     195.0
875
 2013 04 20 05 09 19.470     2013 04 20 05 09 32.819      13.3
876
 2013 04 20 03 30 53.330     2013 04 20 03 33 23.204     149.9
 2013 04 20 15 20 31.269     2013 04 20 15 23 48.111     196.8
877
 2013 04 20 16 22 33.882     2013 04 20 16 25 26.838     173.0
 2013 04 20 22 57 33.590     2013 04 20 23 00 23.067     169.5
878
 2013 04 20 19 52 55.805     2013 04 20 19 56 15.412     199.6
879
 2013 04 20 18 23 53.956     2013 04 20 18 27 20.591     206.6
880
 2013 04 20 03 41  2.066     2013 04 20 03 44  6.011     183.9
881
 2013 04 20 02 42 45.589     2013 04 20 02 42 49.282       3.7
 2013 04 20 14 35  2.776     2013 04 20 14 37 35.812     153.0
882
 2013 04 20 00 25 57.621     2013 04 20 00 27  1.614      64.0
883
 2013 04 20 06 36 39.937     2013 04 20 06 39 21.424     161.5
884
 2013 04 20 03 12 59.264     2013 04 20 03 16 49.372     230.1
 2013 04 20 04 50 46.706     2013 04 20 04 51 43.560      56.9
 2013 04 20 21 55   .703     2013 04 20 21 57 42.567     161.9
885
 2013 04 20 05 02  8.081     2013 04 20 05 04 57.086     169.0
886
 2013 04 20 15 34 31.477     2013 04 20 15 37  9.474     158.0
 2013 04 20 22 12 58.501     2013 04 20 22 13 18.472      20.0
887
 2013 04 20 02 58 18.723     2013 04 20 03 01  7.704     169.0
888
 2013 04 20 12 24 15.139     2013 04 20 12 24 32.242      17.1
 2013 04 20 20 36 54.205     2013 04 20 20 40 30.203     216.0
889
 2013 04 20 03 35 13.743     2013 04 20 03 36 30.018      76.3
890
 2013 04 20 04 32 18.841     2013 04 20 04 35 11.127     172.3
 2013 04 20 12 46 20.922     2013 04 20 12 47  8.071      47.1
891
 2013 04 20 02 52 47.148     2013 04 20 02 55 26.935     159.8
 2013 04 20 12 51  2.938     2013 04 20 12 54 40.438     217.5
892
 2013 04 20 21 51 25.491     2013 04 20 21 54 53.753     208.3
893
 2013 04 20 09 09 54.604     2013 04 20 09 12 28.535     153.9
 2013 04 20 19 09 23.539     2013 04 20 19 12  2.193     158.7
894
 2013 04 20 12 07 26.013     2013 04 20 12 10 42.224     196.2
895
 2013 04 20 02 33 31.464     2013 04 20 02 36 25.513     174.0
 2013 04 20 17 52 55.501     2013 04 20 17 55 55.348     179.8
896
 2013 04 20 01 39 55.018     2013 04 20 01 42 32.473     157.5
 2013 04 20 20 21 42.667     2013 04 20 20 24 37.546     174.9
897
 2013 04 20 01 17 48.899     2013 04 20 01 21 14.816     205.9
 2013 04 20 11 15 44.688     2013 04 20 11 18 31.570     166.9
898
 2013 04 20 23 20 19.537     2013 04 20 23 23 38.453     198.9
899
 2013 04 20 15 21 41.252     2013 04 20 15 23  6.718      85.5
900
 2013 04 20 05 55 32.286     2013 04 20 05 56  8.763      36.5
 2013 04 20 17 43 55.702     2013 04 20 17 44 20.009      24.3
901
 2013 04 20 05 42 59.031     2013 04 20 05 45 35.376     156.3
 2013 04 20 21 01 53.610     2013 04 20 21 05 31.301     217.7
902
903
 2013 04 20 08 57 54.038     2013 04 20 09 01 35.665     221.6
904
 2013 04 20 07 28  9.736     2013 04 20 07 30 42.914     153.2
 2013 04 20 19 16 25.914     2013 04 20 19 18 56.009     150.1
905
 2013 04 20 08 29 43.284     2013 04 20 08 30  3.256      20.0
 2013 04 20 15 06  2.629     2013 04 20 15 08 53.221     170.6
906
907
 2013 04 20 00 53 47.081     2013 04 20 00 56 42.513     175.4
 2013 04 20 17 57 42.206     2013 04 20 18 00 53.354     191.1
 2013 04 20 19 35 10.882     2013 04 20 19 35 34.769      23.9
908
 2013 04 20 07 39 26.573     2013 04 20 07 42 55.884     209.3
 2013 04 20 15 56 43.952     2013 04 20 15 59 16.257     152.3
909
 2013 04 20 02 27   .932     2013 04 20 02 29 37.056     156.1
 2013 04 20 21 09  6.289     2013 04 20 21 11 50.646     164.4
910
 2013 04 20 09 43 27.876     2013 04 20 09 46  4.287     156.4
 2013 04 20 23 19 27.035     2013 04 20 23 22 13.094     166.1
911
 2013 04 20 16 57 28.304     2013 04 20 16 58 31.131      62.8
912
913
 2013 04 20 07 45 31.930     2013 04 20 07 48 14.685     162.8
 2013 04 20 12 40 21.966     2013 04 20 12 43 23.557     181.6
914
 2013 04 20 08 56 24.097     2013 04 20 08 59  1.720     157.6
 2013 04 20 22 32  1.552     2013 04 20 22 34 53.116     171.6
915
 2013 04 20 09 02 42.059     2013 04 20 09 05 25.217     163.2
 2013 04 20 20 51 12.974     2013 04 20 20 53 47.638     154.7
916
 2013 04 20 05 40  8.153     2013 04 20 05 42 50.925     162.8
 2013 04 20 21 06 17.797     2013 04 20 21 06 47.470      29.7
917
 2013 04 20 08 55  3.444     2013 04 20 08 55 49.197      45.8
 2013 04 20 22 33 25.658     2013 04 20 22 36 10.956     165.3
918
 2013 04 20 09 01  9.559     2013 04 20 09 03 42.946     153.4
 2013 04 20 20 51  9.670     2013 04 20 20 54 46.671     217.0
919
920
 2013 04 20 04 32 22.654     2013 04 20 04 36 10.754     228.1
921
 2013 04 20 09 14 26.339     2013 04 20 09 17  4.098     157.8
 2013 04 20 17 29 52.701     2013 04 20 17 32 26.330     153.6
922
923
924
925
 2013 04 20 05 07 59.377     2013 04 20 05 10 29.384     150.0
 2013 04 20 16 53 25.803     2013 04 20 16 56 59.503     213.7
926
927
 2013 04 20 01 40   .473     2013 04 20 01 43 25.416     204.9
 2013 04 20 18 46 43.693     2013 04 20 18 46 54.940      11.2
 2013 04 20 20 20 39.813     2013 04 20 20 21 15.502      35.7
928
929
 2013 04 20 02 54  7.922     2013 04 20 02 57 19.617     191.7
930
931
 2013 04 20 17 50 38.411     2013 04 20 17 54 18.648     220.2
932
933
 2013 04 20 13 00 46.415     2013 04 20 13 01 51.664      65.2
934
 2013 04 20 07 21  6.470     2013 04 20 07 21 12.380       5.9
 2013 04 20 22 34 54.491     2013 04 20 22 38 38.370     223.9
935
 2013 04 20 07 42 26.960     2013 04 20 07 45 32.482     185.5
 2013 04 20 14 16 28.162     2013 04 20 14 19 35.871     187.7
936
937
 2013 04 20 06 27 32.111     2013 04 20 06 30  7.339     155.2
 2013 04 20 21 52 57.714     2013 04 20 21 53 50.333      52.6
938
 2013 04 20 03 17 51.703     2013 04 20 03 20 35.765     164.1
939
 2013 04 20 14 27 46.649     2013 04 20 14 30 38.891     172.2
940
941
 2013 04 20 04 54 55.784     2013 04 20 04 57 28.980     153.2
 2013 04 20 20 15 36.424     2013 04 20 20 18 19.651     163.2
942
 2013 04 20 03 38 58.820     2013 04 20 03 39  4.984       6.2
 2013 04 20 13 37 24.845     2013 04 20 13 40   .079     155.2
943
 2013 04 20 00 30  5.181     2013 04 20 00 32 42.977     157.8
 2013 04 20 10 29 36.935     2013 04 20 10 32 10.966     154.0
944
 2013 04 20 11 37 47.506     2013 04 20 11 41 16.068     208.6
 2013 04 20 18 11 47.657     2013 04 20 18 11 57.340       9.7
945
946
 2013 04 20 06 05 18.624     2013 04 20 06 08 40.556     201.9
 2013 04 20 14 22  6.114     2013 04 20 14 24 42.184     156.1
947
 2013 04 20 04 55 58.588     2013 04 20 04 59 13.375     194.8
948
 2013 04 20 09 52  2.327     2013 04 20 09 54 53.769     171.4
949
 2013 04 20 02 04 42.364     2013 04 20 02 07 42.581     180.2
 2013 04 20 12 04 44.459     2013 04 20 12 07 50.378     185.9
950
 2013 04 20 15 35  8.304     2013 04 20 15 38 59.292     231.0
 2013 04 20 22 11  8.527     2013 04 20 22 13 48.362     159.8
951
 2013 04 20 02 35 59.638     2013 04 20 02 39   .281     180.6
 2013 04 20 16 15  9.165     2013 04 20 16 18 49.809     220.6
952
 2013 04 20 00 27  4.653     2013 04 20 00 29 38.588     153.9
953
 2013 04 20 10 00 22.580     2013 04 20 10 03  6.117     163.5
 2013 04 20 18 16 22.926     2013 04 20 18 16 24.439       1.5
954
 2013 04 20 20 13  4.757     2013 04 20 20 15 39.065     154.3
955
 2013 04 20 04 59 53.800     2013 04 20 05 03  3.293     189.5
 2013 04 20 18 36 22.893     2013 04 20 18 39 28.969     186.1
956
 2013 04 20 11 41  2.574     2013 04 20 11 43 38.719     156.1
 2013 04 20 16 35 28.293     2013 04 20 16 39  1.229     212.9
 2013 04 20 18 13  5.398     2013 04 20 18 14 27.008      81.6
957
 2013 04 20 03 44  2.071     2013 04 20 03 46 35.822     153.8
 2013 04 20 11 59 31.858     2013 04 20 12 02  8.075     156.2
958
959
960
 2013 04 20 04 52 21.991     2013 04 20 04 55  8.951     167.0
961
 2013 04 20 09 49 30.855     2013 04 20 09 52 59.209     208.4
 2013 04 20 21 36 55.990     2013 04 20 21 39 42.419     166.4
962
 2013 04 20 01 49  7.385     2013 04 20 01 52 39.186     211.8
 2013 04 20 15 29 27.692     2013 04 20 15 29 48.189      20.5
963
 2013 04 20 12 27 56.263     2013 04 20 12 30 55.246     179.0
 2013 04 20 14 05 23.062     2013 04 20 14 06 33.922      70.9
 2013 04 20 17 22 16.875     2013 04 20 17 25 43.498     206.6
 2013 04 20 18 59 56.846     2013 04 20 19 03 37.910     221.1
964
 2013 04 20 10 36 28.452     2013 04 20 10 39 17.393     168.9
 2013 04 20 22 24 54.465     2013 04 20 22 27 50.745     176.3
965
 2013 04 20 10 42 26.145     2013 04 20 10 46 11.643     225.5
 2013 04 20 20 45 39.233     2013 04 20 20 48 13.999     154.8
966
 2013 04 20 22 39   .953     2013 04 20 22 42 13.343     192.4
967
 2013 04 20 13 47 53.300     2013 04 20 13 50 33.126     159.8
968
 2013 04 20 06 30 51.962     2013 04 20 06 34 30.522     218.6
969
 2013 04 20 06 53 24.244     2013 04 20 06 55 58.063     153.8
 2013 04 20 15 08 14.757     2013 04 20 15 11  7.274     172.5
970
 2013 04 20 10 49  2.206     2013 04 20 10 52 29.625     207.4
 2013 04 20 19 05 21.126     2013 04 20 19 08 14.499     173.4
971
 2013 04 20 02 32 11.476     2013 04 20 02 33 14.455      63.0
 2013 04 20 17 55 12.985     2013 04 20 17 57 51.472     158.5
972
 2013 04 20 05 57  4.741     2013 04 20 06 00 17.109     192.4
973
 2013 04 20 09 39 20.137     2013 04 20 09 42 38.449     198.3
974
 2013 04 20 00 28  6.500     2013 04 20 00 30 44.767     158.3
975
 2013 04 20 02 10 38.514     2013 04 20 02 13 49.905     191.4
 2013 04 20 10 23  9.611     2013 04 20 10 24 36.657      87.0
976
 2013 04 20 11 36 52.880     2013 04 20 11 39 35.062     162.2
 2013 04 20 19 51 47.119     2013 04 20 19 54 52.243     185.1
977
 2013 04 20 05 13 42.123     2013 04 20 05 17 17.156     215.0
 2013 04 20 15 11 53.965     2013 04 20 15 14 33.891     159.9
978
 2013 04 20 01 57 52.060     2013 04 20 02 01 28.918     216.9
 2013 04 20 13 45 54.529     2013 04 20 13 49 38.818     224.3
979
 2013 04 20 21 46 45.856     2013 04 20 21 46 48.967       3.1
980
981
 2013 04 20 03 45 35.200     2013 04 20 03 48 26.228     171.0
982
 2013 04 20 02 01 33.050     2013 04 20 02 04 41.251     188.2
983
 2013 04 20 08 55 26.715     2013 04 20 08 58 17.430     170.7
 2013 04 20 22 31 39.458     2013 04 20 22 34 21.245     161.8
984
985
 2013 04 20 11 19 31.563     2013 04 20 11 22 22.233     170.7
986
987
988
 2013 04 20 04 19 36.968     2013 04 20 04 23  3.301     206.3
 2013 04 20 16 06  8.425     2013 04 20 16 08 38.955     150.5
989
 2013 04 20 20 13  7.063     2013 04 20 20 15 59.595     172.5
990
 2013 04 20 01 41 17.162     2013 04 20 01 41 20.640       3.5
 2013 04 20 03 15 39.621     2013 04 20 03 18 44.939     185.3
 2013 04 20 20 19 44.042     2013 04 20 20 22 42.222     178.2
991
 2013 04 20 04 12 44.873     2013 04 20 04 15 19.323     154.5
 2013 04 20 17 48 43.325     2013 04 20 17 51 19.686     156.4
992
 2013 04 20 02 56 28.355     2013 04 20 02 59  3.931     155.6
 2013 04 20 11 12 21.772     2013 04 20 11 14 56.168     154.4
993
 2013 04 20 06 38  6.436     2013 04 20 06 39   .113      53.7
 2013 04 20 18 31  2.258     2013 04 20 18 34 35.876     213.6
994
 2013 04 20 10 03 50.900     2013 04 20 10 07 37.759     226.9
 2013 04 20 11 41 33.809     2013 04 20 11 41 48.512      14.7
 2013 04 20 16 37 43.682     2013 04 20 16 40 42.500     178.8
995
 2013 04 20 13 36 42.370     2013 04 20 13 39 16.745     154.4
996
 2013 04 20 23 02 59.656     2013 04 20 23 05 44.601     164.9
997
 2013 04 20 09 59 24.617     2013 04 20 10 02  9.461     164.8
998
 2013 04 20 05 59  3.925     2013 04 20 06 02  2.308     178.4
 2013 04 20 16 01 37.128     2013 04 20 16 04 42.015     184.9
999
 2013 04 20 15 15 32.803     2013 04 20 15 18  9.551     156.7
1000
 2013 04 20 08 57 12.050     2013 04 20 08 59 48.919     156.9
 2013 04 20 22 30 53.837     2013 04 20 22 34 22.017     208.2
1001
1002
 2013 04 20 01 50 35.877     2013 04 20 01 53 47.529     191.7
 2013 04 20 15 26  7.474     2013 04 20 15 28 44.207     156.7
1003
 2013 04 20 00 18 29.391     2013 04 20 00 21  5.083     155.7
1004
 2013 04 20 08 53  8.024     2013 04 20 08 55 45.912     157.9
1005
 2013 04 20 00 41 33.817     2013 04 20 00 44 58.178     204.4
 2013 04 20 05 36 38.936     2013 04 20 05 39 21.824     162.9
 2013 04 20 22 44 18.851     2013 04 20 22 44 25.733       6.9
1006
 2013 04 20 03 27  6.329     2013 04 20 03 29 40.235     153.9
 2013 04 20 16 59 41.538     2013 04 20 16 59 46.961       5.4
1007
 2013 04 20 09 53 52.217     2013 04 20 09 57 22.339     210.1
1008
 2013 04 20 02 29 47.042     2013 04 20 02 33 10.748     203.7
 2013 04 20 19 32 45.109     2013 04 20 19 35 56.082     191.0
1009
 2013 04 20 10 05 32.692     2013 04 20 10 08  7.011     154.3
 2013 04 20 16 39 21.386     2013 04 20 16 42   .158     158.8
1010
 2013 04 20 03 27 29.323     2013 04 20 03 30 13.364     164.0
1011
 2013 04 20 05 54 33.876     2013 04 20 05 57 21.782     167.9
 2013 04 20 17 41 35.024     2013 04 20 17 44 55.223     200.2
1012
 2013 04 20 08 09  4.419     2013 04 20 08 11 36.391     152.0
 2013 04 20 21 44 49.276     2013 04 20 21 47 33.451     164.2
1013
 2013 04 20 14 45 48.627     2013 04 20 14 48 23.337     154.7
 2013 04 20 23 00 13.496     2013 04 20 23 03  7.443     173.9
1014
 2013 04 20 13 04 57.749     2013 04 20 13 07 53.099     175.4
 2013 04 20 23 05  6.039     2013 04 20 23 08  4.878     178.8
1015
 2013 04 20 02 08  5.256     2013 04 20 02 10 55.292     170.0
 2013 04 20 10 23 58.237     2013 04 20 10 27 47.691     229.5
1016
 2013 04 20 12 56   .177     2013 04 20 12 58 43.972     163.8
1017
 2013 04 20 10 05  9.353     2013 04 20 10 08 31.008     201.7
 2013 04 20 16 40 16.515     2013 04 20 16 42 52.863     156.3
1018
 2013 04 20 12 07 41.403     2013 04 20 12 10 36.305     174.9
1019
 2013 04 20 02 50 43.653     2013 04 20 02 54 11.414     207.8
 2013 04 20 12 52 58.992     2013 04 20 12 55 29.734     150.7
1020
 2013 04 20 10 48 35.042     2013 04 20 10 51 41.868     186.8
 2013 04 20 19 05 23.240     2013 04 20 19 07 55.648     152.4
1021
 2013 04 20 03 32 56.065     2013 04 20 03 32 58.143       2.1
 2013 04 20 15 18 11.113     2013 04 20 15 21   .819     169.7
1022
 2013 04 20 23 22 25.511     2013 04 20 23 25 10.426     164.9
1023
 2013 04 20 09 48   .289     2013 04 20 09 51 31.568     211.3
1024
 2013 04 20 17 36 48.646     2013 04 20 17 39 37.017     168.4
1025
 2013 04 20 08 13 10.015     2013 04 20 08 15 39.922     149.9
1026
 2013 04 20 03 14 56.717     2013 04 20 03 17 31.206     154.5
 2013 04 20 21 56 24.806     2013 04 20 21 59 47.338     202.5
1027
 2013 04 20 03 25 35.402     2013 04 20 03 28 13.123     157.7
 2013 04 20 17 01 37.205     2013 04 20 17 04 23.889     166.7
1028
 2013 04 20 09 01  3.906     2013 04 20 09 04  1.965     178.1
 2013 04 20 20 54  8.412     2013 04 20 20 54 14.978       6.6
1029
 2013 04 20 04 04 54.055     2013 04 20 04 08  8.909     194.9
 2013 04 20 21 06 43.141     2013 04 20 21 06 55.725      12.6
1030
 2013 04 20 10 32 30.920     2013 04 20 10 35  7.993     157.1
1031
 2013 04 20 09 14 46.322     2013 04 20 09 17 27.589     161.3
 2013 04 20 17 30 20.313     2013 04 20 17 32 58.867     158.6
1032
 2013 04 20 17 58 47.486     2013 04 20 18 02 14.682     207.2
 2013 04 20 22 54 18.820     2013 04 20 22 54 30.886      12.1
1033
 2013 04 20 00 28 34.959     2013 04 20 00 31 16.621     161.7
 2013 04 20 10 30 39.652     2013 04 20 10 33 53.350     193.7
1034
 2013 04 20 00 05 15.644     2013 04 20 00 05 38.063      22.4
 2013 04 20 17 11 52.062     2013 04 20 17 12  7.321      15.3
 2013 04 20 23 45 53.323     2013 04 20 23 46  6.152      12.8
1035
 2013 04 20 11 13 48.244     2013 04 20 11 16 21.237     153.0
1036
1037
 2013 04 20 02 35  1.840     2013 04 20 02 37 45.376     163.5
1038
 2013 04 20 10 45 42.807     2013 04 20 10 48 17.020     154.2
1039
 2013 04 20 02 40  3.081     2013 04 20 02 43 11.139     188.1
1040
1041
 2013 04 20 02 53 33.106     2013 04 20 02 56 11.635     158.5
1042
 2013 04 20 08 10 33.987     2013 04 20 08 14 11.465     217.5
1043
 2013 04 20 13 10 50.671     2013 04 20 13 13 35.440     164.8
 2013 04 20 21 26 36.099     2013 04 20 21 29 16.295     160.2
1044
 2013 04 20 08 21 58.762     2013 04 20 08 25 24.427     205.7
 2013 04 20 18 21 14.544     2013 04 20 18 23 52.405     157.9
1045
 2013 04 20 14 44 50.592     2013 04 20 14 48 14.586     204.0
 2013 04 20 22 59 37.607     2013 04 20 23 02 13.058     155.5
1046
 2013 04 20 10 43 44.612     2013 04 20 10 46 19.068     154.5
 2013 04 20 20 44 17.707     2013 04 20 20 46 49.433     151.7
1047
 2013 04 20 23 15 50.857     2013 04 20 23 15 50.229       -.6
1048
 2013 04 20 05 37 59.149     2013 04 20 05 40 36.108     157.0
 2013 04 20 22 41  1.354     2013 04 20 22 43 36.727     155.4
1049
 2013 04 20 03 34 38.380     2013 04 20 03 37 59.404     201.0
1050
 2013 04 20 02 31   .288     2013 04 20 02 31   .903        .6
 2013 04 20 17 55 26.051     2013 04 20 17 58 21.877     175.8
1051
 2013 04 20 02 57 42.383     2013 04 20 03 00 23.980     161.6
 2013 04 20 11 11 54.499     2013 04 20 11 15 24.650     210.2
1052
 2013 04 20 11 21 52.225     2013 04 20 11 25 18.584     206.4
 2013 04 20 23 14  6.538     2013 04 20 23 17 40.349     213.8
1053
 2013 04 20 07 37 12.360     2013 04 20 07 40 58.065     225.7
1054
 2013 04 20 12 23 20.750     2013 04 20 12 23 57.094      36.3
 2013 04 20 20 40  2.606     2013 04 20 20 43  9.965     187.4
1055
 2013 04 20 08 58  4.584     2013 04 20 09 00 37.967     153.4
1056
 2013 04 20 02 47  6.164     2013 04 20 02 47 22.774      16.6
 2013 04 20 14 34 30.382     2013 04 20 14 35 14.422      44.0
1057
 2013 04 20 02 48 41.984     2013 04 20 02 51 25.691     163.7
1058
 2013 04 20 05 49 55.079     2013 04 20 05 52 28.417     153.3
1059
 2013 04 20 21 46 55.658     2013 04 20 21 49 37.311     161.7
1060
 2013 04 20 10 34 18.914     2013 04 20 10 36 52.615     153.7
1061
 2013 04 20 06 48 30.913     2013 04 20 06 51  2.553     151.6
 2013 04 20 16 47 30.848     2013 04 20 16 50 29.017     178.2
1062
 2013 04 20 04 03 33.259     2013 04 20 04 06  9.026     155.8
 2013 04 20 21 06 27.422     2013 04 20 21 09  2.165     154.7
1063
1064
 2013 04 20 01 51 49.819     2013 04 20 01 54 31.549     161.7
 2013 04 20 15 26 30.758     2013 04 20 15 30  8.824     218.1
1065
 2013 04 20 08 02 34.924     2013 04 20 08 05 22.307     167.4
 2013 04 20 23 23 53.190     2013 04 20 23 27  4.025     190.8
1066
 2013 04 20 10 54  4.312     2013 04 20 10 56 40.152     155.8
 2013 04 20 15 48 37.583     2013 04 20 15 51 58.726     201.1
1067
 2013 04 20 00 15 55.073     2013 04 20 00 15 57.646       2.6
 2013 04 20 13 53 30.100     2013 04 20 13 56 50.168     200.1
1068
 2013 04 20 14 45 45.360     2013 04 20 14 46  6.029      20.7
1069
 2013 04 20 05 51 18.973     2013 04 20 05 52 14.015      55.0
 2013 04 20 17 43 52.933     2013 04 20 17 46 50.274     177.3
1070
1071
 2013 04 20 17 04  5.599     2013 04 20 17 06 57.102     171.5
1072
 2013 04 20 01 25 51.858     2013 04 20 01 28 43.335     171.5
 2013 04 20 08 00 18.935     2013 04 20 08 02 54.401     155.5
1073
 2013 04 20 13 11 11.013     2013 04 20 13 13 48.036     157.0
 2013 04 20 21 26 16.173     2013 04 20 21 29  6.817     170.6
1074
1075
 2013 04 20 08 16 33.700     2013 04 20 08 19  3.564     149.9
 2013 04 20 20 02 46.026     2013 04 20 20 05 56.053     190.0
1076
 2013 04 20 13 57 32.384     2013 04 20 14 00 22.048     169.7
 2013 04 20 22 12 57.173     2013 04 20 22 15 37.445     160.3
1077
 2013 04 20 00 10  6.947     2013 04 20 00 10 38.545      31.6
 2013 04 20 17 08 52.999     2013 04 20 17 11 28.435     155.4
1078
 2013 04 20 14 45 18.627     2013 04 20 14 48  6.039     167.4
 2013 04 20 23 01  6.340     2013 04 20 23 03 47.639     161.3
1079
 2013 04 20 13 56 22.665     2013 04 20 13 59  9.923     167.3
1080
 2013 04 20 13 08 40.868     2013 04 20 13 12 15.772     214.9
1081
 2013 04 20 08 19 38.853     2013 04 20 08 22 23.327     164.5
1082
 2013 04 20 05 10 35.656     2013 04 20 05 13 15.462     159.8
1083
 2013 04 20 07 18 54.264     2013 04 20 07 21 30.818     156.6
1084
 2013 04 20 10 36 45.943     2013 04 20 10 39 47.734     181.8
 2013 04 20 22 24 38.099     2013 04 20 22 27 20.939     162.8
1085
 2013 04 20 05 55 30.368     2013 04 20 05 58 12.538     162.2
1086
 2013 04 20 06 01 17.493     2013 04 20 06 03 57.473     160.0
 2013 04 20 15 59 56.246     2013 04 20 16 02 44.305     168.1
1087
 2013 04 20 08 11 26.919     2013 04 20 08 14  7.530     160.6
1088
1089
 2013 04 20 20 48 23.187     2013 04 20 20 51  3.862     160.7
1090
 2013 04 20 14 00 13.079     2013 04 20 14 03 23.912     190.8
 2013 04 20 20 34 13.593     2013 04 20 20 37 24.534     190.9
1091
1092
 2013 04 20 02 01 51.944     2013 04 20 02 04 45.145     173.2
1093
 2013 04 20 13 03 57.663     2013 04 20 13 07 35.002     217.3
 2013 04 20 23 07 16.747     2013 04 20 23 10  3.262     166.5
1094
1095
 2013 04 20 21 33 17.053     2013 04 20 21 36 11.293     174.2
1096
1097
 2013 04 20 06 58 18.567     2013 04 20 07 00 53.106     154.5
 2013 04 20 11 52 51.596     2013 04 20 11 55 46.088     174.5
1098
 2013 04 20 08 19 55.716     2013 04 20 08 22 58.395     182.7
 2013 04 20 18 26 55.895     2013 04 20 18 27 19.247      23.4
1099
 2013 04 20 12 22 16.976     2013 04 20 12 24 51.654     154.7
 2013 04 20 20 38 44.389     2013 04 20 20 42 19.989     215.6
1100
1101
 2013 04 20 12 56  1.078     2013 04 20 12 58 51.378     170.3
1102
 2013 04 20 00 54 28.565     2013 04 20 00 57  9.764     161.2
 2013 04 20 17 57  8.826     2013 04 20 17 59 44.480     155.7
1103
 2013 04 20 06 00 13.689     2013 04 20 06 00 48.652      35.0
 2013 04 20 15 59 19.789     2013 04 20 16 01 54.552     154.8
1104
 2013 04 20 04 26 32.052     2013 04 20 04 29 45.133     193.1
 2013 04 20 14 25  2.111     2013 04 20 14 27 39.175     157.1
1105
 2013 04 20 17 45   .737     2013 04 20 17 48  5.495     184.8
1106
 2013 04 20 06 39 27.181     2013 04 20 06 43  2.013     214.8
 2013 04 20 18 30 45.321     2013 04 20 18 33 21.646     156.3
1107
 2013 04 20 00 18 13.078     2013 04 20 00 20 51.894     158.8
 2013 04 20 13 50 34.499     2013 04 20 13 50 35.430        .9
1108
 2013 04 20 04 56 22.316     2013 04 20 04 58 59.317     157.0
1109
 2013 04 20 09 56 41.620     2013 04 20 09 59 22.767     161.1
 2013 04 20 19 56 23.579     2013 04 20 19 58 58.127     154.5
1110
 2013 04 20 10 47 20.098     2013 04 20 10 49 59.614     159.5
1111
1112
 2013 04 20 18 31 54.553     2013 04 20 18 34 55.561     181.0
1113
 2013 04 20 18 32 11.664     2013 04 20 18 35 54.961     223.3
1114
 2013 04 20 14 47 47.971     2013 04 20 14 50 37.962     170.0
 2013 04 20 21 21 49.529     2013 04 20 21 24 49.636     180.1
1115
 2013 04 20 02 37 34.726     2013 04 20 02 40  9.342     154.6
 2013 04 20 16 14 33.160     2013 04 20 16 17  8.784     155.6
1116
 2013 04 20 03 47 38.826     2013 04 20 03 50 58.444     199.6
 2013 04 20 10 22 20.326     2013 04 20 10 25  7.747     167.4
1117
 2013 04 20 10 43 34.319     2013 04 20 10 46 24.014     169.7
 2013 04 20 20 44 44.297     2013 04 20 20 47 15.121     150.8
1118
 2013 04 20 14 01 52.146     2013 04 20 14 01 55.601       3.5
 2013 04 20 22 11 50.014     2013 04 20 22 14 28.456     158.4
1119
1120
 2013 04 20 06 02  3.277     2013 04 20 06 05  6.592     183.3
 2013 04 20 15 58 42.302     2013 04 20 16 02 22.837     220.5
1121
 2013 04 20 15 23 37.555     2013 04 20 15 25 48.623     131.1
1122
1123
 2013 04 20 13 58 28.908     2013 04 20 13 58 41.231      12.3
1124
 2013 04 20 01 18 12.714     2013 04 20 01 20 47.426     154.7
 2013 04 20 11 16 27.277     2013 04 20 11 19 37.999     190.7
1125
 2013 04 20 08 19 58.416     2013 04 20 08 23  2.956     184.5
1126
 2013 04 20 06 03 19.717     2013 04 20 06 06 17.171     177.5
1127
 2013 04 20 05 23 23.507     2013 04 20 05 26 18.431     174.9
 2013 04 20 10 18 26.826     2013 04 20 10 22  2.591     215.8
1128
 2013 04 20 06 56  8.832     2013 04 20 06 56 44.336      35.5
 2013 04 20 13 31 43.577     2013 04 20 13 34 24.677     161.1
1129
 2013 04 20 14 22 52.094     2013 04 20 14 25 25.636     153.5
1130
1131
 2013 04 20 16 05 40.128     2013 04 20 16 08 21.588     161.5
1132
 2013 04 20 00 32 13.886     2013 04 20 00 35 32.540     198.7
1133
 2013 04 20 04 05  4.168     2013 04 20 04 08 48.710     224.5
1134
 2013 04 20 00 32 24.938     2013 04 20 00 34 57.137     152.2
1135
 2013 04 20 21 00 29.527     2013 04 20 21 04  3.097     213.6
1136
 2013 04 20 04 11  9.983     2013 04 20 04 13 44.177     154.2
 2013 04 20 17 48 53.442     2013 04 20 17 52 20.384     206.9
1137
 2013 04 20 03 22 10.569     2013 04 20 03 24 55.340     164.8
1138
 2013 04 20 01 27 31.242     2013 04 20 01 30 47.558     196.3
 2013 04 20 06 22 57.760     2013 04 20 06 26  8.828     191.1
1139
1140
 2013 04 20 12 22 47.917     2013 04 20 12 25 23.694     155.8
 2013 04 20 20 38 48.979     2013 04 20 20 41 45.526     176.5
1141
 2013 04 20 22 15 59.019     2013 04 20 22 18 40.331     161.3
1142
 2013 04 20 09 44 26.681     2013 04 20 09 47 23.614     176.9
 2013 04 20 23 17 38.690     2013 04 20 23 21  4.511     205.8
1143
 2013 04 20 04 08 14.764     2013 04 20 04 11  4.608     169.8
 2013 04 20 19 28 11.152     2013 04 20 19 31 47.323     216.2
1144
 2013 04 20 20 47 33.950     2013 04 20 20 50 30.583     176.6
1145
 2013 04 20 09 39  3.793     2013 04 20 09 39  7.814       4.0
1146
 2013 04 20 06 33  1.170     2013 04 20 06 36  8.991     187.8
 2013 04 20 20 09 32.312     2013 04 20 20 13  2.498     210.2
1147
 2013 04 20 23 10 45.122     2013 04 20 23 13 51.990     186.9
1148
 2013 04 20 02 14 29.536     2013 04 20 02 18  3.048     213.5
 2013 04 20 07 10 10.749     2013 04 20 07 13 37.007     206.3
1149
 2013 04 20 08 09 53.316     2013 04 20 08 13 22.615     209.3
1150
1151
 2013 04 20 05 22  5.011     2013 04 20 05 25 23.615     198.6
 2013 04 20 06 59 42.430     2013 04 20 07 03 29.913     227.5
 2013 04 20 10 16 20.260     2013 04 20 10 16 22.387       2.1
 2013 04 20 11 54 48.403     2013 04 20 11 57 48.075     179.7
1152
1153
 2013 04 20 16 45 39.887     2013 04 20 16 48 22.565     162.7
1154
 2013 04 20 06 07 59.731     2013 04 20 06 11 20.188     200.5
 2013 04 20 12 43 39.881     2013 04 20 12 46 53.889     194.0
1155
 2013 04 20 09 39 58.670     2013 04 20 09 42 36.939     158.3
1156
1157
1158
 2013 04 20 10 47  9.101     2013 04 20 10 50 18.768     189.7
1159
 2013 04 20 01 11  2.165     2013 04 20 01 13 42.429     160.3
 2013 04 20 12 57 47.627     2013 04 20 13 00 27.082     159.5
1160
 2013 04 20 05 16 34.113     2013 04 20 05 19 27.520     173.4
 2013 04 20 13 37 53.314     2013 04 20 13 38 11.298      18.0
1161
 2013 04 20 23 03  2.687     2013 04 20 23 05 43.192     160.5
1162
 2013 04 20 18 37  4.913     2013 04 20 18 37 54.699      49.8
1163
 2013 04 20 04 49 21.080     2013 04 20 04 52 57.942     216.9
 2013 04 20 21 52  2.649     2013 04 20 21 55 22.135     199.5
1164
 2013 04 20 06 08 24.769     2013 04 20 06 11 41.540     196.8
 2013 04 20 12 42 10.151     2013 04 20 12 44 48.494     158.3
1165
 2013 04 20 02 12  8.338     2013 04 20 02 14 42.923     154.6
 2013 04 20 08 46 40.697     2013 04 20 08 49 51.698     191.0
1166
 2013 04 20 02 47 18.645     2013 04 20 02 50  5.715     167.1
1167
 2013 04 20 08 01  9.775     2013 04 20 08 03 53.529     163.8
1168
 2013 04 20 12 09 17.544     2013 04 20 12 11 52.909     155.4
1169
1170
 2013 04 20 13 11 31.844     2013 04 20 13 15  3.977     212.1
 2013 04 20 21 26 19.201     2013 04 20 21 26 32.062      12.9
1171
 2013 04 20 11 35 30.152     2013 04 20 11 39  6.766     216.6
 2013 04 20 19 50 32.446     2013 04 20 19 53 16.170     163.7
1172
 2013 04 20 03 33 57.843     2013 04 20 03 37 12.972     195.1
1173
 2013 04 20 14 30 19.406     2013 04 20 14 32 54.018     154.6
1174
 2013 04 20 04 23  4.896     2013 04 20 04 25 54.755     169.9
1175
 2013 04 20 03 39 19.762     2013 04 20 03 42 11.236     171.5
 2013 04 20 13 38  4.306     2013 04 20 13 40 43.616     159.3
1176
 2013 04 20 06 28  7.022     2013 04 20 06 30 55.207     168.2
 2013 04 20 21 49 24.356     2013 04 20 21 52 34.869     190.5
1177
1178
 2013 04 20 01 53 24.629     2013 04 20 01 56 49.636     205.0
1179
 2013 04 20 00 13 45.620     2013 04 20 00 14 31.270      45.7
 2013 04 20 15 30 50.172     2013 04 20 15 33 25.767     155.6
1180
 2013 04 20 05 43 58.535     2013 04 20 05 46 36.077     157.5
1181
 2013 04 20 08 31 27.407     2013 04 20 08 35 13.532     226.1
 2013 04 20 15 05 45.329     2013 04 20 15 09 15.057     209.7
1182
 2013 04 20 00 22 24.407     2013 04 20 00 25 38.523     194.1
 2013 04 20 12 10 21.701     2013 04 20 12 13 25.049     183.3
1183
 2013 04 20 10 05 25.065     2013 04 20 10 08 38.737     193.7
 2013 04 20 16 40  9.698     2013 04 20 16 42 51.406     161.7
1184
 2013 04 20 03 49 48.588     2013 04 20 03 52 36.253     167.7
 2013 04 20 08 44 41.499     2013 04 20 08 47 22.684     161.2
1185
 2013 04 20 04 01 52.998     2013 04 20 04 04 30.207     157.2
 2013 04 20 22 43 47.912     2013 04 20 22 46 48.506     180.6
1186
 2013 04 20 12 54 34.060     2013 04 20 12 57 44.216     190.2
1187
 2013 04 20 01 43 44.214     2013 04 20 01 46 32.490     168.3
1188
 2013 04 20 07 37 52.596     2013 04 20 07 41 12.209     199.6
1189
1190
 2013 04 20 08 58 52.562     2013 04 20 09 02 35.329     222.8
1191
 2013 04 20 01 58 39.399     2013 04 20 02 02  3.038     203.6
1192
 2013 04 20 10 03 25.861     2013 04 20 10 03 26.806        .9
 2013 04 20 16 40   .873     2013 04 20 16 43 47.781     226.9
1193
 2013 04 20 05 11 40.148     2013 04 20 05 14 30.285     170.1
1194
 2013 04 20 10 36 21.105     2013 04 20 10 39 24.744     183.6
 2013 04 20 22 26 21.430     2013 04 20 22 28 51.516     150.1
1195
 2013 04 20 00 53 56.564     2013 04 20 00 56 59.967     183.4
 2013 04 20 17 57 58.495     2013 04 20 18 00 54.784     176.3
1196
 2013 04 20 00 29 27.982     2013 04 20 00 32  3.132     155.1
 2013 04 20 10 30 27.747     2013 04 20 10 33  4.826     157.1
1197
 2013 04 20 09 10  8.598     2013 04 20 09 12 47.692     159.1
 2013 04 20 19 08 57.404     2013 04 20 19 11 41.844     164.4
1198
 2013 04 20 02 35  3.045     2013 04 20 02 38 30.308     207.3
1199
 2013 04 20 14 37 24.132     2013 04 20 14 40  2.823     158.7
1200
 2013 04 20 01 04 44.657     2013 04 20 01 08 22.554     217.9
1201
 2013 04 20 22 22 41.897     2013 04 20 22 25 19.299     157.4
1202
 2013 04 20 23 08 10.357     2013 04 20 23 10 58.848     168.5
1203
 2013 04 20 08 19 21.142     2013 04 20 08 22 27.507     186.4
1204
 2013 04 20 20 53 15.435     2013 04 20 20 55 54.363     158.9
1205
 2013 04 20 20 00 10.179     2013 04 20 20 02 57.654     167.5
1206
 2013 04 20 12 22  3.923     2013 04 20 12 25 48.617     224.7
 2013 04 20 20 37 30.928     2013 04 20 20 40 54.545     203.6
1207
 2013 04 20 08 28 27.050     2013 04 20 08 29 28.606      61.6
1208
 2013 04 20 07 44 24.626     2013 04 20 07 47 14.864     170.2
 2013 04 20 14 17 57.292     2013 04 20 14 21  7.368     190.1
1209
 2013 04 20 00 50 59.902     2013 04 20 00 54 13.245     193.3
 2013 04 20 19 33 24.294     2013 04 20 19 36  5.826     161.5
1210
 2013 04 20 10 53  6.049     2013 04 20 10 56 26.249     200.2
 2013 04 20 17 27 20.544     2013 04 20 17 30 26.974     186.4
1211
1212
 2013 04 20 07 16 53.004     2013 04 20 07 20 32.991     220.0
 2013 04 20 22 35 32.235     2013 04 20 22 38 48.697     196.5
1213
 2013 04 20 04 22 17.139     2013 04 20 04 24 52.735     155.6
1214
1215
 2013 04 20 05 09 34.476     2013 04 20 05 12 37.515     183.0
1216
1217
 2013 04 20 15 36 37.954     2013 04 20 15 39 59.477     201.5
 2013 04 20 22 10 40.742     2013 04 20 22 13 58.466     197.7
1218
 2013 04 20 05 11 15.871     2013 04 20 05 13 50.701     154.8
1219
 2013 04 20 04 03 51.151     2013 04 20 04 07 41.022     229.9
 2013 04 20 21 04 54.151     2013 04 20 21 08 11.154     197.0
1220
 2013 04 20 07 42 38.185     2013 04 20 07 45 18.396     160.2
 2013 04 20 14 17 24.186     2013 04 20 14 20 44.850     200.7
1221
 2013 04 20 03 40 50.110     2013 04 20 03 44 22.113     212.0
1222
 2013 04 20 04 33 41.743     2013 04 20 04 37  2.551     200.8
 2013 04 20 11 09 19.733     2013 04 20 11 12 21.025     181.3
1223
 2013 04 20 09 00 19.407     2013 04 20 09 04   .721     221.3
1224
 2013 04 20 06 28 13.650     2013 04 20 06 30 47.490     153.8
 2013 04 20 21 49 51.127     2013 04 20 21 52 56.638     185.5
1225
1226
1227
 2013 04 20 00 27 57.140     2013 04 20 00 30 35.578     158.4
1228
 2013 04 20 08 21 21.801     2013 04 20 08 22 44.491      82.7
 2013 04 20 18 23 40.986     2013 04 20 18 26 19.615     158.6
1229
 2013 04 20 10 27  5.386     2013 04 20 10 30   .906     175.5
1230
1231
 2013 04 20 07 29 26.068     2013 04 20 07 33  4.421     218.4
1232
1233
 2013 04 20 05 42 22.951     2013 04 20 05 45  3.283     160.3
 2013 04 20 21 02 48.990     2013 04 20 21 05 48.993     180.0
1234
1235
 2013 04 20 09 50 21.999     2013 04 20 09 50 26.486       4.5
 2013 04 20 21 36 22.946     2013 04 20 21 38 58.485     155.5
1236
1237
 2013 04 20 03 46 44.330     2013 04 20 03 50 25.991     221.7
 2013 04 20 10 22 32.904     2013 04 20 10 25 12.613     159.7
1238
 2013 04 20 10 32 15.698     2013 04 20 10 35 43.373     207.7
1239
1240
 2013 04 20 16 45 31.765     2013 04 20 16 49   .439     208.7
1241
1242
 2013 04 20 01 00  8.876     2013 04 20 01 03  5.873     177.0
1243
 2013 04 20 13 07  1.633     2013 04 20 13 07 16.737      15.1
1244
 2013 04 20 03 33 48.346     2013 04 20 03 36 52.215     183.9
1245
 2013 04 20 06 24  5.088     2013 04 20 06 27  6.126     181.0
 2013 04 20 23 26 52.712     2013 04 20 23 30 19.007     206.3
1246
 2013 04 20 12 48 49.373     2013 04 20 12 52  6.952     197.6
1247
 2013 04 20 06 55 51.624     2013 04 20 06 57 48.208     116.6
 2013 04 20 13 31 37.196     2013 04 20 13 34 12.638     155.4
1248
 2013 04 20 12 06 58.528     2013 04 20 12 09 56.565     178.0
1249
 2013 04 20 04 11 19.249     2013 04 20 04 14 59.818     220.6
 2013 04 20 17 50 10.128     2013 04 20 17 52 41.395     151.3
1250
 2013 04 20 05 19 29.511     2013 04 20 05 22 36.622     187.1
 2013 04 20 13 32 15.072     2013 04 20 13 35 57.800     222.7
1251
1252
1253
 2013 04 20 11 39 49.984     2013 04 20 11 40 32.703      42.7
 2013 04 20 19 49 55.432     2013 04 20 19 53  1.530     186.1
1254
 2013 04 20 17 02 37.093     2013 04 20 17 02 56.355      19.3
1255
 2013 04 20 06 00 55.275     2013 04 20 06 03 33.260     158.0
 2013 04 20 16 00 15.780     2013 04 20 16 02 50.355     154.6
1256
 2013 04 20 03 16 10.309     2013 04 20 03 19 37.797     207.5
 2013 04 20 20 18  9.601     2013 04 20 20 20 48.335     158.7
1257
 2013 04 20 11 35 27.354     2013 04 20 11 35 46.200      18.8
 2013 04 20 19 53 10.197     2013 04 20 19 55 47.727     157.5
1258
 2013 04 20 13 13 37.546     2013 04 20 13 13 55.463      17.9
 2013 04 20 19 49 38.289     2013 04 20 19 52 13.550     155.3
1259
 2013 04 20 11 27 57.832     2013 04 20 11 30 53.701     175.9
1260
 2013 04 20 09 17 27.924     2013 04 20 09 20 31.065     183.1
 2013 04 20 15 52 39.584     2013 04 20 15 55 25.623     166.0
1261
1262
 2013 04 20 05 57 21.471     2013 04 20 06 00 45.395     203.9
1263
 2013 04 20 03 20 33.891     2013 04 20 03 23 24.708     170.8
 2013 04 20 18 40 20.646     2013 04 20 18 43  8.396     167.8
1264
1265
 2013 04 20 05 50 56.691     2013 04 20 05 53 31.075     154.4
1266
 2013 04 20 09 53 25.854     2013 04 20 09 53 29.349       3.5
 2013 04 20 21 36 27.533     2013 04 20 21 39 16.487     169.0
1267
 2013 04 20 15 35 32.654     2013 04 20 15 38 13.911     161.3
 2013 04 20 22 09 32.473     2013 04 20 22 12 11.905     159.4
1268
 2013 04 20 00 54  5.631     2013 04 20 00 57 47.353     221.7
 2013 04 20 17 58 38.431     2013 04 20 18 01 15.903     157.5
 2013 04 20 22 52 59.840     2013 04 20 22 54 15.866      76.0
1269
 2013 04 20 13 11 55.864     2013 04 20 13 15 39.732     223.9
1270
 2013 04 20 02 54 31.048     2013 04 20 02 57 53.232     202.2
1271
 2013 04 20 20 06 34.800     2013 04 20 20 09 26.218     171.4
1272
1273
 2013 04 20 04 12 38.472     2013 04 20 04 15 26.179     167.7
 2013 04 20 17 49  2.595     2013 04 20 17 51 46.223     163.6
1274
1275
 2013 04 20 09 44 58.583     2013 04 20 09 48  2.579     184.0
 2013 04 20 23 16 55.140     2013 04 20 23 17  3.868       8.7
1276
 2013 04 20 08 26 51.371     2013 04 20 08 29 27.452     156.1
 2013 04 20 16 43  5.786     2013 04 20 16 45 47.690     161.9
1277
 2013 04 20 02 03 39.459     2013 04 20 02 06 36.319     176.9
 2013 04 20 12 03 48.477     2013 04 20 12 06 49.952     181.5
1278
 2013 04 20 11 22   .428     2013 04 20 11 24 55.892     175.5
1279
 2013 04 20 09 12 10.118     2013 04 20 09 14 48.613     158.5
1280
 2013 04 20 02 12  6.349     2013 04 20 02 15 44.963     218.6
 2013 04 20 03 49 49.205     2013 04 20 03 50 45.622      56.4
 2013 04 20 08 45 43.678     2013 04 20 08 48 20.923     157.2
1281
 2013 04 20 04 01 10.416     2013 04 20 04 03 54.593     164.2
 2013 04 20 22 43 11.769     2013 04 20 22 45 53.011     161.2
1282
 2013 04 20 19 23 58.797     2013 04 20 19 25 13.343      74.5
1283
 2013 04 20 06 57 18.523     2013 04 20 06 57 24.451       5.9
 2013 04 20 11 57 14.832     2013 04 20 11 57 31.742      16.9
1284
 2013 04 20 13 49 28.998     2013 04 20 13 52  9.425     160.4
1285
 2013 04 20 04 53 32.927     2013 04 20 04 56  8.118     155.2
 2013 04 20 20 15 40.618     2013 04 20 20 18 56.262     195.6
1286
1287
 2013 04 20 17 45 17.459     2013 04 20 17 48 18.683     181.2
1288
 2013 04 20 08 57 20.393     2013 04 20 09 00 15.774     175.4
 2013 04 20 22 30 19.530     2013 04 20 22 33 55.482     216.0
1289
 2013 04 20 04 21 38.459     2013 04 20 04 24 49.953     191.5
1290
 2013 04 20 02 34 47.691     2013 04 20 02 37 23.410     155.7
1291
 2013 04 20 10 31 59.131     2013 04 20 10 32 21.280      22.1
1292
 2013 04 20 18 31  7.685     2013 04 20 18 34 37.002     209.3
1293
1294
 2013 04 20 02 28 54.734     2013 04 20 02 31 43.795     169.1
 2013 04 20 19 32 24.637     2013 04 20 19 35  1.915     157.3
1295
 2013 04 20 01 48 54.192     2013 04 20 01 52 16.831     202.6
 2013 04 20 15 28 22.644     2013 04 20 15 31 31.389     188.7
1296
 2013 04 20 06 02 35.577     2013 04 20 06 03  4.377      28.8
1297
 2013 04 20 02 48 51.471     2013 04 20 02 51 25.220     153.7
1298
 2013 04 20 11 20 38.280     2013 04 20 11 23 21.421     163.1
1299
 2013 04 20 15 56 35.324     2013 04 20 15 57 11.457      36.1
1300
 2013 04 20 01 28 11.139     2013 04 20 01 28 13.296       2.2
 2013 04 20 06 24 16.690     2013 04 20 06 26 51.385     154.7
 2013 04 20 23 27 25.913     2013 04 20 23 31  1.054     215.1
1301
 2013 04 20 02 35 16.159     2013 04 20 02 35 39.273      23.1
 2013 04 20 17 52 20.013     2013 04 20 17 55 21.540     181.5
1302
1303
 2013 04 20 07 28 30.445     2013 04 20 07 31  4.587     154.1
 2013 04 20 19 16  9.051     2013 04 20 19 18 40.604     151.6
1304
 2013 04 20 10 33   .072     2013 04 20 10 36 41.981     221.9
1305
 2013 04 20 10 45 50.748     2013 04 20 10 48 29.153     158.4
1306
 2013 04 20 08 04 36.096     2013 04 20 08 07 35.099     179.0
 2013 04 20 23 23  3.711     2013 04 20 23 26 40.759     217.0
1307
 2013 04 20 01 09 37.317     2013 04 20 01 12 49.921     192.6
 2013 04 20 12 59 35.898     2013 04 20 13 02  6.425     150.5
1308
 2013 04 20 12 14 29.498     2013 04 20 12 17 46.491     197.0
1309
 2013 04 20 04 23  3.796     2013 04 20 04 23 32.539      28.7
 2013 04 20 16 05 41.740     2013 04 20 16 08 11.847     150.1
1310
 2013 04 20 06 24 48.290     2013 04 20 06 27 44.758     176.5
 2013 04 20 23 27 23.578     2013 04 20 23 30  5.941     162.4
1311
 2013 04 20 21 03 30.307     2013 04 20 21 03 32.539       2.2
1312
 2013 04 20 01 03 30.970     2013 04 20 01 06 50.438     199.5
 2013 04 20 14 38 46.463     2013 04 20 14 41 17.245     150.8
1313
 2013 04 20 07 24 17.012     2013 04 20 07 26 34.022     137.0
1314
 2013 04 20 00 29 10.348     2013 04 20 00 32 45.816     215.5
 2013 04 20 10 31 13.347     2013 04 20 10 33 51.719     158.4
1315
 2013 04 20 14 29 40.891     2013 04 20 14 32 22.768     161.9
1316
1317
 2013 04 20 18 28 56.753     2013 04 20 18 30 10.634      73.9
1318
 2013 04 20 07 30 43.646     2013 04 20 07 33 22.868     159.2
1319
 2013 04 20 05 07 19.760     2013 04 20 05 10 53.278     213.5
 2013 04 20 16 52 52.212     2013 04 20 16 55 37.881     165.7
1320
 2013 04 20 20 46 48.829     2013 04 20 20 49 25.669     156.8
1321
 2013 04 20 13 09 49.983     2013 04 20 13 13 34.032     224.0
 2013 04 20 21 27 30.759     2013 04 20 21 30  5.341     154.6
1322
 2013 04 20 13 13 18.733     2013 04 20 13 15 52.554     153.8
 2013 04 20 19 47 48.067     2013 04 20 19 51  5.843     197.8
1323
 2013 04 20 15 16 28.205     2013 04 20 15 19 26.200     178.0
1324
 2013 04 20 06 26 43.502     2013 04 20 06 27 24.437      40.9
 2013 04 20 21 51  9.998     2013 04 20 21 54 57.962     228.0
1325
1326
 2013 04 20 16 22  7.071     2013 04 20 16 22 11.170       4.1
 2013 04 20 22 58 28.475     2013 04 20 23 01 13.890     165.4
1327
 2013 04 20 02 56 11.510     2013 04 20 02 59 23.256     191.7
 2013 04 20 11 11 21.311     2013 04 20 11 14   .304     159.0
1328
 2013 04 20 00 32 10.956     2013 04 20 00 35 38.194     207.2
1329
 2013 04 20 05 46  8.580     2013 04 20 05 49  8.485     179.9
 2013 04 20 19 22 33.012     2013 04 20 19 25 33.793     180.8
1330
1331
 2013 04 20 18 20 15.562     2013 04 20 18 23 10.791     175.2
1332
 2013 04 20 00 40  1.412     2013 04 20 00 40 22.392      21.0
 2013 04 20 02 14  8.022     2013 04 20 02 14  9.375       1.4
 2013 04 20 07 10 18.071     2013 04 20 07 14  4.254     226.2
1333
 2013 04 20 17 27 42.069     2013 04 20 17 30 57.975     195.9
1334
 2013 04 20 05 43 13.847     2013 04 20 05 46 26.399     192.6
1335
 2013 04 20 02 33 35.014     2013 04 20 02 36 11.113     156.1
 2013 04 20 17 53 23.476     2013 04 20 17 56 23.514     180.0
1336
 2013 04 20 02 00 16.275     2013 04 20 02 02 27.160     130.9
1337
 2013 04 20 08 25 51.154     2013 04 20 08 29 35.125     224.0
 2013 04 20 16 44  3.988     2013 04 20 16 46 57.754     173.8
1338
1339
 2013 04 20 18 25 43.714     2013 04 20 18 28 27.184     163.5
1340
 2013 04 20 11 28   .783     2013 04 20 11 28 18.536      17.8
 2013 04 20 21 36 47.373     2013 04 20 21 37  2.795      15.4
1341
 2013 04 20 00 08 17.314     2013 04 20 00 10 57.716     160.4
 2013 04 20 17 09 44.143     2013 04 20 17 12 54.310     190.2
 2013 04 20 23 45  4.651     2013 04 20 23 47 51.241     166.6
1342
 2013 04 20 00 59 50.214     2013 04 20 01 03  7.176     197.0
1343
 2013 04 20 12 07  4.167     2013 04 20 12 08 32.145      88.0
1344
 2013 04 20 15 17 24.162     2013 04 20 15 20 22.971     178.8
1345
 2013 04 20 06 39 57.079     2013 04 20 06 42 29.273     152.2
 2013 04 20 18 29  7.793     2013 04 20 18 32 25.178     197.4
1346
 2013 04 20 07 34 41.862     2013 04 20 07 37 24.431     162.6
 2013 04 20 17 34 50.021     2013 04 20 17 37 28.515     158.5
1347
 2013 04 20 08 48 16.863     2013 04 20 08 51 58.497     221.6
1348
 2013 04 20 13 47 57.230     2013 04 20 13 50 58.690     181.5
1349
 2013 04 20 15 14 41.322     2013 04 20 15 17 58.621     197.3
1350
 2013 04 20 05 58 53.669     2013 04 20 06 01 38.017     164.3
 2013 04 20 16 01 15.022     2013 04 20 16 04 50.073     215.1
1351
 2013 04 20 07 37 43.553     2013 04 20 07 40 31.467     167.9
1352
 2013 04 20 09 00 42.631     2013 04 20 09 03 49.692     187.1
1353
 2013 04 20 15 11 21.688     2013 04 20 15 14  4.606     162.9
1354
 2013 04 20 00 20 21.511     2013 04 20 00 22 56.691     155.2
1355
1356
 2013 04 20 00 08 19.619     2013 04 20 00 11 11.557     171.9
 2013 04 20 17 10 39.801     2013 04 20 17 13 52.025     192.2
 2013 04 20 23 45 14.363     2013 04 20 23 47 59.079     164.7
1357
 2013 04 20 07 33 48.102     2013 04 20 07 36 34.582     166.5
 2013 04 20 17 34 38.274     2013 04 20 17 38 12.117     213.8
1358
 2013 04 20 05 42 12.423     2013 04 20 05 44 55.915     163.5
 2013 04 20 21 02 59.756     2013 04 20 21 05 51.419     171.7
1359
1360
 2013 04 20 09 10 13.262     2013 04 20 09 13 15.743     182.5
 2013 04 20 19 08 23.768     2013 04 20 19 11 11.550     167.8
1361
 2013 04 20 03 00 11.053     2013 04 20 03 03 13.847     182.8
 2013 04 20 09 34 57.652     2013 04 20 09 37 31.892     154.2
1362
1363
 2013 04 20 14 22 56.198     2013 04 20 14 26 16.433     200.2
1364
 2013 04 20 11 31 59.993     2013 04 20 11 34 33.342     153.3
 2013 04 20 21 30 52.926     2013 04 20 21 34   .104     187.2
1365
 2013 04 20 19 11 59.019     2013 04 20 19 15 39.255     220.2
1366
 2013 04 20 15 10 25.425     2013 04 20 15 13 15.509     170.1
1367
 2013 04 20 11 40 37.676     2013 04 20 11 40 59.252      21.6
 2013 04 20 18 14 37.216     2013 04 20 18 15  2.873      25.7
1368
 2013 04 20 09 01  9.256     2013 04 20 09 03 43.665     154.4
 2013 04 20 20 51 16.265     2013 04 20 20 54 49.113     212.8
1369
 2013 04 20 10 54 34.360     2013 04 20 10 57 21.446     167.1
 2013 04 20 15 49 30.086     2013 04 20 15 52 26.023     175.9
1370
 2013 04 20 14 29 34.477     2013 04 20 14 32 49.501     195.0
1371
1372
 2013 04 20 11 39 56.338     2013 04 20 11 42 52.818     176.5
 2013 04 20 18 13  3.148     2013 04 20 18 15 49.673     166.5
1373
 2013 04 20 13 59 14.435     2013 04 20 14 03  3.226     228.8
 2013 04 20 20 37 11.195     2013 04 20 20 37 21.963      10.8
1374
 2013 04 20 17 44 37.440     2013 04 20 17 47 47.746     190.3
1375
 2013 04 20 13 41 28.093     2013 04 20 13 41 42.586      14.5
1376
1377
 2013 04 20 13 12 26.115     2013 04 20 13 14 59.517     153.4
1378
 2013 04 20 04 49 48.115     2013 04 20 04 52 55.969     187.9
 2013 04 20 21 52 30.874     2013 04 20 21 55 37.114     186.2
1379
 2013 04 20 21 04 43.055     2013 04 20 21 07 17.190     154.1
1380
 2013 04 20 02 04 28.092     2013 04 20 02 07 35.790     187.7
 2013 04 20 12 03 31.952     2013 04 20 12 06  5.953     154.0
1381
 2013 04 20 14 29 28.968     2013 04 20 14 32 12.085     163.1
1382
 2013 04 20 06 30 19.327     2013 04 20 06 32 51.807     152.5
 2013 04 20 21 49 18.624     2013 04 20 21 53  7.799     229.2
1383
 2013 04 20 13 36 34.888     2013 04 20 13 39 29.952     175.1
1384
 2013 04 20 23 16 50.431     2013 04 20 23 20 28.471     218.0
1385
 2013 04 20 10 06 47.949     2013 04 20 10 09 25.843     157.9
 2013 04 20 15 01 29.931     2013 04 20 15 05  1.067     211.1
 2013 04 20 16 38 55.537     2013 04 20 16 38 56.461        .9
1386
1387
 2013 04 20 08 32  8.612     2013 04 20 08 35 23.047     194.4
 2013 04 20 13 27 29.867     2013 04 20 13 31 18.825     229.0
1388
 2013 04 20 01 39 48.529     2013 04 20 01 42 43.034     174.5
 2013 04 20 20 21 16.347     2013 04 20 20 24 24.818     188.5
1389
1390
 2013 04 20 09 49  4.212     2013 04 20 09 52 36.869     212.7
 2013 04 20 21 36 53.859     2013 04 20 21 40  3.460     189.6
1391
 2013 04 20 03 12 29.403     2013 04 20 03 12 54.480      25.1
 2013 04 20 04 50 32.432     2013 04 20 04 54  6.901     214.5
 2013 04 20 21 54 48.479     2013 04 20 21 57 24.412     155.9
1392
 2013 04 20 08 51 27.138     2013 04 20 08 54 52.184     205.0
1393
 2013 04 20 13 04 20.450     2013 04 20 13 05 34.154      73.7
 2013 04 20 23 07 18.076     2013 04 20 23 09 51.619     153.5
1394
1395
 2013 04 20 00 35 30.860     2013 04 20 00 36 56.687      85.8
 2013 04 20 08 50 53.512     2013 04 20 08 51 44.495      51.0
1396
 2013 04 20 14 44 40.687     2013 04 20 14 47 36.815     176.1
 2013 04 20 22 59 59.170     2013 04 20 23 02 43.117     163.9
1397
 2013 04 20 08 25 29.664     2013 04 20 08 25 59.706      30.0
 2013 04 20 16 44 12.448     2013 04 20 16 45  2.123      49.7
1398
 2013 04 20 10 39 41.916     2013 04 20 10 42 19.914     158.0
1399
 2013 04 20 11 34 45.420     2013 04 20 11 37 30.036     164.6
 2013 04 20 19 54 19.974     2013 04 20 19 54 50.666      30.7
