s1
0
 2013 04 20 00 56 50.865     2013 04 20 00 57 32.064      41.2
 2013 04 20 17 56   .805     2013 04 20 17 58 41.409     160.6
1
 2013 04 20 03 30 23.683     2013 04 20 03 33  1.017     157.3
 2013 04 20 15 20 53.582     2013 04 20 15 24 27.308     213.7
2
 2013 04 20 15 29 51.649     2013 04 20 15 32 28.279     156.6
3
 2013 04 20 05 49 52.561     2013 04 20 05 52 34.476     161.9
4
 2013 04 20 10 06 19.792     2013 04 20 10 09  8.188     168.4
 2013 04 20 16 39 28.268     2013 04 20 16 42 59.814     211.5
5
 2013 04 20 23 17 13.775     2013 04 20 23 19 48.457     154.7
6
 2013 04 20 05 48 19.609     2013 04 20 05 51 14.151     174.5
7
 2013 04 20 00 06 47.281     2013 04 20 00 07  7.419      20.1
 2013 04 20 01 41 21.816     2013 04 20 01 44 37.944     196.1
 2013 04 20 18 45 32.872     2013 04 20 18 48 17.892     165.0
8
9
 2013 04 20 10 34 28.151     2013 04 20 10 37 47.447     199.3
 2013 04 20 22 29 53.757     2013 04 20 22 30 36.781      43.0
10
 2013 04 20 06 09 51.739     2013 04 20 06 13  4.984     193.2
 2013 04 20 12 43 48.023     2013 04 20 12 47  3.123     195.1
11
 2013 04 20 16 02 52.074     2013 04 20 16 05 52.457     180.4
12
 2013 04 20 03 39 21.797     2013 04 20 03 41 52.736     150.9
 2013 04 20 13 38 42.018     2013 04 20 13 41 26.953     164.9
13
 2013 04 20 04 29 14.720     2013 04 20 04 31 49.338     154.6
14
 2013 04 20 07 38  2.245     2013 04 20 07 40 59.517     177.3
15
 2013 04 20 21 47 44.518     2013 04 20 21 50 42.020     177.5
16
17
 2013 04 20 17 51  7.695     2013 04 20 17 53 45.727     158.0
18
 2013 04 20 15 35 50.528     2013 04 20 15 38 27.344     156.8
 2013 04 20 22 10  4.659     2013 04 20 22 12 39.332     154.7
19
 2013 04 20 03 46 14.241     2013 04 20 03 48 47.677     153.4
 2013 04 20 10 20 41.245     2013 04 20 10 24 23.687     222.4
20
 2013 04 20 06 46 30.299     2013 04 20 06 49 33.801     183.5
 2013 04 20 16 46 59.340     2013 04 20 16 50 40.174     220.8
21
 2013 04 20 14 02 22.805     2013 04 20 14 04 58.928     156.1
 2013 04 20 20 35 10.968     2013 04 20 20 38 26.266     195.3
22
23
 2013 04 20 09 41  2.773     2013 04 20 09 43 39.634     156.9
24
 2013 04 20 20 40 43.277     2013 04 20 20 44 27.214     223.9
25
 2013 04 20 04 06 22.163     2013 04 20 04 09  6.256     164.1
 2013 04 20 19 27 49.309     2013 04 20 19 30 59.907     190.6
26
 2013 04 20 04 06  8.016     2013 04 20 04 09  5.451     177.4
 2013 04 20 19 28 57.534     2013 04 20 19 32  2.208     184.7
27
 2013 04 20 10 32 16.429     2013 04 20 10 35  3.513     167.1
28
 2013 04 20 08 17 27.899     2013 04 20 08 20 21.897     174.0
29
 2013 04 20 03 19 29.039     2013 04 20 03 22 23.443     174.4
 2013 04 20 18 41 51.026     2013 04 20 18 44 30.426     159.4
30
 2013 04 20 04 57 24.000     2013 04 20 05 00 36.345     192.3
 2013 04 20 18 39 41.893     2013 04 20 18 40 55.537      73.6
31
 2013 04 20 05 08 10.961     2013 04 20 05 08 48.959      38.0
 2013 04 20 16 56 44.262     2013 04 20 16 57 11.540      27.3
32
 2013 04 20 14 04  5.690     2013 04 20 14 07 10.134     184.4
 2013 04 20 18 59 11.392     2013 04 20 19 01 46.521     155.1
33
 2013 04 20 05 44 18.842     2013 04 20 05 47 33.695     194.9
34
 2013 04 20 00 53 47.010     2013 04 20 00 54 49.258      62.2
 2013 04 20 17 58 42.561     2013 04 20 18 01 27.452     164.9
 2013 04 20 22 53  3.008     2013 04 20 22 56 35.287     212.3
35
 2013 04 20 16 50 33.304     2013 04 20 16 53 32.697     179.4
36
 2013 04 20 01 13 29.095     2013 04 20 01 16 13.477     164.4
37
 2013 04 20 15 23 53.495     2013 04 20 15 26 27.809     154.3
38
 2013 04 20 03 20 38.685     2013 04 20 03 23 45.857     187.2
 2013 04 20 18 41 26.849     2013 04 20 18 44 48.195     201.3
39
 2013 04 20 23 16 57.505     2013 04 20 23 19 31.180     153.7
40
 2013 04 20 09 16 38.082     2013 04 20 09 19 41.090     183.0
 2013 04 20 15 50 42.907     2013 04 20 15 54 16.536     213.6
41
 2013 04 20 08 08 43.912     2013 04 20 08 11 48.541     184.6
 2013 04 20 21 44   .606     2013 04 20 21 46 34.155     153.5
42
 2013 04 20 01 38 44.632     2013 04 20 01 42 13.324     208.7
 2013 04 20 20 20 46.681     2013 04 20 20 23 26.722     160.0
43
 2013 04 20 01 47 34.573     2013 04 20 01 50 35.652     181.1
44
 2013 04 20 01 53 25.591     2013 04 20 01 53 52.417      26.8
45
 2013 04 20 03 31 45.180     2013 04 20 03 31 55.267      10.1
 2013 04 20 15 18 51.319     2013 04 20 15 21 32.866     161.5
46
 2013 04 20 16 21 25.130     2013 04 20 16 24  8.613     163.5
47
 2013 04 20 12 53 49.473     2013 04 20 12 56 20.029     150.6
48
 2013 04 20 05 14 14.720     2013 04 20 05 16 51.043     156.3
 2013 04 20 15 12 31.870     2013 04 20 15 15 32.571     180.7
49
 2013 04 20 06 46 18.357     2013 04 20 06 48 57.050     158.7
 2013 04 20 16 48 24.665     2013 04 20 16 51 52.845     208.2
50
 2013 04 20 05 21 24.542     2013 04 20 05 24 29.600     185.1
 2013 04 20 11 55  3.915     2013 04 20 11 57 40.546     156.6
51
 2013 04 20 05 13 29.033     2013 04 20 05 16  8.168     159.1
 2013 04 20 15 13 40.003     2013 04 20 15 16 20.852     160.8
52
 2013 04 20 17 55 52.341     2013 04 20 17 58 28.086     155.7
53
54
 2013 04 20 19 13 26.070     2013 04 20 19 16 21.184     175.1
55
 2013 04 20 05 21 50.723     2013 04 20 05 25 30.230     219.5
 2013 04 20 11 57  3.160     2013 04 20 11 59 45.041     161.9
56
 2013 04 20 06 10  3.582     2013 04 20 06 12 43.026     159.4
 2013 04 20 12 43 11.558     2013 04 20 12 46 26.246     194.7
57
 2013 04 20 09 51 23.770     2013 04 20 09 54 32.828     189.1
58
 2013 04 20 07 14 41.497     2013 04 20 07 15 21.868      40.4
 2013 04 20 22 38 45.191     2013 04 20 22 41 31.804     166.6
59
60
 2013 04 20 06 53 42.494     2013 04 20 06 56 19.270     156.8
 2013 04 20 15 07 38.588     2013 04 20 15 10 47.739     189.2
61
 2013 04 20 10 01 35.704     2013 04 20 10 04 56.400     200.7
 2013 04 20 18 16 15.019     2013 04 20 18 18 50.132     155.1
62
 2013 04 20 20 06 58.774     2013 04 20 20 10 39.026     220.3
63
 2013 04 20 07 45 41.292     2013 04 20 07 48 43.325     182.0
 2013 04 20 12 40 53.399     2013 04 20 12 43 46.624     173.2
64
 2013 04 20 05 53 17.739     2013 04 20 05 55 51.971     154.2
 2013 04 20 17 41 58.631     2013 04 20 17 44 38.784     160.2
65
 2013 04 20 08 08   .585     2013 04 20 08 11 10.978     190.4
 2013 04 20 21 45 54.991     2013 04 20 21 48 29.432     154.4
66
 2013 04 20 09 16 43.606     2013 04 20 09 18 42.563     119.0
 2013 04 20 15 52 56.728     2013 04 20 15 56  9.292     192.6
67
 2013 04 20 05 51 42.265     2013 04 20 05 52 13.253      31.0
 2013 04 20 17 43 53.831     2013 04 20 17 46 30.119     156.3
68
 2013 04 20 08 29  7.995     2013 04 20 08 31 58.685     170.7
 2013 04 20 15 07 20.310     2013 04 20 15 07 26.499       6.2
69
 2013 04 20 09 43 36.401     2013 04 20 09 46 14.398     158.0
 2013 04 20 23 18 46.841     2013 04 20 23 21 26.371     159.5
70
 2013 04 20 08 29 12.883     2013 04 20 08 29 35.922      23.0
 2013 04 20 15 05 39.532     2013 04 20 15 09  7.882     208.4
71
 2013 04 20 14 46 34.549     2013 04 20 14 49 53.321     198.8
72
 2013 04 20 06 00 36.369     2013 04 20 06 03 35.369     179.0
 2013 04 20 15 59 56.276     2013 04 20 16 02 27.573     151.3
73
74
 2013 04 20 06 24 39.186     2013 04 20 06 27 28.775     169.6
 2013 04 20 23 28 23.619     2013 04 20 23 31 24.471     180.9
75
 2013 04 20 11 41 32.708     2013 04 20 11 44 27.565     174.9
 2013 04 20 16 36 37.988     2013 04 20 16 39 50.614     192.6
76
 2013 04 20 20 53  8.745     2013 04 20 20 53 10.086       1.3
77
 2013 04 20 12 08 29.066     2013 04 20 12 11  3.860     154.8
78
 2013 04 20 07 18 36.154     2013 04 20 07 21 12.847     156.7
79
 2013 04 20 04 03 52.215     2013 04 20 04 06 33.832     161.6
 2013 04 20 21 06 45.993     2013 04 20 21 09 22.335     156.3
80
 2013 04 20 13 10 26.067     2013 04 20 13 14  9.870     223.8
 2013 04 20 21 27 16.550     2013 04 20 21 30  6.232     169.7
81
 2013 04 20 09 40 38.141     2013 04 20 09 44  8.904     210.8
82
 2013 04 20 02 52  1.404     2013 04 20 02 54 52.549     171.1
 2013 04 20 12 51 53.375     2013 04 20 12 54 50.685     177.3
83
 2013 04 20 09 14 10.843     2013 04 20 09 16 49.842     159.0
 2013 04 20 17 30 23.922     2013 04 20 17 33   .615     156.7
84
 2013 04 20 03 13 55.555     2013 04 20 03 14 51.104      55.5
 2013 04 20 21 54 53.646     2013 04 20 21 58 37.893     224.2
85
 2013 04 20 00 56 44.648     2013 04 20 00 59 22.586     157.9
86
 2013 04 20 16 23 48.802     2013 04 20 16 27 26.593     217.8
 2013 04 20 22 58   .898     2013 04 20 23 01 27.740     206.8
87
 2013 04 20 06 52 20.133     2013 04 20 06 55 22.947     182.8
 2013 04 20 15 09 10.005     2013 04 20 15 11 45.290     155.3
88
89
 2013 04 20 04 04 14.188     2013 04 20 04 05  1.327      47.1
 2013 04 20 21 07 27.515     2013 04 20 21 10 58.528     211.0
90
 2013 04 20 13 10 20.516     2013 04 20 13 13 35.411     194.9
 2013 04 20 21 25 16.666     2013 04 20 21 27 53.303     156.6
91
92
 2013 04 20 19 12 40.666     2013 04 20 19 16  6.065     205.4
93
94
 2013 04 20 19 24 30.679     2013 04 20 19 24 54.094      23.4
95
 2013 04 20 12 23 49.194     2013 04 20 12 27  5.342     196.1
 2013 04 20 20 39 32.000     2013 04 20 20 42 38.847     186.8
96
 2013 04 20 16 20 49.153     2013 04 20 16 23 37.606     168.5
97
 2013 04 20 01 19 27.280     2013 04 20 01 22 12.786     165.5
98
 2013 04 20 10 07  4.580     2013 04 20 10 10 27.024     202.4
 2013 04 20 15 02 36.948     2013 04 20 15 05 46.348     189.4
99
 2013 04 20 17 51 39.131     2013 04 20 17 54 10.983     151.9
100
 2013 04 20 13 10 39.282     2013 04 20 13 13 15.874     156.6
 2013 04 20 21 26 29.309     2013 04 20 21 29  4.074     154.8
101
 2013 04 20 02 08 33.754     2013 04 20 02 12 11.287     217.5
 2013 04 20 10 26 11.468     2013 04 20 10 28 46.840     155.4
102
 2013 04 20 02 57 52.192     2013 04 20 03 00 44.130     171.9
 2013 04 20 11 11 51.591     2013 04 20 11 12 31.494      39.9
103
 2013 04 20 09 48 55.583     2013 04 20 09 48 56.604       1.0
 2013 04 20 21 36 44.371     2013 04 20 21 40  1.760     197.4
104
105
 2013 04 20 04 29 51.226     2013 04 20 04 32 50.821     179.6
 2013 04 20 12 45 39.362     2013 04 20 12 49 17.409     218.0
106
 2013 04 20 11 14 15.401     2013 04 20 11 17  3.309     167.9
107
 2013 04 20 04 56 43.865     2013 04 20 04 56 56.235      12.4
 2013 04 20 20 13 48.638     2013 04 20 20 17 27.701     219.1
108
 2013 04 20 16 22  1.260     2013 04 20 16 24 43.976     162.7
 2013 04 20 22 56 11.073     2013 04 20 22 59 36.387     205.3
109
 2013 04 20 17 03 30.943     2013 04 20 17 03 38.375       7.4
110
 2013 04 20 23 26  5.239     2013 04 20 23 29  3.284     178.0
111
 2013 04 20 01 49 10.600     2013 04 20 01 49 41.258      30.7
 2013 04 20 17 05  2.073     2013 04 20 17 07 49.751     167.7
112
 2013 04 20 05 39 15.717     2013 04 20 05 40 23.306      67.6
 2013 04 20 21 07 47.378     2013 04 20 21 07 52.744       5.4
113
 2013 04 20 09 08 14.894     2013 04 20 09 11 20.824     185.9
 2013 04 20 19 10 41.651     2013 04 20 19 13 26.060     164.4
114
 2013 04 20 08 30 36.590     2013 04 20 08 33 15.154     158.6
 2013 04 20 15 04 29.363     2013 04 20 15 07  6.095     156.7
115
 2013 04 20 06 52 54.182     2013 04 20 06 55 52.849     178.7
 2013 04 20 15 08 56.652     2013 04 20 15 11 39.879     163.2
116
 2013 04 20 05 15 23.308     2013 04 20 05 15 41.200      17.9
 2013 04 20 15 14 45.836     2013 04 20 15 15 40.987      55.2
117
118
 2013 04 20 12 02 35.033     2013 04 20 12 05 55.357     200.3
119
 2013 04 20 00 58 23.992     2013 04 20 00 59  3.445      39.5
 2013 04 20 16 20 17.762     2013 04 20 16 23 40.730     203.0
120
 2013 04 20 09 35 59.721     2013 04 20 09 38 36.008     156.3
121
 2013 04 20 02 41 19.503     2013 04 20 02 43 53.453     153.9
122
 2013 04 20 02 05 14.164     2013 04 20 02 07 54.194     160.0
 2013 04 20 12 04  8.628     2013 04 20 12 07 28.481     199.9
123
 2013 04 20 06 39 50.607     2013 04 20 06 42 38.991     168.4
 2013 04 20 18 28 38.141     2013 04 20 18 32 10.216     212.1
124
 2013 04 20 09 58 44.490     2013 04 20 10 01 42.236     177.7
125
 2013 04 20 16 50 15.157     2013 04 20 16 52 53.084     157.9
126
 2013 04 20 14 01 19.798     2013 04 20 14 05  1.763     222.0
 2013 04 20 15 39 13.242     2013 04 20 15 42 44.372     211.1
 2013 04 20 18 59 31.219     2013 04 20 18 59 44.014      12.8
 2013 04 20 20 34 12.726     2013 04 20 20 37  3.829     171.1
127
 2013 04 20 08 29 27.061     2013 04 20 08 33  7.124     220.1
 2013 04 20 15 03 20.010     2013 04 20 15 06 18.722     178.7
128
 2013 04 20 08 18 53.447     2013 04 20 08 22 20.164     206.7
129
 2013 04 20 20 05 46.250     2013 04 20 20 09 26.140     219.9
130
 2013 04 20 07 33 46.005     2013 04 20 07 36 20.060     154.1
 2013 04 20 17 35  7.054     2013 04 20 17 38 36.692     209.6
131
132
 2013 04 20 01 23 35.991     2013 04 20 01 26 23.051     167.1
133
134
 2013 04 20 02 13 53.524     2013 04 20 02 17  5.774     192.2
 2013 04 20 08 47 28.267     2013 04 20 08 51  3.899     215.6
135
 2013 04 20 09 12 58.178     2013 04 20 09 15 38.920     160.7
136
 2013 04 20 03 00 17.264     2013 04 20 03 03 11.073     173.8
 2013 04 20 09 34 49.290     2013 04 20 09 37 24.209     154.9
137
 2013 04 20 16 21 30.924     2013 04 20 16 25 10.141     219.2
 2013 04 20 22 55 27.862     2013 04 20 22 58 46.963     199.1
138
 2013 04 20 17 32 14.768     2013 04 20 17 34 53.192     158.4
139
 2013 04 20 00 56  4.854     2013 04 20 00 58 46.701     161.8
 2013 04 20 17 57 18.530     2013 04 20 17 58 11.299      52.8
140
 2013 04 20 07 23  8.756     2013 04 20 07 26 41.560     212.8
 2013 04 20 20 54 54.467     2013 04 20 20 55  2.319       7.9
141
 2013 04 20 08 02 22.818     2013 04 20 08 05   .408     157.6
 2013 04 20 23 24 40.092     2013 04 20 23 28   .734     200.6
142
 2013 04 20 21 42  7.943     2013 04 20 21 44 41.770     153.8
143
 2013 04 20 04 24  5.140     2013 04 20 04 26 38.902     153.8
144
 2013 04 20 17 45 54.002     2013 04 20 17 48 34.361     160.4
145
 2013 04 20 03 44   .731     2013 04 20 03 47 34.993     214.3
 2013 04 20 11 58  5.550     2013 04 20 12 00 49.134     163.6
146
147
 2013 04 20 08 29 24.452     2013 04 20 08 32 42.487     198.0
 2013 04 20 15 03 23.104     2013 04 20 15 06 41.171     198.1
148
 2013 04 20 01 17 28.950     2013 04 20 01 20 18.382     169.4
 2013 04 20 11 17 28.774     2013 04 20 11 20 20.179     171.4
149
 2013 04 20 11 25 47.023     2013 04 20 11 28 41.476     174.5
150
 2013 04 20 07 46  1.392     2013 04 20 07 49  8.216     186.8
 2013 04 20 12 41 14.228     2013 04 20 12 43 53.168     158.9
151
 2013 04 20 15 16 33.368     2013 04 20 15 19 18.812     165.4
152
 2013 04 20 09 58 19.441     2013 04 20 10 00 52.279     152.8
 2013 04 20 19 55 33.085     2013 04 20 19 55 47.028      13.9
153
 2013 04 20 04 59 45.432     2013 04 20 05 00 43.980      58.5
154
 2013 04 20 00 33 47.961     2013 04 20 00 36 55.916     188.0
 2013 04 20 08 51 16.815     2013 04 20 08 54 16.985     180.2
155
 2013 04 20 05 18 37.722     2013 04 20 05 21 14.093     156.4
 2013 04 20 13 34  3.064     2013 04 20 13 36 43.555     160.5
156
 2013 04 20 08 05 18.885     2013 04 20 08 08 34.361     195.5
157
158
 2013 04 20 05 07 46.367     2013 04 20 05 11 14.565     208.2
159
 2013 04 20 06 45 38.219     2013 04 20 06 48 12.689     154.5
160
 2013 04 20 01 28 29.462     2013 04 20 01 28 53.921      24.5
 2013 04 20 03 02 53.073     2013 04 20 03 06 22.585     209.5
 2013 04 20 07 58 19.313     2013 04 20 08 00 53.796     154.5
161
 2013 04 20 08 52 49.019     2013 04 20 08 56 11.886     202.9
162
 2013 04 20 12 19 50.233     2013 04 20 12 22 39.582     169.3
 2013 04 20 22 16 55.301     2013 04 20 22 20 28.110     212.8
163
 2013 04 20 11 09 54.498     2013 04 20 11 13 25.319     210.8
164
 2013 04 20 06 43 42.412     2013 04 20 06 46 54.379     192.0
165
 2013 04 20 18 33 50.443     2013 04 20 18 36 35.607     165.2
166
 2013 04 20 08 10 38.248     2013 04 20 08 12  7.006      88.8
167
168
 2013 04 20 11 14  4.814     2013 04 20 11 17 11.980     187.2
169
170
 2013 04 20 19 25 59.398     2013 04 20 19 29 23.578     204.2
171
 2013 04 20 02 44 57.375     2013 04 20 02 46 30.955      93.6
 2013 04 20 14 33 15.912     2013 04 20 14 34 57.180     101.3
172
 2013 04 20 05 59 21.771     2013 04 20 06 02 28.072     186.3
 2013 04 20 15 59 49.364     2013 04 20 16 03 19.580     210.2
173
 2013 04 20 18 25 52.547     2013 04 20 18 29 34.050     221.5
174
 2013 04 20 08 55 33.861     2013 04 20 08 55 36.810       2.9
 2013 04 20 22 30 45.381     2013 04 20 22 33 18.532     153.2
175
 2013 04 20 04 08 33.858     2013 04 20 04 11 33.405     179.5
 2013 04 20 19 26 45.658     2013 04 20 19 28  2.340      76.7
176
 2013 04 20 02 05 32.737     2013 04 20 02 08 12.902     160.2
 2013 04 20 12 03 16.614     2013 04 20 12 06 31.839     195.2
177
 2013 04 20 10 41 36.665     2013 04 20 10 45  7.842     211.2
178
 2013 04 20 21 33 34.750     2013 04 20 21 37 14.017     219.3
179
 2013 04 20 22 15 48.822     2013 04 20 22 18 28.685     159.9
180
 2013 04 20 02 06 13.409     2013 04 20 02 08 53.235     159.8
181
 2013 04 20 05 49  7.164     2013 04 20 05 51 48.628     161.5
182
 2013 04 20 01 10 26.476     2013 04 20 01 13  4.297     157.8
 2013 04 20 12 58 45.432     2013 04 20 13 01 18.563     153.1
183
 2013 04 20 00 53 47.172     2013 04 20 00 54 25.942      38.8
 2013 04 20 17 58 46.326     2013 04 20 18 01 29.658     163.3
 2013 04 20 22 53  7.507     2013 04 20 22 56 37.166     209.7
184
 2013 04 20 09 47 18.551     2013 04 20 09 49 48.998     150.4
185
 2013 04 20 05 37 55.295     2013 04 20 05 40 48.031     172.7
 2013 04 20 22 41 26.414     2013 04 20 22 44  1.614     155.2
186
 2013 04 20 05 50 39.291     2013 04 20 05 54 18.862     219.6
187
 2013 04 20 07 29 10.393     2013 04 20 07 30 46.845      96.5
188
 2013 04 20 04 59 58.052     2013 04 20 05 02 30.364     152.3
 2013 04 20 18 36  1.720     2013 04 20 18 38 40.314     158.6
189
 2013 04 20 18 19 36.333     2013 04 20 18 22 15.346     159.0
190
191
 2013 04 20 01 43 53.098     2013 04 20 01 47 23.507     210.4
 2013 04 20 17 07 37.896     2013 04 20 17 11  1.344     203.4
192
 2013 04 20 08 17   .913     2013 04 20 08 19 46.857     165.9
193
194
 2013 04 20 00 54 42.031     2013 04 20 00 57 24.589     162.6
 2013 04 20 17 57  9.009     2013 04 20 17 59 42.966     154.0
195
 2013 04 20 00 36 59.735     2013 04 20 00 39 34.948     155.2
 2013 04 20 07 15 19.599     2013 04 20 07 15 29.750      10.2
196
 2013 04 20 13 49 41.120     2013 04 20 13 52 15.438     154.3
197
 2013 04 20 05 08  1.062     2013 04 20 05 10 30.877     149.8
 2013 04 20 16 53 25.142     2013 04 20 16 57  2.450     217.3
198
 2013 04 20 01 23 10.664     2013 04 20 01 26 49.835     219.2
 2013 04 20 09 35 44.516     2013 04 20 09 39 27.736     223.2
199
200
 2013 04 20 04 27 58.512     2013 04 20 04 30 34.759     156.2
201
 2013 04 20 08 11 56.384     2013 04 20 08 14 26.926     150.5
202
 2013 04 20 11 37 53.632     2013 04 20 11 41 34.311     220.7
 2013 04 20 18 17 52.769     2013 04 20 18 18  7.961      15.2
203
 2013 04 20 06 31 36.904     2013 04 20 06 34 18.897     162.0
204
 2013 04 20 03 14 18.735     2013 04 20 03 16 56.248     157.5
 2013 04 20 21 56 10.559     2013 04 20 21 59  1.691     171.1
205
 2013 04 20 08 05 59.979     2013 04 20 08 07 38.585      98.6
 2013 04 20 21 46 25.627     2013 04 20 21 50  8.643     223.0
206
 2013 04 20 13 05  2.965     2013 04 20 13 07 47.519     164.6
 2013 04 20 23 05 18.821     2013 04 20 23 08 13.090     174.3
207
 2013 04 20 01 57 22.580     2013 04 20 02 00 16.236     173.7
 2013 04 20 13 46 23.393     2013 04 20 13 49  1.344     158.0
208
 2013 04 20 16 22 45.998     2013 04 20 16 25 56.110     190.1
 2013 04 20 22 57 56.625     2013 04 20 23 00 34.185     157.6
209
 2013 04 20 12 55  8.341     2013 04 20 12 58 42.925     214.6
210
 2013 04 20 07 41 18.467     2013 04 20 07 44 30.538     192.1
211
 2013 04 20 01 02 44.404     2013 04 20 01 06 21.202     216.8
 2013 04 20 14 38 38.712     2013 04 20 14 41 34.024     175.3
212
213
 2013 04 20 13 59 19.375     2013 04 20 14 02 52.829     213.5
214
 2013 04 20 03 44 20.419     2013 04 20 03 47 14.296     173.9
 2013 04 20 11 58 34.509     2013 04 20 12 01 21.651     167.1
215
 2013 04 20 13 54 56.642     2013 04 20 13 55 52.323      55.7
216
 2013 04 20 05 02 25.501     2013 04 20 05 04 55.691     150.2
217
218
 2013 04 20 11 28 47.434     2013 04 20 11 31 17.809     150.4
219
 2013 04 20 10 46 18.502     2013 04 20 10 47 10.186      51.7
 2013 04 20 20 42 39.142     2013 04 20 20 45 28.648     169.5
220
 2013 04 20 13 56 40.726     2013 04 20 14 00 15.043     214.3
 2013 04 20 22 14 37.638     2013 04 20 22 17 25.558     167.9
221
 2013 04 20 05 15 40.072     2013 04 20 05 18 31.869     171.8
222
 2013 04 20 20 07 12.306     2013 04 20 20 09 46.216     153.9
223
 2013 04 20 09 10 10.155     2013 04 20 09 12 48.365     158.2
 2013 04 20 19 09 22.844     2013 04 20 19 12 22.769     179.9
224
 2013 04 20 05 49 15.118     2013 04 20 05 52 53.120     218.0
225
 2013 04 20 12 20 21.112     2013 04 20 12 20 48.461      27.3
226
 2013 04 20 02 14 18.130     2013 04 20 02 16 56.143     158.0
 2013 04 20 07 08 42.579     2013 04 20 07 12  6.728     204.1
 2013 04 20 08 46  9.495     2013 04 20 08 46 45.867      36.4
227
 2013 04 20 10 50 36.974     2013 04 20 10 51 12.294      35.3
 2013 04 20 17 30 21.183     2013 04 20 17 31  3.471      42.3
228
 2013 04 20 09 43 54.857     2013 04 20 09 46 35.879     161.0
 2013 04 20 23 19  5.629     2013 04 20 23 22 23.689     198.1
229
 2013 04 20 06 06 52.007     2013 04 20 06 07 20.509      28.5
 2013 04 20 12 44 45.243     2013 04 20 12 44 58.633      13.4
230
 2013 04 20 02 55 40.941     2013 04 20 02 58 17.139     156.2
 2013 04 20 11 11 51.156     2013 04 20 11 15 11.736     200.6
231
 2013 04 20 07 39 14.747     2013 04 20 07 42 35.523     200.8
 2013 04 20 15 56 39.137     2013 04 20 15 59 15.272     156.1
232
 2013 04 20 01 59  4.181     2013 04 20 02 02 17.003     192.8
233
 2013 04 20 06 03  8.739     2013 04 20 06 06 45.496     216.8
234
 2013 04 20 00 12  5.562     2013 04 20 00 14 38.773     153.2
 2013 04 20 15 31 49.331     2013 04 20 15 35  7.659     198.3
235
 2013 04 20 13 14 57.768     2013 04 20 13 15  8.200      10.4
 2013 04 20 19 49 11.526     2013 04 20 19 50 31.975      80.4
236
 2013 04 20 09 10 58.033     2013 04 20 09 13 36.386     158.4
 2013 04 20 19 08 32.274     2013 04 20 19 08 50.732      18.5
237
 2013 04 20 01 19 10.451     2013 04 20 01 22 55.271     224.8
238
 2013 04 20 02 57 25.108     2013 04 20 03 00  1.505     156.4
 2013 04 20 11 11 44.625     2013 04 20 11 14 42.251     177.6
239
 2013 04 20 11 40 58.222     2013 04 20 11 43 34.709     156.5
 2013 04 20 16 35 22.908     2013 04 20 16 39   .994     218.1
 2013 04 20 18 13  7.069     2013 04 20 18 16 54.191     227.1
240
 2013 04 20 04 51 19.259     2013 04 20 04 54 35.304     196.0
 2013 04 20 21 52 33.838     2013 04 20 21 55 43.280     189.4
241
242
 2013 04 20 09 03 42.050     2013 04 20 09 04 56.992      74.9
 2013 04 20 20 52 57.033     2013 04 20 20 53 22.260      25.2
243
 2013 04 20 02 48 28.514     2013 04 20 02 48 40.312      11.8
 2013 04 20 14 31 20.843     2013 04 20 14 33 57.364     156.5
244
 2013 04 20 06 37 37.518     2013 04 20 06 40  7.530     150.0
245
 2013 04 20 16 59 24.135     2013 04 20 17 02  9.371     165.2
246
247
 2013 04 20 16 12 30.078     2013 04 20 16 15 27.990     177.9
248
 2013 04 20 10 44 19.437     2013 04 20 10 46 53.370     153.9
 2013 04 20 20 43 56.243     2013 04 20 20 46 33.990     157.7
249
 2013 04 20 03 47 54.845     2013 04 20 03 50 33.635     158.8
 2013 04 20 10 21 39.921     2013 04 20 10 24 27.990     168.1
250
 2013 04 20 01 23 54.014     2013 04 20 01 27 31.068     217.1
 2013 04 20 08 04  2.869     2013 04 20 08 04  5.025       2.2
251
 2013 04 20 14 34 30.059     2013 04 20 14 35  2.110      32.1
252
 2013 04 20 12 54 51.761     2013 04 20 12 57 27.129     155.4
253
 2013 04 20 02 50 51.115     2013 04 20 02 53 47.837     176.7
 2013 04 20 12 51  7.797     2013 04 20 12 54  8.803     181.0
254
 2013 04 20 03 33  9.618     2013 04 20 03 36  5.483     175.9
 2013 04 20 15 19 32.922     2013 04 20 15 20 16.468      43.5
255
 2013 04 20 22 16 40.433     2013 04 20 22 19 13.233     152.8
256
 2013 04 20 04 51 24.203     2013 04 20 04 54  4.594     160.4
 2013 04 20 21 53 15.604     2013 04 20 21 56  6.731     171.1
257
 2013 04 20 13 02 33.721     2013 04 20 13 02 48.780      15.1
 2013 04 20 23 10 42.401     2013 04 20 23 11 24.758      42.4
258
 2013 04 20 16 17 34.322     2013 04 20 16 20 27.504     173.2
259
 2013 04 20 10 37 52.255     2013 04 20 10 40 56.509     184.3
 2013 04 20 22 24  4.839     2013 04 20 22 26 43.746     158.9
260
 2013 04 20 03 19 17.697     2013 04 20 03 21 57.447     159.8
 2013 04 20 18 41 28.904     2013 04 20 18 44 25.056     176.2
261
 2013 04 20 08 22 31.675     2013 04 20 08 25 37.659     186.0
 2013 04 20 18 22 39.378     2013 04 20 18 25 47.922     188.5
262
263
 2013 04 20 08 52 26.846     2013 04 20 08 55 54.705     207.9
264
265
 2013 04 20 00 26 34.031     2013 04 20 00 29 47.965     193.9
266
 2013 04 20 07 45 35.022     2013 04 20 07 49 12.048     217.0
 2013 04 20 12 41 20.191     2013 04 20 12 44 14.532     174.3
267
 2013 04 20 16 10 51.083     2013 04 20 16 13 25.508     154.4
268
 2013 04 20 15 34 10.379     2013 04 20 15 37 32.106     201.7
 2013 04 20 22 08 12.441     2013 04 20 22 11 59.043     226.6
269
 2013 04 20 11 35 58.369     2013 04 20 11 39  9.607     191.2
 2013 04 20 19 50 51.314     2013 04 20 19 53 26.844     155.5
270
 2013 04 20 09 08 57.742     2013 04 20 09 12 11.970     194.2
 2013 04 20 19 08 43.962     2013 04 20 19 11 29.515     165.6
271
272
 2013 04 20 20 48 11.798     2013 04 20 20 51 51.790     220.0
273
 2013 04 20 13 52 10.776     2013 04 20 13 52 54.526      43.7
274
 2013 04 20 02 11 11.769     2013 04 20 02 14 11.584     179.8
275
 2013 04 20 00 12 46.688     2013 04 20 00 15 19.856     153.2
276
 2013 04 20 16 21 49.115     2013 04 20 16 25 21.879     212.8
 2013 04 20 22 55 42.927     2013 04 20 22 58 43.940     181.0
277
 2013 04 20 10 03 50.008     2013 04 20 10 06 28.586     158.6
 2013 04 20 16 42 33.494     2013 04 20 16 42 46.539      13.0
278
 2013 04 20 02 12 27.220     2013 04 20 02 15 55.345     208.1
 2013 04 20 03 50  4.719     2013 04 20 03 50 48.432      43.7
 2013 04 20 08 45 53.018     2013 04 20 08 48 29.128     156.1
279
 2013 04 20 02 11  9.251     2013 04 20 02 14 11.156     181.9
280
 2013 04 20 00 24 52.861     2013 04 20 00 25 57.137      64.3
281
 2013 04 20 01 28  7.049     2013 04 20 01 28 19.385      12.3
 2013 04 20 06 24 12.065     2013 04 20 06 26 47.741     155.7
 2013 04 20 23 27 18.238     2013 04 20 23 30 59.021     220.8
282
 2013 04 20 22 21 20.215     2013 04 20 22 24 44.075     203.9
283
 2013 04 20 18 26 25.770     2013 04 20 18 29  5.443     159.7
284
 2013 04 20 22 34 45.715     2013 04 20 22 35 56.039      70.3
285
286
 2013 04 20 13 13 43.188     2013 04 20 13 16 16.961     153.8
 2013 04 20 19 48   .903     2013 04 20 19 50 50.142     169.2
287
288
 2013 04 20 04 26 17.531     2013 04 20 04 29 12.844     175.3
 2013 04 20 14 25 28.562     2013 04 20 14 28   .126     151.6
289
290
 2013 04 20 09 46 16.338     2013 04 20 09 47 16.680      60.3
 2013 04 20 23 17 41.052     2013 04 20 23 20 19.392     158.3
291
 2013 04 20 19 13 49.252     2013 04 20 19 16 19.494     150.2
292
 2013 04 20 08 48 17.338     2013 04 20 08 51 44.852     207.5
293
 2013 04 20 14 41 39.838     2013 04 20 14 41 47.937       8.1
294
 2013 04 20 05 21 29.475     2013 04 20 05 24 11.444     162.0
 2013 04 20 11 56  8.908     2013 04 20 11 58 52.674     163.8
295
 2013 04 20 08 27 52.733     2013 04 20 08 31  6.614     193.9
 2013 04 20 16 43  7.964     2013 04 20 16 46 35.200     207.2
296
 2013 04 20 04 34 12.778     2013 04 20 04 36 51.618     158.8
 2013 04 20 11 08 19.039     2013 04 20 11 11  2.304     163.3
297
 2013 04 20 02 53 35.149     2013 04 20 02 56 26.612     171.5
298
 2013 04 20 02 40 41.891     2013 04 20 02 44 15.390     213.5
299
 2013 04 20 09 20  1.917     2013 04 20 09 20 32.810      30.9
 2013 04 20 10 54 24.767     2013 04 20 10 56 25.913     121.1
 2013 04 20 15 50 23.425     2013 04 20 15 53 20.843     177.4
300
 2013 04 20 11 56 55.170     2013 04 20 12 00 18.219     203.0
301
 2013 04 20 16 25 17.923     2013 04 20 16 28 46.875     209.0
 2013 04 20 21 20 54.442     2013 04 20 21 23 42.118     167.7
302
 2013 04 20 16 21   .395     2013 04 20 16 23 41.650     161.3
303
 2013 04 20 14 02 31.307     2013 04 20 14 05 47.789     196.5
 2013 04 20 20 35 57.394     2013 04 20 20 39 44.153     226.8
304
 2013 04 20 02 31 40.081     2013 04 20 02 34 28.409     168.3
 2013 04 20 17 53  9.383     2013 04 20 17 56 37.792     208.4
305
 2013 04 20 14 00 11.502     2013 04 20 14 03  3.354     171.9
 2013 04 20 20 34 19.509     2013 04 20 20 37 49.308     209.8
306
 2013 04 20 08 25 37.597     2013 04 20 08 28 52.956     195.4
 2013 04 20 16 43 30.763     2013 04 20 16 47  3.896     213.1
307
 2013 04 20 02 38  3.585     2013 04 20 02 41  3.839     180.3
 2013 04 20 16 13 30.870     2013 04 20 16 16  1.563     150.7
308
 2013 04 20 05 55 42.175     2013 04 20 05 56   .026      17.9
309
 2013 04 20 07 17 49.826     2013 04 20 07 21 16.162     206.3
310
 2013 04 20 14 43 59.459     2013 04 20 14 44 14.655      15.2
 2013 04 20 23 02 11.993     2013 04 20 23 04 47.495     155.5
311
 2013 04 20 13 13 10.168     2013 04 20 13 15 55.088     164.9
 2013 04 20 19 47 17.660     2013 04 20 19 50 34.022     196.4
312
 2013 04 20 00 30 27.647     2013 04 20 00 33 12.556     164.9
 2013 04 20 10 30   .728     2013 04 20 10 33  5.397     184.7
313
 2013 04 20 10 41 51.267     2013 04 20 10 44 32.993     161.7
314
 2013 04 20 08 02 33.497     2013 04 20 08 05 18.643     165.1
 2013 04 20 23 23 54.998     2013 04 20 23 27  8.398     193.4
315
 2013 04 20 00 34 30.841     2013 04 20 00 38 14.394     223.6
 2013 04 20 08 49 13.016     2013 04 20 08 51 48.656     155.6
316
 2013 04 20 10 04 30.213     2013 04 20 10 07 14.012     163.8
 2013 04 20 16 39 21.927     2013 04 20 16 42 27.252     185.3
317
 2013 04 20 04 48 42.635     2013 04 20 04 51 26.213     163.6
 2013 04 20 23 30 27.074     2013 04 20 23 33 21.734     174.7
318
 2013 04 20 03 48 15.585     2013 04 20 03 50 58.916     163.3
 2013 04 20 10 21 38.106     2013 04 20 10 24 49.868     191.8
319
 2013 04 20 01 47 59.458     2013 04 20 01 50 31.082     151.6
320
 2013 04 20 11 26 48.171     2013 04 20 11 29 41.845     173.7
321
 2013 04 20 02 57  8.909     2013 04 20 03 00 18.920     190.0
 2013 04 20 11 12 36.840     2013 04 20 11 15 47.753     190.9
322
 2013 04 20 11 31 47.025     2013 04 20 11 34 28.115     161.1
 2013 04 20 21 31 11.270     2013 04 20 21 34 15.471     184.2
323
 2013 04 20 02 56 38.649     2013 04 20 02 59 58.884     200.2
 2013 04 20 11 13  1.546     2013 04 20 11 15 47.072     165.5
324
 2013 04 20 02 36 43.050     2013 04 20 02 39 38.715     175.7
 2013 04 20 16 15 11.278     2013 04 20 16 18  5.634     174.4
325
 2013 04 20 03 42 42.064     2013 04 20 03 45 22.177     160.1
 2013 04 20 11 58 42.126     2013 04 20 12 02 22.069     219.9
326
 2013 04 20 03 32 25.005     2013 04 20 03 35 25.500     180.5
 2013 04 20 15 20 22.207     2013 04 20 15 23 32.155     189.9
327
 2013 04 20 06 30  5.819     2013 04 20 06 33  7.956     182.1
 2013 04 20 21 48 34.217     2013 04 20 21 52  9.220     215.0
328
 2013 04 20 09 11 13.139     2013 04 20 09 13 57.122     164.0
 2013 04 20 19 07 45.676     2013 04 20 19 08 12.451      26.8
329
 2013 04 20 02 51 42.673     2013 04 20 02 54 28.529     165.9
 2013 04 20 12 51 15.215     2013 04 20 12 53 46.288     151.1
330
 2013 04 20 00 20  1.696     2013 04 20 00 22 38.920     157.2
331
332
 2013 04 20 23 02  3.147     2013 04 20 23 05 36.200     213.1
333
334
 2013 04 20 04 17 37.962     2013 04 20 04 20 11.952     154.0
 2013 04 20 16 07 48.597     2013 04 20 16 07 51.239       2.6
335
 2013 04 20 02 01 42.138     2013 04 20 02 04 43.699     181.6
336
 2013 04 20 13 14 23.101     2013 04 20 13 17 52.156     209.1
 2013 04 20 14 52  9.700     2013 04 20 14 55 44.284     214.6
 2013 04 20 18 08 41.222     2013 04 20 18 10 10.011      88.8
 2013 04 20 19 46 59.162     2013 04 20 19 50  3.797     184.6
337
 2013 04 20 07 39   .454     2013 04 20 07 39 30.644      30.2
 2013 04 20 17 33 13.838     2013 04 20 17 35 56.603     162.8
338
 2013 04 20 06 35 49.730     2013 04 20 06 39 13.513     203.8
339
 2013 04 20 09 03 40.743     2013 04 20 09 07 25.659     224.9
 2013 04 20 20 48 45.242     2013 04 20 20 51 38.540     173.3
340
341
 2013 04 20 07 29 10.795     2013 04 20 07 32 43.202     212.4
342
343
 2013 04 20 03 17 36.803     2013 04 20 03 20 10.948     154.1
 2013 04 20 20 18 43.030     2013 04 20 20 22 19.892     216.9
344
 2013 04 20 04 26   .191     2013 04 20 04 28 34.165     154.0
 2013 04 20 14 26 19.356     2013 04 20 14 28 50.391     151.0
345
 2013 04 20 00 41 58.431     2013 04 20 00 45 34.495     216.1
 2013 04 20 03 58 31.167     2013 04 20 04 02 23.503     232.3
 2013 04 20 05 36 48.528     2013 04 20 05 39 54.020     185.5
 2013 04 20 22 40 59.730     2013 04 20 22 44 37.396     217.7
346
 2013 04 20 04 18 50.077     2013 04 20 04 21 36.572     166.5
 2013 04 20 16 08  8.417     2013 04 20 16 10 38.353     149.9
347
 2013 04 20 02 52 15.071     2013 04 20 02 55 41.515     206.4
 2013 04 20 12 50 13.598     2013 04 20 12 52 59.190     165.6
348
 2013 04 20 04 30 37.810     2013 04 20 04 31  7.563      29.8
 2013 04 20 12 47 59.268     2013 04 20 12 50 43.767     164.5
349
 2013 04 20 03 39 35.316     2013 04 20 03 42 10.985     155.7
 2013 04 20 13 38 40.714     2013 04 20 13 41 46.481     185.8
350
 2013 04 20 19 30  6.636     2013 04 20 19 33  3.638     177.0
351
 2013 04 20 07 36 34.715     2013 04 20 07 39 20.768     166.1
 2013 04 20 17 33 26.770     2013 04 20 17 35 18.259     111.5
352
 2013 04 20 14 28 22.536     2013 04 20 14 31  6.033     163.5
353
 2013 04 20 06 38 44.629     2013 04 20 06 41 14.881     150.3
354
355
 2013 04 20 07 30  5.041     2013 04 20 07 32 41.201     156.2
 2013 04 20 19 14 33.019     2013 04 20 19 15  1.286      28.3
356
 2013 04 20 17 46 31.576     2013 04 20 17 49  3.867     152.3
357
 2013 04 20 09 50 36.718     2013 04 20 09 50 54.689      18.0
358
 2013 04 20 04 55 37.345     2013 04 20 04 58 43.943     186.6
 2013 04 20 20 14  1.656     2013 04 20 20 17 38.006     216.4
359
 2013 04 20 00 15 23.780     2013 04 20 00 17 55.848     152.1
 2013 04 20 13 52 33.817     2013 04 20 13 55 43.329     189.5
360
 2013 04 20 00 12 58.874     2013 04 20 00 16   .462     181.6
361
 2013 04 20 03 20 38.868     2013 04 20 03 23 49.629     190.8
 2013 04 20 18 39 55.238     2013 04 20 18 42 53.752     178.5
362
 2013 04 20 22 14 43.547     2013 04 20 22 18  2.698     199.2
363
 2013 04 20 17 37 51.186     2013 04 20 17 40 38.098     166.9
364
 2013 04 20 06 48 49.244     2013 04 20 06 52 17.529     208.3
 2013 04 20 16 45 55.510     2013 04 20 16 49  7.838     192.3
365
366
 2013 04 20 10 50  8.553     2013 04 20 10 53 38.363     209.8
367
 2013 04 20 01 53 22.875     2013 04 20 01 53 54.534      31.7
 2013 04 20 15 25 35.191     2013 04 20 15 28 32.613     177.4
368
 2013 04 20 04 33  9.023     2013 04 20 04 36 29.797     200.8
 2013 04 20 11 07  9.961     2013 04 20 11 10 35.286     205.3
369
 2013 04 20 02 29 58.076     2013 04 20 02 30 37.154      39.1
 2013 04 20 19 32 52.051     2013 04 20 19 34 23.873      91.8
370
 2013 04 20 06 01 49.771     2013 04 20 06 04 27.036     157.3
 2013 04 20 15 59 31.024     2013 04 20 16 02 55.221     204.2
371
 2013 04 20 04 13 19.119     2013 04 20 04 15 53.427     154.3
 2013 04 20 17 48  6.062     2013 04 20 17 51  3.541     177.5
372
 2013 04 20 15 22 34.941     2013 04 20 15 25 41.355     186.4
373
 2013 04 20 04 51 33.010     2013 04 20 04 54 54.324     201.3
 2013 04 20 21 54 27.136     2013 04 20 21 57 40.751     193.6
374
 2013 04 20 17 59  3.574     2013 04 20 18 01 43.508     159.9
 2013 04 20 22 53 27.433     2013 04 20 22 56 40.656     193.2
375
 2013 04 20 06 55 13.586     2013 04 20 06 57 48.335     154.7
 2013 04 20 13 29 50.115     2013 04 20 13 33 27.965     217.8
376
 2013 04 20 15 11 42.473     2013 04 20 15 14 20.538     158.1
377
 2013 04 20 03 19 55.249     2013 04 20 03 22 46.384     171.1
 2013 04 20 18 40 34.076     2013 04 20 18 43  9.614     155.5
378
 2013 04 20 01 52 22.912     2013 04 20 01 55  1.474     158.6
 2013 04 20 15 25 24.015     2013 04 20 15 27 21.460     117.4
379
 2013 04 20 02 02 51.007     2013 04 20 02 05 26.469     155.5
 2013 04 20 12 04 52.670     2013 04 20 12 08 31.066     218.4
380
 2013 04 20 21 41 40.882     2013 04 20 21 44 29.687     168.8
381
 2013 04 20 08 10 48.510     2013 04 20 08 14 15.948     207.4
382
 2013 04 20 00 14 27.428     2013 04 20 00 17  7.702     160.3
 2013 04 20 13 56  8.339     2013 04 20 13 57   .091      51.8
383
 2013 04 20 00 38 18.763     2013 04 20 00 41 44.939     206.2
 2013 04 20 02 15 58.599     2013 04 20 02 19 48.423     229.8
 2013 04 20 07 11 24.979     2013 04 20 07 14  8.711     163.7
384
 2013 04 20 08 17 45.222     2013 04 20 08 20 23.886     158.7
385
 2013 04 20 20 55  8.875     2013 04 20 20 57 40.951     152.1
386
 2013 04 20 20 00 16.148     2013 04 20 20 02 51.857     155.7
387
 2013 04 20 07 41 38.603     2013 04 20 07 42  6.824      28.2
 2013 04 20 14 21 38.461     2013 04 20 14 22  9.850      31.4
388
389
 2013 04 20 12 28 19.535     2013 04 20 12 29 40.130      80.6
 2013 04 20 17 24 18.281     2013 04 20 17 27 56.159     217.9
390
 2013 04 20 09 03 10.539     2013 04 20 09 05 46.421     155.9
 2013 04 20 20 50 44.092     2013 04 20 20 53 28.901     164.8
391
 2013 04 20 19 25 44.352     2013 04 20 19 28 53.982     189.6
392
 2013 04 20 01 19  9.567     2013 04 20 01 22  8.046     178.5
393
 2013 04 20 05 09 27.668     2013 04 20 05 12 16.520     168.9
394
 2013 04 20 04 47 20.732     2013 04 20 04 50 59.806     219.1
 2013 04 20 06 24 58.892     2013 04 20 06 25 37.695      38.8
 2013 04 20 23 29 32.129     2013 04 20 23 32  8.541     156.4
395
 2013 04 20 05 42 38.574     2013 04 20 05 45 43.368     184.8
 2013 04 20 21 01 29.228     2013 04 20 21 04 47.228     198.0
396
397
398
 2013 04 20 10 51 25.185     2013 04 20 10 54 16.318     171.1
 2013 04 20 17 26 30.610     2013 04 20 17 29 59.101     208.5
399
 2013 04 20 19 26  6.810     2013 04 20 19 28 41.774     155.0
400
 2013 04 20 04 16 46.465     2013 04 20 04 19 24.716     158.3
401
 2013 04 20 06 53 17.025     2013 04 20 06 56 20.521     183.5
 2013 04 20 15 08 43.714     2013 04 20 15 11 51.955     188.2
402
 2013 04 20 03 38 40.525     2013 04 20 03 41 56.901     196.4
 2013 04 20 13 37 57.070     2013 04 20 13 40 33.520     156.4
403
 2013 04 20 11 39   .788     2013 04 20 11 41 59.028     178.2
 2013 04 20 18 14 10.634     2013 04 20 18 17  6.908     176.3
404
 2013 04 20 08 01 55.612     2013 04 20 08 04 45.338     169.7
 2013 04 20 23 27 21.828     2013 04 20 23 27 37.389      15.6
405
 2013 04 20 22 58 47.849     2013 04 20 23 01 24.936     157.1
406
 2013 04 20 03 41 28.017     2013 04 20 03 44  1.007     153.0
407
 2013 04 20 05 08 12.742     2013 04 20 05 11 52.726     220.0
408
 2013 04 20 06 08 32.446     2013 04 20 06 11 57.146     204.7
 2013 04 20 07 46  4.280     2013 04 20 07 46 11.559       7.3
 2013 04 20 12 42  7.919     2013 04 20 12 44 42.489     154.6
409
 2013 04 20 02 38 19.638     2013 04 20 02 41 14.204     174.6
 2013 04 20 16 14 29.476     2013 04 20 16 17 26.918     177.4
410
 2013 04 20 13 56 52.817     2013 04 20 13 59 40.265     167.4
 2013 04 20 22 12 45.466     2013 04 20 22 16  8.530     203.1
411
 2013 04 20 18 15 13.808     2013 04 20 18 18 21.972     188.2
412
 2013 04 20 09 17 33.317     2013 04 20 09 20 20.340     167.0
 2013 04 20 15 51 30.943     2013 04 20 15 54 12.542     161.6
413
 2013 04 20 08 11 54.850     2013 04 20 08 15 32.641     217.8
414
415
 2013 04 20 11 13 46.432     2013 04 20 11 16 40.119     173.7
416
 2013 04 20 07 45 35.446     2013 04 20 07 48 24.428     169.0
 2013 04 20 12 40 33.573     2013 04 20 12 43 32.573     179.0
417
418
 2013 04 20 03 44 27.629     2013 04 20 03 48 10.592     223.0
 2013 04 20 11 57 39.501     2013 04 20 12 00 53.224     193.7
419
 2013 04 20 00 51 32.551     2013 04 20 00 55  9.246     216.7
 2013 04 20 19 33 28.216     2013 04 20 19 36 12.776     164.6
420
 2013 04 20 07 42  7.622     2013 04 20 07 45 27.855     200.2
 2013 04 20 14 17 50.211     2013 04 20 14 21 34.460     224.2
421
 2013 04 20 08 15 13.040     2013 04 20 08 18  8.294     175.3
 2013 04 20 20 02 56.893     2013 04 20 20 05 38.015     161.1
422
 2013 04 20 02 56 54.633     2013 04 20 03 00 23.132     208.5
 2013 04 20 11 10 57.407     2013 04 20 11 13 41.957     164.5
423
 2013 04 20 19 02 35.838     2013 04 20 19 05 27.070     171.2
424
 2013 04 20 10 51 10.539     2013 04 20 10 54 32.270     201.7
 2013 04 20 17 26 54.165     2013 04 20 17 30 26.358     212.2
425
 2013 04 20 12 23 42.341     2013 04 20 12 26 18.198     155.9
 2013 04 20 20 39  4.994     2013 04 20 20 41 41.137     156.1
426
 2013 04 20 01 48 19.573     2013 04 20 01 51 37.588     198.0
427
 2013 04 20 01 25 24.014     2013 04 20 01 28  9.830     165.8
 2013 04 20 07 59 16.533     2013 04 20 08 01 53.123     156.6
428
 2013 04 20 10 02 43.736     2013 04 20 10 05 21.779     158.0
 2013 04 20 18 16 27.727     2013 04 20 18 19 43.855     196.1
429
 2013 04 20 04 53 59.793     2013 04 20 04 55 26.720      86.9
 2013 04 20 20 16 51.771     2013 04 20 20 19 32.428     160.7
430
 2013 04 20 18 19 14.706     2013 04 20 18 22 25.333     190.6
431
 2013 04 20 03 58 57.145     2013 04 20 03 59 45.168      48.0
 2013 04 20 05 37 10.455     2013 04 20 05 40 25.994     195.5
 2013 04 20 22 41 28.643     2013 04 20 22 44 30.614     182.0
432
 2013 04 20 05 59 46.884     2013 04 20 06 02 51.899     185.0
 2013 04 20 16 01 40.249     2013 04 20 16 04 11.689     151.4
433
 2013 04 20 02 39 42.948     2013 04 20 02 40 28.871      45.9
 2013 04 20 16 12 42.752     2013 04 20 16 13 36.210      53.5
434
 2013 04 20 20 08 27.618     2013 04 20 20 09 41.693      74.1
435
 2013 04 20 00 21 39.545     2013 04 20 00 25  9.235     209.7
 2013 04 20 12 12 58.562     2013 04 20 12 13 59.344      60.8
436
 2013 04 20 16 51 18.235     2013 04 20 16 53 51.933     153.7
437
 2013 04 20 10 31 42.629     2013 04 20 10 34 57.305     194.7
438
 2013 04 20 14 48 33.289     2013 04 20 14 51 35.366     182.1
 2013 04 20 21 23 24.820     2013 04 20 21 26   .176     155.4
439
 2013 04 20 04 04 36.971     2013 04 20 04 07 12.882     155.9
 2013 04 20 21 06 15.971     2013 04 20 21 09 33.035     197.1
440
 2013 04 20 14 22 58.707     2013 04 20 14 25 33.353     154.6
441
 2013 04 20 13 55 31.813     2013 04 20 13 58 45.283     193.5
442
 2013 04 20 00 29 38.661     2013 04 20 00 32  9.511     150.8
 2013 04 20 10 30 10.469     2013 04 20 10 32 46.978     156.5
443
 2013 04 20 03 43  6.567     2013 04 20 03 46 35.431     208.9
 2013 04 20 12 00 33.633     2013 04 20 12 03  9.157     155.5
444
445
 2013 04 20 20 55 19.854     2013 04 20 20 57 59.995     160.1
446
 2013 04 20 06 40  3.692     2013 04 20 06 42 43.441     159.7
 2013 04 20 18 29 53.975     2013 04 20 18 32 40.088     166.1
447
 2013 04 20 23 07  3.724     2013 04 20 23 10 45.744     222.0
448
 2013 04 20 06 37 41.691     2013 04 20 06 40 21.495     159.8
449
450
 2013 04 20 15 18 32.513     2013 04 20 15 19 31.111      58.6
451
 2013 04 20 06 34 18.597     2013 04 20 06 36 50.812     152.2
 2013 04 20 20 10 15.754     2013 04 20 20 12 49.557     153.8
452
 2013 04 20 06 25 44.969     2013 04 20 06 29 31.196     226.2
 2013 04 20 23 26 33.189     2013 04 20 23 30  3.568     210.4
453
 2013 04 20 06 29 58.395     2013 04 20 06 32 30.585     152.2
 2013 04 20 21 49 33.403     2013 04 20 21 52 49.996     196.6
454
 2013 04 20 01 24 23.550     2013 04 20 01 26 59.050     155.5
 2013 04 20 07 58 55.721     2013 04 20 07 58 56.373        .7
455
 2013 04 20 10 05  7.580     2013 04 20 10 08 36.858     209.3
 2013 04 20 16 40 21.684     2013 04 20 16 42 58.388     156.7
456
 2013 04 20 08 26  7.636     2013 04 20 08 29 17.147     189.5
 2013 04 20 16 43 38.260     2013 04 20 16 46 37.416     179.2
457
 2013 04 20 10 54  1.838     2013 04 20 10 57 39.535     217.7
 2013 04 20 15 49 46.665     2013 04 20 15 53 14.984     208.3
458
 2013 04 20 20 36 37.184     2013 04 20 20 40  5.322     208.1
459
 2013 04 20 04 11  4.796     2013 04 20 04 12 45.762     101.0
 2013 04 20 17 50 19.347     2013 04 20 17 52 51.201     151.9
460
 2013 04 20 13 58 23.221     2013 04 20 14 01 24.289     181.1
 2013 04 20 22 12 32.675     2013 04 20 22 15 19.757     167.1
461
 2013 04 20 05 41  9.586     2013 04 20 05 43 53.764     164.2
 2013 04 20 21 03 17.351     2013 04 20 21 05 58.925     161.6
462
 2013 04 20 04 11 17.697     2013 04 20 04 13 51.787     154.1
 2013 04 20 17 48 53.782     2013 04 20 17 52 11.664     197.9
463
 2013 04 20 02 42 44.578     2013 04 20 02 45 56.828     192.3
 2013 04 20 14 34 20.431     2013 04 20 14 37 37.461     197.0
464
 2013 04 20 09 16  1.691     2013 04 20 09 18 37.724     156.0
 2013 04 20 17 29 10.842     2013 04 20 17 29 22.647      11.8
465
 2013 04 20 05 40 32.188     2013 04 20 05 44 10.754     218.6
 2013 04 20 21 01 30.504     2013 04 20 21 04 40.350     189.8
466
 2013 04 20 13 15 34.197     2013 04 20 13 18 36.490     182.3
 2013 04 20 18 10 43.734     2013 04 20 18 14 32.158     228.4
 2013 04 20 19 48 21.621     2013 04 20 19 48 29.044       7.4
467
 2013 04 20 16 09 20.488     2013 04 20 16 10 17.653      57.2
468
 2013 04 20 03 47 38.658     2013 04 20 03 50 13.376     154.7
 2013 04 20 10 21 17.924     2013 04 20 10 23 56.541     158.6
469
 2013 04 20 04 30 31.796     2013 04 20 04 33 27.461     175.7
 2013 04 20 12 46   .886     2013 04 20 12 48 49.653     168.8
470
 2013 04 20 00 57 35.337     2013 04 20 01 00 13.623     158.3
 2013 04 20 16 19 39.108     2013 04 20 16 22 33.926     174.8
471
 2013 04 20 09 17  5.651     2013 04 20 09 20  8.005     182.4
 2013 04 20 15 51  5.061     2013 04 20 15 54  2.479     177.4
472
 2013 04 20 14 43  7.870     2013 04 20 14 46  9.171     181.3
473
 2013 04 20 10 50 29.341     2013 04 20 10 53 45.873     196.5
474
475
 2013 04 20 16 16 29.074     2013 04 20 16 19 29.188     180.1
476
 2013 04 20 05 38 10.777     2013 04 20 05 41 38.972     208.2
 2013 04 20 22 41 55.694     2013 04 20 22 44 36.662     161.0
477
 2013 04 20 06 27 18.669     2013 04 20 06 29 51.876     153.2
478
 2013 04 20 08 15 17.594     2013 04 20 08 15 40.559      23.0
 2013 04 20 20 04 10.627     2013 04 20 20 07 46.613     216.0
479
480
 2013 04 20 04 36 18.305     2013 04 20 04 38 55.477     157.2
 2013 04 20 09 30 47.380     2013 04 20 09 33 55.269     187.9
481
 2013 04 20 03 00 18.697     2013 04 20 03 03 18.978     180.3
 2013 04 20 09 33 30.804     2013 04 20 09 36 13.129     162.3
482
 2013 04 20 07 40 13.089     2013 04 20 07 44  2.701     229.6
 2013 04 20 15 56 24.068     2013 04 20 15 59 41.795     197.7
483
484
 2013 04 20 07 30   .565     2013 04 20 07 33  7.050     186.5
485
 2013 04 20 06 26 26.266     2013 04 20 06 29 10.489     164.2
 2013 04 20 23 28 15.916     2013 04 20 23 31 44.780     208.9
486
 2013 04 20 12 28  8.219     2013 04 20 12 30 53.736     165.5
 2013 04 20 17 26 57.913     2013 04 20 17 27  3.728       5.8
 2013 04 20 19 01  4.957     2013 04 20 19 04 40.828     215.9
487
 2013 04 20 03 19 50.117     2013 04 20 03 22 34.811     164.7
 2013 04 20 18 40 41.664     2013 04 20 18 43 19.435     157.8
488
 2013 04 20 08 09 46.708     2013 04 20 08 12 36.492     169.8
 2013 04 20 21 44 17.711     2013 04 20 21 45 14.684      57.0
489
490
 2013 04 20 08 25 16.964     2013 04 20 08 27 49.123     152.2
491
 2013 04 20 02 11  7.016     2013 04 20 02 14 39.133     212.1
 2013 04 20 08 45  6.382     2013 04 20 08 48 50.280     223.9
492
 2013 04 20 05 55 25.985     2013 04 20 05 55 40.589      14.6
 2013 04 20 17 39  2.858     2013 04 20 17 42 42.211     219.4
493
 2013 04 20 17 59 41.129     2013 04 20 18 02 18.352     157.2
 2013 04 20 22 54 22.082     2013 04 20 22 57 14.346     172.3
494
 2013 04 20 14 23 49.635     2013 04 20 14 26 41.858     172.2
495
 2013 04 20 13 09 38.110     2013 04 20 13 12 58.877     200.8
 2013 04 20 21 27 14.236     2013 04 20 21 30   .466     166.2
496
 2013 04 20 00 20 41.115     2013 04 20 00 23 44.716     183.6
 2013 04 20 12 15 25.996     2013 04 20 12 16 23.983      58.0
497
 2013 04 20 11 23 35.347     2013 04 20 11 26  6.644     151.3
 2013 04 20 23 12 58.892     2013 04 20 23 15 49.450     170.6
498
 2013 04 20 21 04 11.280     2013 04 20 21 07  4.240     173.0
499
500
 2013 04 20 10 32 41.041     2013 04 20 10 35 14.612     153.6
501
 2013 04 20 05 18 22.955     2013 04 20 05 21 17.871     174.9
 2013 04 20 13 33 11.733     2013 04 20 13 35 47.043     155.3
502
 2013 04 20 12 20 25.230     2013 04 20 12 23  4.414     159.2
503
 2013 04 20 04 31 25.124     2013 04 20 04 34  2.798     157.7
 2013 04 20 12 46 24.127     2013 04 20 12 49   .124     156.0
504
 2013 04 20 21 46 28.419     2013 04 20 21 49 42.981     194.6
505
 2013 04 20 13 56 38.970     2013 04 20 13 59 19.089     160.1
 2013 04 20 22 13 30.930     2013 04 20 22 17  6.253     215.3
506
 2013 04 20 15 34 56.198     2013 04 20 15 37 52.355     176.2
 2013 04 20 22 10  7.037     2013 04 20 22 13 22.505     195.5
507
 2013 04 20 06 02 36.363     2013 04 20 06 05 47.705     191.3
508
 2013 04 20 21 51 45.832     2013 04 20 21 54 57.731     191.9
509
 2013 04 20 23 07 37.463     2013 04 20 23 10 11.323     153.9
510
 2013 04 20 23 14 42.023     2013 04 20 23 16 56.868     134.8
511
 2013 04 20 07 45 54.754     2013 04 20 07 49  9.229     194.5
 2013 04 20 12 41 16.657     2013 04 20 12 43 58.638     162.0
512
 2013 04 20 08 59 18.604     2013 04 20 09 02 13.841     175.2
513
 2013 04 20 21 24 26.381     2013 04 20 21 27  1.639     155.3
514
 2013 04 20 02 54 14.215     2013 04 20 02 54 23.941       9.7
515
 2013 04 20 05 11 46.994     2013 04 20 05 15  9.983     203.0
 2013 04 20 15 14 46.479     2013 04 20 15 17 34.935     168.5
516
 2013 04 20 21 41  6.957     2013 04 20 21 43 59.373     172.4
517
 2013 04 20 23 16 31.787     2013 04 20 23 19 18.297     166.5
518
 2013 04 20 01 16 41.919     2013 04 20 01 20  5.073     203.2
 2013 04 20 11 16 16.676     2013 04 20 11 18 58.258     161.6
519
 2013 04 20 21 04 48.111     2013 04 20 21 07 26.793     158.7
520
 2013 04 20 08 27 20.175     2013 04 20 08 30 52.358     212.2
 2013 04 20 16 41 33.517     2013 04 20 16 44 13.867     160.3
521
 2013 04 20 06 44 11.452     2013 04 20 06 46 49.039     157.6
522
 2013 04 20 22 28 15.210     2013 04 20 22 28 44.971      29.8
523
 2013 04 20 02 27 32.779     2013 04 20 02 30 48.384     195.6
 2013 04 20 19 30 20.867     2013 04 20 19 34  3.583     222.7
524
 2013 04 20 15 30  6.168     2013 04 20 15 32 53.643     167.5
525
 2013 04 20 22 21 22.496     2013 04 20 22 23 57.277     154.8
526
 2013 04 20 14 36 19.294     2013 04 20 14 38 52.434     153.1
527
 2013 04 20 02 32 42.009     2013 04 20 02 36 18.175     216.2
 2013 04 20 17 54 49.767     2013 04 20 17 57 42.016     172.2
528
 2013 04 20 14 44 15.447     2013 04 20 14 46 49.569     154.1
 2013 04 20 23 00 19.474     2013 04 20 23 03 35.044     195.6
529
 2013 04 20 09 17  2.400     2013 04 20 09 17 21.448      19.0
 2013 04 20 15 53 23.342     2013 04 20 15 56  7.927     164.6
530
 2013 04 20 10 04 15.009     2013 04 20 10 06 50.043     155.0
 2013 04 20 16 38 51.665     2013 04 20 16 42 20.903     209.2
531
 2013 04 20 08 16 42.602     2013 04 20 08 19 14.124     151.5
 2013 04 20 20 02 30.821     2013 04 20 20 05 45.777     195.0
532
 2013 04 20 13 48  3.604     2013 04 20 13 48 26.035      22.4
533
 2013 04 20 15 14 44.778     2013 04 20 15 15 28.830      44.1
534
 2013 04 20 00 06 50.774     2013 04 20 00 09 25.600     154.8
 2013 04 20 17 09 53.403     2013 04 20 17 12 53.400     180.0
 2013 04 20 23 43 40.363     2013 04 20 23 46 17.416     157.1
535
 2013 04 20 08 11  7.657     2013 04 20 08 13 43.178     155.5
536
 2013 04 20 07 32 47.676     2013 04 20 07 35 21.925     154.2
537
 2013 04 20 06 11  5.770     2013 04 20 06 14 30.543     204.8
 2013 04 20 11 06 40.060     2013 04 20 11 09 37.783     177.7
538
 2013 04 20 06 02 56.026     2013 04 20 06 03 16.726      20.7
 2013 04 20 15 59  3.653     2013 04 20 16 02 33.893     210.2
539
 2013 04 20 05 52 35.390     2013 04 20 05 55 42.098     186.7
 2013 04 20 17 41  9.022     2013 04 20 17 44 38.467     209.4
540
 2013 04 20 16 11 43.705     2013 04 20 16 14 17.572     153.9
541
 2013 04 20 13 00 21.003     2013 04 20 13 01 15.085      54.1
542
 2013 04 20 14 47 19.737     2013 04 20 14 49 53.302     153.6
 2013 04 20 21 25  3.389     2013 04 20 21 25 50.722      47.3
543
 2013 04 20 23 17  8.391     2013 04 20 23 20 12.428     184.0
544
545
 2013 04 20 07 41 57.868     2013 04 20 07 45 28.901     211.0
 2013 04 20 14 15 58.144     2013 04 20 14 19 24.682     206.5
546
 2013 04 20 07 34 16.467     2013 04 20 07 34 54.569      38.1
547
 2013 04 20 10 37 48.481     2013 04 20 10 38  8.190      19.7
 2013 04 20 22 23 28.116     2013 04 20 22 26  6.875     158.8
548
 2013 04 20 17 33 18.537     2013 04 20 17 36  1.801     163.3
549
550
 2013 04 20 21 28  6.069     2013 04 20 21 31 10.111     184.0
551
 2013 04 20 18 00  3.399     2013 04 20 18 03  7.068     183.7
 2013 04 20 22 55 12.458     2013 04 20 22 57 51.887     159.4
552
 2013 04 20 09 51 38.533     2013 04 20 09 54 30.833     172.3
553
 2013 04 20 08 25 32.531     2013 04 20 08 29  5.859     213.3
 2013 04 20 16 44 41.292     2013 04 20 16 45 13.643      32.4
554
 2013 04 20 10 49 23.803     2013 04 20 10 52  1.303     157.5
 2013 04 20 19 04 37.296     2013 04 20 19 07 19.959     162.7
555
 2013 04 20 15 10 46.488     2013 04 20 15 14  8.276     201.8
556
 2013 04 20 09 57 31.124     2013 04 20 10 01  3.651     212.5
557
 2013 04 20 07 26  3.940     2013 04 20 07 26 10.678       6.7
 2013 04 20 20 55 31.687     2013 04 20 20 58 20.752     169.1
558
 2013 04 20 09 00 15.371     2013 04 20 09 02 49.836     154.5
559
 2013 04 20 03 34 27.807     2013 04 20 03 37  1.379     153.6
560
 2013 04 20 05 38 19.580     2013 04 20 05 41  8.801     169.2
 2013 04 20 22 40 22.459     2013 04 20 22 43  3.117     160.7
561
 2013 04 20 03 36 49.296     2013 04 20 03 39 19.807     150.5
562
563
 2013 04 20 16 40 44.281     2013 04 20 16 43 46.459     182.2
564
565
 2013 04 20 03 48 29.926     2013 04 20 03 51  4.200     154.3
 2013 04 20 08 42 56.339     2013 04 20 08 43  8.602      12.3
 2013 04 20 10 21  4.604     2013 04 20 10 24 34.633     210.0
566
 2013 04 20 07 30  8.350     2013 04 20 07 33 18.220     189.9
 2013 04 20 19 13 50.099     2013 04 20 19 14 32.860      42.8
567
568
 2013 04 20 09 43 35.295     2013 04 20 09 43 55.185      19.9
569
 2013 04 20 02 12 19.056     2013 04 20 02 14 56.961     157.9
 2013 04 20 08 46 57.435     2013 04 20 08 49 55.075     177.6
570
 2013 04 20 14 02 23.524     2013 04 20 14 05 27.404     183.9
 2013 04 20 20 35 55.528     2013 04 20 20 39 22.427     206.9
571
 2013 04 20 03 32 20.744     2013 04 20 03 35  2.679     161.9
 2013 04 20 15 19 37.322     2013 04 20 15 22 10.528     153.2
572
 2013 04 20 16 58 53.857     2013 04 20 17 01 38.562     164.7
573
574
 2013 04 20 12 19 25.648     2013 04 20 12 22 14.861     169.2
 2013 04 20 22 18  3.501     2013 04 20 22 21 43.248     219.7
575
 2013 04 20 09 20 37.154     2013 04 20 09 21 11.358      34.2
 2013 04 20 10 55 10.975     2013 04 20 10 58 43.020     212.0
 2013 04 20 15 50 40.356     2013 04 20 15 53 14.879     154.5
576
 2013 04 20 05 14 23.523     2013 04 20 05 15 35.920      72.4
577
 2013 04 20 04 56 26.193     2013 04 20 04 58 58.846     152.7
578
 2013 04 20 20 13  9.332     2013 04 20 20 15 49.672     160.3
579
 2013 04 20 15 10 22.063     2013 04 20 15 13  5.319     163.3
580
581
 2013 04 20 17 51  4.191     2013 04 20 17 54 33.439     209.2
582
 2013 04 20 07 28 10.779     2013 04 20 07 31 19.290     188.5
 2013 04 20 19 15 30.599     2013 04 20 19 18  2.917     152.3
583
 2013 04 20 00 38 54.282     2013 04 20 00 42 17.792     203.5
 2013 04 20 07 13 22.550     2013 04 20 07 16 22.525     180.0
584
 2013 04 20 16 24 59.107     2013 04 20 16 25  8.648       9.5
 2013 04 20 17 58 54.534     2013 04 20 17 59 16.827      22.3
 2013 04 20 22 55   .221     2013 04 20 22 58 38.210     218.0
585
 2013 04 20 05 46 54.379     2013 04 20 05 49 29.211     154.8
 2013 04 20 19 23 22.909     2013 04 20 19 25 54.009     151.1
586
 2013 04 20 01 08 27.526     2013 04 20 01 11   .890     153.4
587
 2013 04 20 06 24 31.504     2013 04 20 06 27  6.187     154.7
 2013 04 20 23 27 37.893     2013 04 20 23 30 51.836     193.9
588
 2013 04 20 03 22  6.123     2013 04 20 03 25 15.951     189.8
589
 2013 04 20 12 22 24.327     2013 04 20 12 25 30.070     185.7
 2013 04 20 20 38  2.050     2013 04 20 20 41 17.710     195.7
590
 2013 04 20 23 08 16.981     2013 04 20 23 10 53.300     156.3
591
 2013 04 20 06 46 16.663     2013 04 20 06 49 12.008     175.3
 2013 04 20 16 50 26.843     2013 04 20 16 51  4.495      37.7
592
 2013 04 20 05 46 26.145     2013 04 20 05 46 45.943      19.8
 2013 04 20 21 00 24.920     2013 04 20 21 01 33.382      68.5
593
 2013 04 20 03 37  1.439     2013 04 20 03 39 32.460     151.0
594
 2013 04 20 00 16  2.458     2013 04 20 00 18 46.376     163.9
 2013 04 20 13 52  9.502     2013 04 20 13 54 49.746     160.2
595
 2013 04 20 09 02 52.098     2013 04 20 09 06 31.790     219.7
 2013 04 20 20 51  6.598     2013 04 20 20 54 42.414     215.8
596
 2013 04 20 12 11 50.395     2013 04 20 12 12  4.630      14.2
597
 2013 04 20 05 44  6.511     2013 04 20 05 44 18.486      12.0
 2013 04 20 19 25   .609     2013 04 20 19 28 30.877     210.3
598
 2013 04 20 09 50 24.361     2013 04 20 09 53 28.401     184.0
 2013 04 20 21 38  5.672     2013 04 20 21 41 27.980     202.3
599
600
 2013 04 20 07 19 51.642     2013 04 20 07 23  5.398     193.8
 2013 04 20 20 58 52.530     2013 04 20 21 01 45.952     173.4
601
602
 2013 04 20 09 52  4.225     2013 04 20 09 53  3.594      59.4
603
604
 2013 04 20 13 02 52.310     2013 04 20 13 06 10.323     198.0
605
 2013 04 20 04 16 28.097     2013 04 20 04 17  3.993      35.9
 2013 04 20 17 46 45.045     2013 04 20 17 49 31.579     166.5
606
607
 2013 04 20 23 16 27.746     2013 04 20 23 20  7.277     219.5
608
 2013 04 20 02 47 21.778     2013 04 20 02 48 19.076      57.3
 2013 04 20 14 31 32.593     2013 04 20 14 34 14.613     162.0
609
 2013 04 20 10 02 14.220     2013 04 20 10 05  7.535     173.3
 2013 04 20 18 17 34.411     2013 04 20 18 20 36.224     181.8
610
 2013 04 20 01 10 24.581     2013 04 20 01 14  9.931     225.3
 2013 04 20 12 57  4.617     2013 04 20 12 59 34.960     150.3
611
 2013 04 20 11 42  3.775     2013 04 20 11 45  7.965     184.2
 2013 04 20 16 37 15.903     2013 04 20 16 39 59.289     163.4
612
 2013 04 20 08 09 28.858     2013 04 20 08 12 59.014     210.2
 2013 04 20 21 43  7.034     2013 04 20 21 46  4.580     177.5
613
 2013 04 20 19 59 41.440     2013 04 20 20 03  2.531     201.1
614
 2013 04 20 05 42 50.860     2013 04 20 05 45 30.651     159.8
 2013 04 20 21 01 53.077     2013 04 20 21 05 18.822     205.7
615
616
 2013 04 20 00 08  7.187     2013 04 20 00 08 52.647      45.5
 2013 04 20 17 11 18.323     2013 04 20 17 14 50.458     212.1
 2013 04 20 23 45  5.817     2013 04 20 23 48 48.721     222.9
617
 2013 04 20 00 59 46.904     2013 04 20 01 03 19.447     212.5
618
 2013 04 20 02 35 22.558     2013 04 20 02 38  8.243     165.7
619
 2013 04 20 02 06 51.697     2013 04 20 02 10  7.928     196.2
620
 2013 04 20 12 18 25.812     2013 04 20 12 18 31.697       5.9
 2013 04 20 22 17  2.044     2013 04 20 22 19 33.698     151.7
621
 2013 04 20 16 58 44.271     2013 04 20 17 01 28.414     164.1
622
 2013 04 20 04 49 24.330     2013 04 20 04 52 35.911     191.6
 2013 04 20 21 52 10.344     2013 04 20 21 55 46.503     216.2
623
 2013 04 20 04 49 38.760     2013 04 20 04 52 15.298     156.5
 2013 04 20 21 53  4.699     2013 04 20 21 53 54.685      50.0
 2013 04 20 23 31   .910     2013 04 20 23 34 37.676     216.8
624
625
 2013 04 20 00 57  7.930     2013 04 20 00 57 42.309      34.4
 2013 04 20 16 20 56.540     2013 04 20 16 23 31.756     155.2
626
 2013 04 20 11 22 37.089     2013 04 20 11 23 11.139      34.1
 2013 04 20 23 14 23.533     2013 04 20 23 16 58.358     154.8
627
 2013 04 20 03 40 39.838     2013 04 20 03 43 53.237     193.4
 2013 04 20 13 36 23.748     2013 04 20 13 36 28.742       5.0
628
629
 2013 04 20 06 02 32.583     2013 04 20 06 05 39.840     187.3
630
 2013 04 20 01 19  4.805     2013 04 20 01 22 40.092     215.3
631
632
633
 2013 04 20 06 34 54.768     2013 04 20 06 37 25.496     150.7
 2013 04 20 20 10  2.484     2013 04 20 20 12 58.508     176.0
634
 2013 04 20 16 50 26.178     2013 04 20 16 53 21.594     175.4
635
 2013 04 20 06 05 22.216     2013 04 20 06 08 27.421     185.2
 2013 04 20 14 20 22.993     2013 04 20 14 22 56.915     153.9
636
 2013 04 20 11 37 20.056     2013 04 20 11 41  3.724     223.7
 2013 04 20 19 49 28.716     2013 04 20 19 50  2.105      33.4
637
 2013 04 20 05 12 58.300     2013 04 20 05 13 12.147      13.8
 2013 04 20 15 14 17.905     2013 04 20 15 17 36.864     199.0
638
 2013 04 20 04 10 12.715     2013 04 20 04 12 57.875     165.2
639
 2013 04 20 13 42 15.558     2013 04 20 13 45  7.017     171.5
640
641
 2013 04 20 16 46  9.184     2013 04 20 16 48 58.602     169.4
642
 2013 04 20 09 02 54.335     2013 04 20 09 05 36.500     162.2
 2013 04 20 20 51  2.992     2013 04 20 20 53 43.496     160.5
643
 2013 04 20 08 26 52.867     2013 04 20 08 29 26.850     154.0
 2013 04 20 16 42 38.666     2013 04 20 16 45 23.575     164.9
644
 2013 04 20 14 46 44.993     2013 04 20 14 50  9.124     204.1
645
 2013 04 20 05 11 27.307     2013 04 20 05 13 57.581     150.3
646
 2013 04 20 11 33 16.039     2013 04 20 11 36  5.964     169.9
647
 2013 04 20 00 21 35.136     2013 04 20 00 22 10.287      35.2
648
 2013 04 20 23 21 47.586     2013 04 20 23 25 28.782     221.2
649
 2013 04 20 22 29 10.951     2013 04 20 22 31 56.916     166.0
650
 2013 04 20 14 00 19.462     2013 04 20 14 02 59.247     159.8
 2013 04 20 20 35  5.862     2013 04 20 20 38 42.702     216.8
651
652
653
 2013 04 20 07 17 19.382     2013 04 20 07 20 12.791     173.4
 2013 04 20 22 35 59.355     2013 04 20 22 39 30.627     211.3
654
 2013 04 20 21 35 28.899     2013 04 20 21 38 53.534     204.6
655
 2013 04 20 02 54 56.359     2013 04 20 02 57 42.657     166.3
656
657
 2013 04 20 02 44  8.250     2013 04 20 02 47  6.576     178.3
 2013 04 20 14 33 55.455     2013 04 20 14 36 25.412     150.0
658
 2013 04 20 17 37 51.027     2013 04 20 17 40 46.905     175.9
659
 2013 04 20 11 20 19.350     2013 04 20 11 22 49.540     150.2
660
 2013 04 20 00 22 50.558     2013 04 20 00 25 20.521     150.0
 2013 04 20 12 11 22.551     2013 04 20 12 13 59.848     157.3
661
 2013 04 20 09 06 18.085     2013 04 20 09 09 36.788     198.7
662
 2013 04 20 09 19  8.346     2013 04 20 09 22 57.140     228.8
 2013 04 20 14 18 38.316     2013 04 20 14 19  1.518      23.2
663
 2013 04 20 11 25 17.108     2013 04 20 11 27 56.720     159.6
 2013 04 20 23 12  6.145     2013 04 20 23 15 26.443     200.3
664
 2013 04 20 11 57  2.832     2013 04 20 12 00 34.651     211.8
665
 2013 04 20 09 51 11.176     2013 04 20 09 54 14.358     183.2
666
 2013 04 20 14 30 42.367     2013 04 20 14 33 29.675     167.3
667
 2013 04 20 17 04 54.549     2013 04 20 17 07 29.753     155.2
668
 2013 04 20 19 12 35.093     2013 04 20 19 16  6.937     211.8
669
 2013 04 20 06 36 20.098     2013 04 20 06 38 58.690     158.6
670
 2013 04 20 09 54 11.912     2013 04 20 09 56 50.217     158.3
671
 2013 04 20 17 04 34.511     2013 04 20 17 04 36.100       1.6
672
673
 2013 04 20 01 21 54.797     2013 04 20 01 25 24.848     210.1
 2013 04 20 09 38 45.833     2013 04 20 09 41 24.448     158.6
674
 2013 04 20 11 10  1.601     2013 04 20 11 13 17.336     195.7
675
676
 2013 04 20 10 05  1.598     2013 04 20 10 08 15.420     193.8
 2013 04 20 16 38 23.128     2013 04 20 16 41   .620     157.5
677
 2013 04 20 02 06 51.426     2013 04 20 02 09 26.790     155.4
678
 2013 04 20 22 34 17.236     2013 04 20 22 36 51.823     154.6
679
 2013 04 20 15 37 50.092     2013 04 20 15 40 27.036     156.9
 2013 04 20 20 32 29.263     2013 04 20 20 35 29.001     179.7
680
 2013 04 20 16 51  3.227     2013 04 20 16 54 29.134     205.9
681
 2013 04 20 04 08 19.092     2013 04 20 04 11  2.382     163.3
 2013 04 20 19 27 22.372     2013 04 20 19 30 43.532     201.2
682
 2013 04 20 04 04  4.299     2013 04 20 04 07 20.877     196.6
 2013 04 20 21 05 19.259     2013 04 20 21 08 28.498     189.2
683
 2013 04 20 09 14  4.847     2013 04 20 09 16 43.160     158.3
 2013 04 20 17 30 21.803     2013 04 20 17 33  2.242     160.4
684
 2013 04 20 04 05 24.541     2013 04 20 04 08 53.586     209.0
685
 2013 04 20 02 27 31.304     2013 04 20 02 30 53.453     202.1
 2013 04 20 19 30 18.290     2013 04 20 19 33 57.277     219.0
686
 2013 04 20 21 35 13.363     2013 04 20 21 38 25.742     192.4
687
 2013 04 20 07 30   .215     2013 04 20 07 30 21.126      20.9
688
 2013 04 20 11 33  3.214     2013 04 20 11 35 47.109     163.9
689
 2013 04 20 01 03   .709     2013 04 20 01 05 42.629     161.9
 2013 04 20 14 40 22.828     2013 04 20 14 42 56.359     153.5
690
 2013 04 20 16 22  4.202     2013 04 20 16 24 40.350     156.1
 2013 04 20 22 56 21.154     2013 04 20 22 59 49.233     208.1
691
 2013 04 20 12 08 29.460     2013 04 20 12 11 29.990     180.5
692
 2013 04 20 02 33  8.102     2013 04 20 02 36 15.476     187.4
 2013 04 20 17 52 55.952     2013 04 20 17 55 37.973     162.0
693
 2013 04 20 14 23 34.585     2013 04 20 14 26 21.870     167.3
694
 2013 04 20 14 01  8.886     2013 04 20 14 04  7.703     178.8
 2013 04 20 20 36  6.186     2013 04 20 20 38 42.694     156.5
695
 2013 04 20 10 48  1.155     2013 04 20 10 50 58.332     177.2
 2013 04 20 19 05 10.547     2013 04 20 19 08  5.986     175.4
696
 2013 04 20 03 19 32.533     2013 04 20 03 22 19.042     166.5
 2013 04 20 18 41 42.416     2013 04 20 18 44 22.850     160.4
697
 2013 04 20 08 53 57.967     2013 04 20 08 54 22.782      24.8
698
 2013 04 20 06 01 44.133     2013 04 20 06 04 45.455     181.3
 2013 04 20 15 59  4.680     2013 04 20 16 02 19.876     195.2
699
 2013 04 20 08 27  4.242     2013 04 20 08 30 23.096     198.9
 2013 04 20 16 43 43.240     2013 04 20 16 46 23.366     160.1
700
 2013 04 20 15 10 23.754     2013 04 20 15 12 58.496     154.7
701
 2013 04 20 03 38 41.516     2013 04 20 03 38 59.336      17.8
 2013 04 20 13 39 38.505     2013 04 20 13 43 10.409     211.9
702
703
704
 2013 04 20 01 26 31.815     2013 04 20 01 29 10.084     158.3
 2013 04 20 07 59 49.347     2013 04 20 08 02 53.503     184.2
705
 2013 04 20 02 58 30.112     2013 04 20 03 01 16.064     166.0
706
 2013 04 20 02 02 24.667     2013 04 20 02 05 58.740     214.1
 2013 04 20 12 05 58.054     2013 04 20 12 09  2.591     184.5
707
 2013 04 20 20 55 19.093     2013 04 20 20 58 27.751     188.7
708
 2013 04 20 07 31 25.162     2013 04 20 07 34 49.248     204.1
709
 2013 04 20 00 54  2.572     2013 04 20 00 57 37.370     214.8
 2013 04 20 17 56 22.548     2013 04 20 17 58 56.415     153.9
710
 2013 04 20 15 29  6.471     2013 04 20 15 32 30.839     204.4
711
 2013 04 20 04 30 31.079     2013 04 20 04 34 14.289     223.2
 2013 04 20 12 45 27.234     2013 04 20 12 48  4.519     157.3
712
 2013 04 20 03 46 44.793     2013 04 20 03 47 59.262      74.5
 2013 04 20 10 22 41.176     2013 04 20 10 25 18.671     157.5
713
 2013 04 20 03 21  6.391     2013 04 20 03 24  3.215     176.8
 2013 04 20 18 40 58.309     2013 04 20 18 42 29.021      90.7
714
 2013 04 20 21 47 15.873     2013 04 20 21 50 11.032     175.2
715
 2013 04 20 14 50 15.667     2013 04 20 14 53 40.358     204.7
 2013 04 20 19 45 49.015     2013 04 20 19 49 14.056     205.0
716
 2013 04 20 15 30 41.140     2013 04 20 15 33 18.584     157.4
717
 2013 04 20 09 43 31.884     2013 04 20 09 46 11.734     159.8
 2013 04 20 23 19 26.473     2013 04 20 23 22 19.061     172.6
718
 2013 04 20 05 15 26.715     2013 04 20 05 17 59.030     152.3
719
 2013 04 20 01 40 39.500     2013 04 20 01 41   .403      20.9
 2013 04 20 18 43 13.347     2013 04 20 18 46  4.332     171.0
720
721
 2013 04 20 13 02 11.050     2013 04 20 13 04 59.886     168.8
722
 2013 04 20 20 46 38.218     2013 04 20 20 49 18.996     160.8
723
 2013 04 20 12 09 18.765     2013 04 20 12 11 51.911     153.1
724
725
 2013 04 20 01 00 26.747     2013 04 20 01 01 58.064      91.3
726
 2013 04 20 12 13  9.639     2013 04 20 12 13 29.691      20.1
727
 2013 04 20 01 52 12.987     2013 04 20 01 54 45.695     152.7
 2013 04 20 15 26   .451     2013 04 20 15 27 10.749      70.3
728
 2013 04 20 10 36 57.847     2013 04 20 10 39 41.780     163.9
 2013 04 20 22 25 49.493     2013 04 20 22 28 20.520     151.0
729
 2013 04 20 02 01 23.542     2013 04 20 02 05  3.415     219.9
730
 2013 04 20 01 02  5.156     2013 04 20 01 02 59.912      54.8
 2013 04 20 16 17 22.586     2013 04 20 16 20 48.812     206.2
731
 2013 04 20 01 24  8.672     2013 04 20 01 27 45.245     216.6
 2013 04 20 08 00  9.085     2013 04 20 08 03 54.015     224.9
732
 2013 04 20 18 19 35.430     2013 04 20 18 22 20.997     165.6
733
 2013 04 20 07 42 27.518     2013 04 20 07 45 20.789     173.3
 2013 04 20 14 17 36.066     2013 04 20 14 21  5.941     209.9
734
 2013 04 20 06 30 45.663     2013 04 20 06 33 31.514     165.9
735
 2013 04 20 07 35 43.190     2013 04 20 07 38 17.208     154.0
 2013 04 20 17 34 43.214     2013 04 20 17 37 34.458     171.2
736
 2013 04 20 07 28 11.656     2013 04 20 07 28 43.671      32.0
 2013 04 20 19 16 47.146     2013 04 20 19 18  8.593      81.4
737
 2013 04 20 01 05 38.017     2013 04 20 01 08 13.249     155.2
738
 2013 04 20 13 41 59.771     2013 04 20 13 44 36.430     156.7
739
 2013 04 20 10 02  8.776     2013 04 20 10 05 45.513     216.7
 2013 04 20 18 15 45.465     2013 04 20 18 18 43.875     178.4
740
 2013 04 20 14 38 39.905     2013 04 20 14 39 59.421      79.5
741
 2013 04 20 17 32 25.092     2013 04 20 17 35 45.176     200.1
742
 2013 04 20 01 43 22.436     2013 04 20 01 46 32.467     190.0
743
 2013 04 20 19 55  8.519     2013 04 20 19 58 36.074     207.6
744
 2013 04 20 00 14 32.522     2013 04 20 00 17 21.488     169.0
745
 2013 04 20 02 07 48.345     2013 04 20 02 11 11.530     203.2
 2013 04 20 10 26 25.727     2013 04 20 10 27 24.997      59.3
746
 2013 04 20 06 46  4.456     2013 04 20 06 49 19.187     194.7
 2013 04 20 16 49  7.016     2013 04 20 16 52 11.425     184.4
747
 2013 04 20 06 45  8.509     2013 04 20 06 47 39.266     150.8
748
 2013 04 20 05 09 31.045     2013 04 20 05 12  1.225     150.2
749
 2013 04 20 12 19 32.050     2013 04 20 12 23   .812     208.8
 2013 04 20 22 16 32.325     2013 04 20 22 19 48.026     195.7
750
 2013 04 20 13 53 55.598     2013 04 20 13 57 18.800     203.2
751
 2013 04 20 21 43   .194     2013 04 20 21 46 19.573     199.4
752
 2013 04 20 08 29 24.017     2013 04 20 08 33  6.751     222.7
 2013 04 20 15 05 29.722     2013 04 20 15 08 54.438     204.7
753
 2013 04 20 03 34  4.824     2013 04 20 03 36 35.796     151.0
754
 2013 04 20 12 20 49.067     2013 04 20 12 23 23.562     154.5
755
 2013 04 20 11 34  2.679     2013 04 20 11 36 34.759     152.1
756
 2013 04 20 05 48 26.484     2013 04 20 05 48 34.607       8.1
 2013 04 20 19 20 26.885     2013 04 20 19 21 31.279      64.4
757
 2013 04 20 08 11  5.940     2013 04 20 08 13 36.264     150.3
758
 2013 04 20 10 04 23.835     2013 04 20 10 05 22.074      58.2
 2013 04 20 11 42 15.432     2013 04 20 11 45 59.545     224.1
 2013 04 20 16 37 58.075     2013 04 20 16 40 34.371     156.3
759
 2013 04 20 09 15 54.488     2013 04 20 09 18 31.608     157.1
 2013 04 20 17 29  1.941     2013 04 20 17 30 27.842      85.9
760
 2013 04 20 04 07 16.712     2013 04 20 04 10 46.125     209.4
 2013 04 20 19 27 12.902     2013 04 20 19 29 48.192     155.3
761
 2013 04 20 04 36   .506     2013 04 20 04 39 51.766     231.3
 2013 04 20 09 31 55.886     2013 04 20 09 35 33.981     218.1
762
 2013 04 20 16 50 16.706     2013 04 20 16 52 55.267     158.6
763
 2013 04 20 02 11 11.220     2013 04 20 02 11 39.227      28.0
 2013 04 20 10 23  6.508     2013 04 20 10 26 55.910     229.4
764
 2013 04 20 13 13  7.928     2013 04 20 13 15 49.458     161.5
 2013 04 20 19 47 18.503     2013 04 20 19 50 41.199     202.7
765
 2013 04 20 08 57 28.363     2013 04 20 09 00 51.587     203.2
 2013 04 20 22 29 41.497     2013 04 20 22 30 38.580      57.1
766
 2013 04 20 06 48 51.991     2013 04 20 06 52  7.980     196.0
767
 2013 04 20 08 59 26.088     2013 04 20 09 02 24.890     178.8
768
769
 2013 04 20 09 48 17.311     2013 04 20 09 51 41.791     204.5
 2013 04 20 21 40 52.615     2013 04 20 21 41  3.765      11.1
770
 2013 04 20 10 26 57.143     2013 04 20 10 29 34.862     157.7
771
 2013 04 20 06 07  2.175     2013 04 20 06 09 39.779     157.6
 2013 04 20 14 20 22.210     2013 04 20 14 20 43.832      21.6
772
 2013 04 20 10 02 35.301     2013 04 20 10 06 11.845     216.5
 2013 04 20 18 17 24.233     2013 04 20 18 17 27.443       3.2
773
 2013 04 20 04 31 10.408     2013 04 20 04 34 23.311     192.9
 2013 04 20 12 47 24.398     2013 04 20 12 50  9.349     165.0
774
 2013 04 20 07 21 13.270     2013 04 20 07 24 43.629     210.4
 2013 04 20 20 58 24.384     2013 04 20 21 01 22.817     178.4
775
776
 2013 04 20 10 04 48.970     2013 04 20 10 07 24.747     155.8
 2013 04 20 16 39 18.048     2013 04 20 16 42  6.298     168.2
777
 2013 04 20 03 31 30.384     2013 04 20 03 34 36.233     185.8
 2013 04 20 15 21  9.284     2013 04 20 15 23 44.331     155.0
778
 2013 04 20 00 28 43.446     2013 04 20 00 31 14.386     150.9
 2013 04 20 10 29 59.678     2013 04 20 10 33 28.497     208.8
779
 2013 04 20 17 59 11.675     2013 04 20 18 01 49.799     158.1
 2013 04 20 22 53 54.288     2013 04 20 22 57 20.267     206.0
780
 2013 04 20 13 04 44.596     2013 04 20 13 05  9.281      24.7
781
782
 2013 04 20 09 18 15.185     2013 04 20 09 21  9.886     174.7
 2013 04 20 15 52 41.667     2013 04 20 15 55 19.076     157.4
783
784
 2013 04 20 18 22 23.588     2013 04 20 18 23 28.855      65.3
785
 2013 04 20 06 40 58.675     2013 04 20 06 42 22.056      83.4
786
 2013 04 20 08 58 52.060     2013 04 20 09 02 15.192     203.1
787
 2013 04 20 00 10 43.284     2013 04 20 00 13 21.022     157.7
 2013 04 20 15 31 55.286     2013 04 20 15 34 40.087     164.8
788
 2013 04 20 20 53 10.231     2013 04 20 20 56 31.075     200.8
789
790
 2013 04 20 01 16  3.785     2013 04 20 01 17 25.500      81.7
 2013 04 20 11 18 45.120     2013 04 20 11 21 17.146     152.0
791
 2013 04 20 06 10 48.178     2013 04 20 06 14 32.925     224.7
 2013 04 20 11 06 40.188     2013 04 20 11 09 53.424     193.2
792
793
 2013 04 20 05 40 53.501     2013 04 20 05 41 41.348      47.8
 2013 04 20 22 39 29.898     2013 04 20 22 42 12.129     162.2
794
 2013 04 20 13 15  8.640     2013 04 20 13 18 55.001     226.4
 2013 04 20 19 48 57.977     2013 04 20 19 49 55.091      57.1
795
 2013 04 20 20 55   .387     2013 04 20 20 58 14.207     193.8
796
797
798
 2013 04 20 18 37  1.310     2013 04 20 18 40 34.672     213.4
799
 2013 04 20 13 55 16.993     2013 04 20 13 58 44.099     207.1
800
801
802
 2013 04 20 03 46 27.446     2013 04 20 03 49  6.683     159.2
 2013 04 20 10 21 13.607     2013 04 20 10 24 35.485     201.9
803
804
 2013 04 20 16 59 35.873     2013 04 20 17 02 12.538     156.7
805
 2013 04 20 04 22  8.951     2013 04 20 04 22 34.920      26.0
 2013 04 20 16 05 55.870     2013 04 20 16 08 53.862     178.0
806
 2013 04 20 01 14 25.817     2013 04 20 01 17 40.362     194.5
807
 2013 04 20 23 21 20.006     2013 04 20 23 23 54.219     154.2
808
 2013 04 20 06 33  5.940     2013 04 20 06 35 50.550     164.6
 2013 04 20 20 11 10.982     2013 04 20 20 14  5.744     174.8
809
 2013 04 20 04 02  8.821     2013 04 20 04 05 14.601     185.8
 2013 04 20 21 04 58.575     2013 04 20 21 08 37.691     219.1
810
 2013 04 20 01 24 38.425     2013 04 20 01 27 28.611     170.2
 2013 04 20 07 59 42.302     2013 04 20 08 03 10.021     207.7
811
 2013 04 20 03 16 51.011     2013 04 20 03 20  6.277     195.3
 2013 04 20 20 18  6.846     2013 04 20 20 21 15.340     188.5
812
813
 2013 04 20 12 24  2.252     2013 04 20 12 27  3.608     181.4
 2013 04 20 20 39 17.006     2013 04 20 20 42 28.287     191.3
814
 2013 04 20 11 28 32.073     2013 04 20 11 29 46.123      74.0
 2013 04 20 21 32 50.077     2013 04 20 21 36 30.125     220.0
815
 2013 04 20 02 36  1.081     2013 04 20 02 39 14.477     193.4
 2013 04 20 16 15 24.353     2013 04 20 16 18 48.014     203.7
816
 2013 04 20 16 57 37.658     2013 04 20 17 00 13.730     156.1
817
 2013 04 20 13 41  5.651     2013 04 20 13 44  6.196     180.5
818
819
 2013 04 20 10 01 23.275     2013 04 20 10 05  6.643     223.4
 2013 04 20 18 18 24.607     2013 04 20 18 21  8.636     164.0
820
 2013 04 20 05 45  7.826     2013 04 20 05 48 40.598     212.8
 2013 04 20 19 24 39.830     2013 04 20 19 27 33.424     173.6
821
 2013 04 20 12 17 35.410     2013 04 20 12 17 44.554       9.1
822
 2013 04 20 15 57 20.500     2013 04 20 15 59 52.725     152.2
823
 2013 04 20 17 33 10.481     2013 04 20 17 36   .109     169.6
824
 2013 04 20 05 15 22.295     2013 04 20 05 18 30.464     188.2
825
826
 2013 04 20 06 30 50.072     2013 04 20 06 31 23.787      33.7
827
 2013 04 20 23 16 53.650     2013 04 20 23 19 30.368     156.7
828
 2013 04 20 10 40  7.262     2013 04 20 10 40 58.944      51.7
829
 2013 04 20 02 06 39.074     2013 04 20 02 07 24.937      45.9
 2013 04 20 12 03  3.334     2013 04 20 12 06  3.060     179.7
830
 2013 04 20 03 41  2.287     2013 04 20 03 43 36.051     153.8
831
 2013 04 20 23 16 18.223     2013 04 20 23 19 45.029     206.8
832
 2013 04 20 00 23 42.295     2013 04 20 00 26 56.996     194.7
 2013 04 20 12 11 10.234     2013 04 20 12 14 52.325     222.1
833
 2013 04 20 10 33 40.663     2013 04 20 10 36 36.157     175.5
834
835
 2013 04 20 08 59 55.585     2013 04 20 09 02 40.250     164.7
836
 2013 04 20 15 24 34.194     2013 04 20 15 27 10.559     156.4
837
 2013 04 20 09 59 30.092     2013 04 20 10 02 34.979     184.9
838
 2013 04 20 02 02 10.468     2013 04 20 02 04 40.716     150.2
839
 2013 04 20 00 09   .051     2013 04 20 00 11 47.436     167.4
 2013 04 20 23 45 45.915     2013 04 20 23 48 42.114     176.2
840
 2013 04 20 09 49 52.896     2013 04 20 09 52 50.360     177.5
 2013 04 20 21 37 19.208     2013 04 20 21 39 55.023     155.8
841
 2013 04 20 22 14 31.825     2013 04 20 22 18 15.491     223.7
842
 2013 04 20 12 20 44.867     2013 04 20 12 23 33.179     168.3
843
 2013 04 20 01 45 35.391     2013 04 20 01 49 15.829     220.4
 2013 04 20 17 07 34.358     2013 04 20 17 10 37.733     183.4
844
 2013 04 20 00 53 23.191     2013 04 20 00 55 59.175     156.0
 2013 04 20 17 56 41.975     2013 04 20 17 56 47.784       5.8
 2013 04 20 19 34 39.149     2013 04 20 19 38 16.051     216.9
845
 2013 04 20 15 58 31.126     2013 04 20 16 01 20.771     169.6
846
 2013 04 20 01 49 27.393     2013 04 20 01 50  8.269      40.9
 2013 04 20 17 04 42.125     2013 04 20 17 08  1.521     199.4
847
848
 2013 04 20 20 00 53.727     2013 04 20 20 03 38.356     164.6
849
 2013 04 20 07 30 50.945     2013 04 20 07 33 54.805     183.9
850
 2013 04 20 08 55 56.546     2013 04 20 08 58 44.116     167.6
 2013 04 20 22 32 30.626     2013 04 20 22 35 10.312     159.7
851
 2013 04 20 09 53 21.193     2013 04 20 09 56 14.407     173.2
852
 2013 04 20 13 55  8.632     2013 04 20 13 58 42.944     214.3
853
 2013 04 20 14 43   .836     2013 04 20 14 45 56.948     176.1
854
855
 2013 04 20 22 21 22.176     2013 04 20 22 24  1.723     159.5
856
 2013 04 20 08 04 13.531     2013 04 20 08 06 46.224     152.7
 2013 04 20 23 24 16.295     2013 04 20 23 27 18.882     182.6
857
 2013 04 20 07 43 42.044     2013 04 20 07 46 18.128     156.1
 2013 04 20 14 17 42.637     2013 04 20 14 20 16.981     154.3
858
 2013 04 20 07 42 38.301     2013 04 20 07 45 46.866     188.6
 2013 04 20 14 16 34.798     2013 04 20 14 19 27.620     172.8
859
 2013 04 20 08 08 29.956     2013 04 20 08 12  9.554     219.6
 2013 04 20 21 45 37.390     2013 04 20 21 48 48.989     191.6
860
 2013 04 20 02 01 11.519     2013 04 20 02 04 17.991     186.5
861
 2013 04 20 06 55 40.604     2013 04 20 06 58 50.163     189.6
 2013 04 20 13 29 25.512     2013 04 20 13 32  5.464     160.0
862
 2013 04 20 03 27 16.152     2013 04 20 03 30 32.297     196.1
863
 2013 04 20 04 18 54.706     2013 04 20 04 22 21.854     207.1
 2013 04 20 16 08 18.597     2013 04 20 16 11  6.556     168.0
864
 2013 04 20 18 19  3.759     2013 04 20 18 22 22.251     198.5
865
 2013 04 20 07 32 22.629     2013 04 20 07 35 24.164     181.5
866
 2013 04 20 02 03 53.947     2013 04 20 02 07 29.305     215.4
 2013 04 20 12 03 16.761     2013 04 20 12 06   .716     164.0
867
 2013 04 20 14 45  7.806     2013 04 20 14 45 26.770      19.0
 2013 04 20 23 01 37.617     2013 04 20 23 04 56.497     198.9
868
 2013 04 20 13 01 56.001     2013 04 20 13 04 40.712     164.7
869
 2013 04 20 05 48 56.186     2013 04 20 05 52 29.407     213.2
870
 2013 04 20 02 49 39.075     2013 04 20 02 53 13.462     214.4
 2013 04 20 12 53 12.313     2013 04 20 12 56 15.193     182.9
871
 2013 04 20 01 38 40.956     2013 04 20 01 39 21.116      40.2
 2013 04 20 03 16 29.178     2013 04 20 03 17 10.910      41.7
 2013 04 20 20 20 31.545     2013 04 20 20 23 22.119     170.6
872
 2013 04 20 02 10 23.420     2013 04 20 02 13 20.946     177.5
 2013 04 20 10 23 39.772     2013 04 20 10 27  2.709     202.9
873
 2013 04 20 01 42  2.705     2013 04 20 01 44 59.778     177.1
 2013 04 20 18 44  4.540     2013 04 20 18 46 44.615     160.1
874
 2013 04 20 00 30  3.917     2013 04 20 00 32 42.741     158.8
 2013 04 20 10 29 35.777     2013 04 20 10 32  9.711     153.9
875
 2013 04 20 14 02 36.717     2013 04 20 14 06  4.043     207.3
 2013 04 20 19 01 44.731     2013 04 20 19 02 10.289      25.6
 2013 04 20 20 35 58.293     2013 04 20 20 36 19.408      21.1
876
877
 2013 04 20 07 14 59.278     2013 04 20 07 16  5.355      66.1
 2013 04 20 22 38 43.940     2013 04 20 22 41 21.041     157.1
878
 2013 04 20 07 32 36.837     2013 04 20 07 36 16.672     219.8
 2013 04 20 17 36 36.287     2013 04 20 17 40  5.036     208.7
879
 2013 04 20 05 59 19.455     2013 04 20 06 01 54.991     155.5
 2013 04 20 16 01   .130     2013 04 20 16 04 17.193     197.1
880
 2013 04 20 02 55 21.215     2013 04 20 02 58  1.378     160.2
 2013 04 20 11 11 30.255     2013 04 20 11 11 49.078      18.8
881
 2013 04 20 02 58  1.000     2013 04 20 03 01  1.118     180.1
882
 2013 04 20 12 01 13.736     2013 04 20 12 01 22.054       8.3
883
 2013 04 20 12 57 58.006     2013 04 20 12 58 49.605      51.6
884
 2013 04 20 05 36 40.120     2013 04 20 05 40 16.124     216.0
 2013 04 20 22 39 22.491     2013 04 20 22 42 31.430     188.9
885
 2013 04 20 03 38  2.355     2013 04 20 03 40 33.530     151.2
 2013 04 20 13 38 58.173     2013 04 20 13 42   .604     182.4
886
 2013 04 20 06 23 51.845     2013 04 20 06 24 28.995      37.1
 2013 04 20 23 26 30.147     2013 04 20 23 29 34.541     184.4
887
888
 2013 04 20 04 53 50.921     2013 04 20 04 56 24.228     153.3
 2013 04 20 20 15 40.283     2013 04 20 20 18 37.425     177.1
889
 2013 04 20 03 16 34.829     2013 04 20 03 19 15.559     160.7
 2013 04 20 20 18 51.739     2013 04 20 20 21 29.220     157.5
890
891
 2013 04 20 09 18  9.950     2013 04 20 09 20 45.946     156.0
 2013 04 20 15 52  1.170     2013 04 20 15 54 35.762     154.6
892
893
 2013 04 20 13 57 24.703     2013 04 20 14 00 24.356     179.7
 2013 04 20 22 14 13.744     2013 04 20 22 16 48.226     154.5
894
 2013 04 20 22 29 13.058     2013 04 20 22 32 36.391     203.3
895
 2013 04 20 18 31 43.660     2013 04 20 18 34 49.185     185.5
896
 2013 04 20 09 12 36.743     2013 04 20 09 15 13.197     156.5
897
 2013 04 20 02 10 44.258     2013 04 20 02 11 41.001      56.7
898
 2013 04 20 11 22 45.723     2013 04 20 11 25 16.035     150.3
 2013 04 20 23 15 42.506     2013 04 20 23 16 33.394      50.9
899
 2013 04 20 03 41  2.020     2013 04 20 03 43 37.272     155.3
900
 2013 04 20 03 41 48.196     2013 04 20 03 44 40.539     172.3
901
 2013 04 20 01 16 46.685     2013 04 20 01 19 33.274     166.6
 2013 04 20 11 17 53.822     2013 04 20 11 20 24.549     150.7
902
903
 2013 04 20 21 33 23.714     2013 04 20 21 35 57.670     154.0
904
 2013 04 20 14 48  5.724     2013 04 20 14 48 38.743      33.0
 2013 04 20 21 24  3.572     2013 04 20 21 26 38.953     155.4
905
 2013 04 20 14 47  4.054     2013 04 20 14 49 50.530     166.5
906
 2013 04 20 09 18 18.970     2013 04 20 09 20 58.182     159.2
 2013 04 20 15 52 20.841     2013 04 20 15 54 57.784     156.9
907
 2013 04 20 02 08  5.862     2013 04 20 02 10 51.926     166.1
 2013 04 20 10 24  2.305     2013 04 20 10 24 56.216      53.9
908
 2013 04 20 17 08 13.433     2013 04 20 17 11 26.155     192.7
909
 2013 04 20 07 42 31.702     2013 04 20 07 43 32.678      61.0
 2013 04 20 09 20 22.768     2013 04 20 09 24 12.526     229.8
 2013 04 20 14 16 14.820     2013 04 20 14 18 53.429     158.6
910
 2013 04 20 02 58  7.080     2013 04 20 03 00 55.385     168.3
 2013 04 20 11 10 44.513     2013 04 20 11 11 15.697      31.2
911
 2013 04 20 06 24  7.506     2013 04 20 06 27   .769     173.3
 2013 04 20 23 26 57.968     2013 04 20 23 30 27.628     209.7
912
 2013 04 20 01 09 43.141     2013 04 20 01 13 13.947     210.8
 2013 04 20 12 59 36.014     2013 04 20 13 02 15.319     159.3
913
 2013 04 20 01 10 27.885     2013 04 20 01 13 16.698     168.8
 2013 04 20 12 57 56.923     2013 04 20 13 00 27.078     150.2
914
 2013 04 20 05 03 40.771     2013 04 20 05 04 19.593      38.8
 2013 04 20 18 33 56.546     2013 04 20 18 36 50.267     173.7
915
 2013 04 20 12 09 29.590     2013 04 20 12 12 31.897     182.3
916
 2013 04 20 05 39 57.500     2013 04 20 05 42 43.816     166.3
917
 2013 04 20 04 58 29.997     2013 04 20 04 59 36.781      66.8
 2013 04 20 18 37 30.479     2013 04 20 18 40  4.645     154.2
918
 2013 04 20 06 04 21.559     2013 04 20 06 05 30.272      68.7
 2013 04 20 14 22 34.244     2013 04 20 14 25 11.945     157.7
919
 2013 04 20 12 17 35.321     2013 04 20 12 20 29.113     173.8
 2013 04 20 22 19 23.796     2013 04 20 22 21 59.882     156.1
920
 2013 04 20 13 55 18.628     2013 04 20 13 57 53.460     154.8
921
 2013 04 20 11 28 30.897     2013 04 20 11 28 58.015      27.1
 2013 04 20 23 10 32.108     2013 04 20 23 13 12.555     160.4
922
 2013 04 20 02 38 27.181     2013 04 20 02 38 42.314      15.1
923
 2013 04 20 18 31 20.252     2013 04 20 18 31 19.624       -.6
924
 2013 04 20 16 22 38.727     2013 04 20 16 26  7.058     208.3
 2013 04 20 18 00 16.314     2013 04 20 18 01  1.132      44.8
 2013 04 20 22 56  4.420     2013 04 20 22 58 40.479     156.1
925
 2013 04 20 04 21 29.708     2013 04 20 04 24 44.522     194.8
926
927
 2013 04 20 03 36 12.354     2013 04 20 03 36 40.989      28.6
 2013 04 20 13 40 39.839     2013 04 20 13 44  8.836     209.0
928
929
 2013 04 20 18 37 42.146     2013 04 20 18 40 58.684     196.5
930
 2013 04 20 10 00   .365     2013 04 20 10 02 39.643     159.3
931
932
 2013 04 20 04 12 37.246     2013 04 20 04 12 51.038      13.8
 2013 04 20 17 47 12.177     2013 04 20 17 49 44.172     152.0
933
 2013 04 20 11 27 49.523     2013 04 20 11 30 20.232     150.7
934
 2013 04 20 07 41 28.452     2013 04 20 07 44 35.108     186.7
 2013 04 20 15 53 46.465     2013 04 20 15 53 57.981      11.5
935
 2013 04 20 03 43  9.223     2013 04 20 03 43 18.792       9.6
 2013 04 20 11 58  4.008     2013 04 20 12 00 45.179     161.2
936
 2013 04 20 05 38 54.666     2013 04 20 05 39  6.404      11.7
 2013 04 20 22 41 49.558     2013 04 20 22 42 35.096      45.5
937
 2013 04 20 21 32 21.083     2013 04 20 21 35 43.491     202.4
938
 2013 04 20 06 00 31.738     2013 04 20 06 03 20.859     169.1
 2013 04 20 16 01  8.491     2013 04 20 16 03 44.876     156.4
939
940
 2013 04 20 02 42 22.183     2013 04 20 02 46  4.982     222.8
941
 2013 04 20 11 34  9.667     2013 04 20 11 36 43.446     153.8
942
 2013 04 20 00 06 49.296     2013 04 20 00 10  9.334     200.0
 2013 04 20 17 11  6.349     2013 04 20 17 13 53.515     167.2
 2013 04 20 22 09 13.082     2013 04 20 22 09 28.457      15.4
943
 2013 04 20 10 34 29.356     2013 04 20 10 35  1.777      32.4
 2013 04 20 22 27 21.162     2013 04 20 22 30 26.596     185.4
944
 2013 04 20 22 58 41.224     2013 04 20 23 01 31.139     169.9
945
 2013 04 20 04 53 44.497     2013 04 20 04 57  9.843     205.3
 2013 04 20 20 16 43.950     2013 04 20 20 19 20.483     156.5
946
 2013 04 20 03 26 55.520     2013 04 20 03 30 18.206     202.7
 2013 04 20 16 58 57.770     2013 04 20 16 59 47.610      49.8
947
 2013 04 20 00 08 38.840     2013 04 20 00 08 46.639       7.8
 2013 04 20 15 36 28.132     2013 04 20 15 37 18.783      50.7
948
 2013 04 20 06 11 28.209     2013 04 20 06 14 12.067     163.9
 2013 04 20 11 06 16.539     2013 04 20 11 08 58.178     161.6
949
 2013 04 20 02 30 46.406     2013 04 20 02 34 16.186     209.8
 2013 04 20 17 54 38.495     2013 04 20 17 54 58.710      20.2
950
 2013 04 20 14 27 50.345     2013 04 20 14 30 27.828     157.5
951
952
953
 2013 04 20 16 10 22.471     2013 04 20 16 13 26.365     183.9
954
955
 2013 04 20 03 16 21.702     2013 04 20 03 19  3.311     161.6
 2013 04 20 20 18 50.031     2013 04 20 20 21 25.594     155.6
956
 2013 04 20 21 47 46.739     2013 04 20 21 51 24.533     217.8
957
 2013 04 20 17 43 48.821     2013 04 20 17 44  1.862      13.0
958
 2013 04 20 06 56 28.032     2013 04 20 06 59 36.380     188.3
 2013 04 20 08 33 54.360     2013 04 20 08 34  5.485      11.1
 2013 04 20 13 29 28.116     2013 04 20 13 32 17.030     168.9
959
 2013 04 20 03 47 36.886     2013 04 20 03 50 58.896     202.0
 2013 04 20 10 22 22.262     2013 04 20 10 25  8.913     166.7
960
 2013 04 20 07 43 35.328     2013 04 20 07 46 54.619     199.3
 2013 04 20 09 21  9.774     2013 04 20 09 22 12.887      63.1
 2013 04 20 14 16 38.258     2013 04 20 14 19 24.042     165.8
961
962
 2013 04 20 12 49 26.787     2013 04 20 12 52 14.946     168.2
963
 2013 04 20 12 06 32.985     2013 04 20 12 09  6.919     153.9
964
 2013 04 20 10 34 52.403     2013 04 20 10 37 35.270     162.9
965
 2013 04 20 00 33 17.298     2013 04 20 00 36 36.271     199.0
 2013 04 20 08 51 14.535     2013 04 20 08 54 45.046     210.5
966
 2013 04 20 09 58 12.398     2013 04 20 10 00 47.897     155.5
 2013 04 20 19 55 23.181     2013 04 20 19 59  5.774     222.6
967
 2013 04 20 00 11 12.181     2013 04 20 00 11 50.732      38.6
 2013 04 20 15 30 45.501     2013 04 20 15 33 28.749     163.2
968
 2013 04 20 04 34 19.290     2013 04 20 04 36 56.856     157.6
 2013 04 20 11 08 24.820     2013 04 20 11 11  4.507     159.7
969
 2013 04 20 10 49 10.242     2013 04 20 10 51 59.810     169.6
 2013 04 20 19 04 58.666     2013 04 20 19 07 38.448     159.8
970
 2013 04 20 20 55  4.433     2013 04 20 20 58   .767     176.3
971
 2013 04 20 11 33 48.473     2013 04 20 11 36 20.179     151.7
972
 2013 04 20 16 57 53.736     2013 04 20 17 00 51.112     177.4
973
 2013 04 20 03 33 34.153     2013 04 20 03 36 37.854     183.7
 2013 04 20 15 18 10.960     2013 04 20 15 21 34.910     203.9
974
975
 2013 04 20 06 47 47.606     2013 04 20 06 50 20.505     152.9
 2013 04 20 16 48  5.136     2013 04 20 16 50 39.385     154.2
976
 2013 04 20 08 57 10.207     2013 04 20 09 00 20.718     190.5
977
978
979
 2013 04 20 16 10 38.977     2013 04 20 16 14  8.647     209.7
980
 2013 04 20 21 29  9.652     2013 04 20 21 32 47.998     218.3
981
 2013 04 20 13 05 40.802     2013 04 20 13 05 50.016       9.2
982
983
 2013 04 20 03 23 28.099     2013 04 20 03 26 15.586     167.5
 2013 04 20 17 02 11.954     2013 04 20 17 05 52.277     220.3
984
 2013 04 20 17 03 25.365     2013 04 20 17 06  4.070     158.7
985
986
 2013 04 20 17 52  9.703     2013 04 20 17 54 52.809     163.1
987
 2013 04 20 00 39 25.370     2013 04 20 00 39 46.982      21.6
 2013 04 20 05 39 33.443     2013 04 20 05 39 38.079       4.6
 2013 04 20 07 13 19.018     2013 04 20 07 13 26.337       7.3
988
989
 2013 04 20 02 36 25.228     2013 04 20 02 39 14.182     169.0
 2013 04 20 16 14 59.712     2013 04 20 16 18 21.259     201.5
990
 2013 04 20 04 29 52.490     2013 04 20 04 33  3.014     190.5
 2013 04 20 12 45 32.894     2013 04 20 12 49  3.269     210.4
991
 2013 04 20 09 08 47.678     2013 04 20 09 11 55.464     187.8
 2013 04 20 19 10 36.090     2013 04 20 19 13  6.790     150.7
992
 2013 04 20 08 26 32.487     2013 04 20 08 29 49.537     197.1
 2013 04 20 16 41 48.176     2013 04 20 16 44 39.275     171.1
993
 2013 04 20 06 35 12.965     2013 04 20 06 38 10.877     177.9
 2013 04 20 20 08 59.709     2013 04 20 20 12  4.689     185.0
994
 2013 04 20 09 16 27.392     2013 04 20 09 19  8.415     161.0
995
996
 2013 04 20 05 22  5.943     2013 04 20 05 24 45.802     159.9
 2013 04 20 11 56 12.794     2013 04 20 11 58 50.762     158.0
997
 2013 04 20 05 20 52.312     2013 04 20 05 24 13.046     200.7
 2013 04 20 11 56 31.004     2013 04 20 11 59 35.929     184.9
998
 2013 04 20 16 43 35.540     2013 04 20 16 44 22.047      46.5
999
 2013 04 20 02 49 52.017     2013 04 20 02 53 35.234     223.2
1000
 2013 04 20 13 56 14.285     2013 04 20 13 58 56.556     162.3
1001
 2013 04 20 01 22 47.170     2013 04 20 01 25 54.766     187.6
 2013 04 20 09 36 37.249     2013 04 20 09 39 33.522     176.3
1002
 2013 04 20 01 03 20.545     2013 04 20 01 06 44.029     203.5
 2013 04 20 14 38 46.209     2013 04 20 14 41 19.106     152.9
1003
 2013 04 20 00 22 19.773     2013 04 20 00 25 33.870     194.1
 2013 04 20 12 10 21.662     2013 04 20 12 13 29.683     188.0
1004
 2013 04 20 02 11 56.695     2013 04 20 02 15 41.342     224.6
 2013 04 20 03 49 43.070     2013 04 20 03 50 56.532      73.5
 2013 04 20 08 45 37.913     2013 04 20 08 48 17.529     159.6
1005
 2013 04 20 05 08 58.170     2013 04 20 05 11 28.374     150.2
1006
 2013 04 20 17 11 48.380     2013 04 20 17 14 28.002     159.6
 2013 04 20 22 06 30.872     2013 04 20 22 10 10.966     220.1
1007
 2013 04 20 00 28  5.013     2013 04 20 00 30 51.042     166.0
1008
 2013 04 20 22 15 11.035     2013 04 20 22 18 53.413     222.4
1009
 2013 04 20 06 08 33.533     2013 04 20 06 08 52.189      18.7
 2013 04 20 07 46 34.666     2013 04 20 07 50  2.388     207.7
 2013 04 20 12 41 47.871     2013 04 20 12 44 26.287     158.4
1010
 2013 04 20 12 27 49.303     2013 04 20 12 30 32.517     163.2
 2013 04 20 17 22  8.167     2013 04 20 17 22 11.182       3.0
 2013 04 20 19 00 25.272     2013 04 20 19 03 41.002     195.7
1011
 2013 04 20 05 21 58.830     2013 04 20 05 23 12.248      73.4
 2013 04 20 11 57  7.702     2013 04 20 12 00   .421     172.7
1012
 2013 04 20 12 06 39.386     2013 04 20 12 09 27.555     168.2
1013
 2013 04 20 01 52 12.349     2013 04 20 01 55 30.940     198.6
1014
 2013 04 20 02 54 25.311     2013 04 20 02 54 52.854      27.5
 2013 04 20 12 50 14.879     2013 04 20 12 53  6.827     171.9
1015
 2013 04 20 21 29 15.413     2013 04 20 21 32 53.500     218.1
1016
1017
 2013 04 20 04 09  7.026     2013 04 20 04 09 23.620      16.6
 2013 04 20 19 30 20.408     2013 04 20 19 30 28.879       8.5
1018
 2013 04 20 12 17 25.507     2013 04 20 12 21  4.106     218.6
 2013 04 20 22 19 53.364     2013 04 20 22 22 24.532     151.2
1019
 2013 04 20 17 55 12.003     2013 04 20 17 56  4.357      52.4
1020
 2013 04 20 13 41  8.616     2013 04 20 13 41 29.617      21.0
1021
 2013 04 20 01 21 15.351     2013 04 20 01 23 50.158     154.8
 2013 04 20 09 37 32.907     2013 04 20 09 40 49.156     196.2
1022
 2013 04 20 11 14 36.027     2013 04 20 11 17 14.020     158.0
1023
 2013 04 20 17 11 42.428     2013 04 20 17 14 58.490     196.1
 2013 04 20 22 07  4.770     2013 04 20 22 10 54.666     229.9
1024
 2013 04 20 04 27 27.313     2013 04 20 04 27 55.670      28.4
1025
 2013 04 20 07 43 57.630     2013 04 20 07 46 37.505     159.9
 2013 04 20 14 17 19.373     2013 04 20 14 20  2.874     163.5
1026
 2013 04 20 08 51 58.687     2013 04 20 08 54 37.303     158.6
1027
1028
 2013 04 20 12 26 32.060     2013 04 20 12 26 35.555       3.5
 2013 04 20 20 37 26.171     2013 04 20 20 40 14.684     168.5
1029
1030
 2013 04 20 10 34 42.797     2013 04 20 10 38 12.805     210.0
1031
 2013 04 20 13 06 23.878     2013 04 20 13 09 36.767     192.9
 2013 04 20 23 05 33.017     2013 04 20 23 06 47.754      74.7
1032
 2013 04 20 21 46 48.769     2013 04 20 21 50 31.425     222.7
1033
 2013 04 20 15 37 18.146     2013 04 20 15 39 59.130     161.0
 2013 04 20 20 32  2.340     2013 04 20 20 35 46.807     224.5
 2013 04 20 22 09 45.228     2013 04 20 22 10 34.547      49.3
1034
 2013 04 20 13 48  3.864     2013 04 20 13 50 37.318     153.5
1035
 2013 04 20 09 17  7.569     2013 04 20 09 20  2.208     174.6
 2013 04 20 15 52 15.957     2013 04 20 15 55 27.887     191.9
1036
 2013 04 20 15 28 31.044     2013 04 20 15 31 52.945     201.9
1037
 2013 04 20 02 40 37.755     2013 04 20 02 43 37.416     179.7
1038
 2013 04 20 06 43  3.292     2013 04 20 06 45 45.567     162.3
1039
 2013 04 20 09 03 28.130     2013 04 20 09 04  4.073      35.9
1040
 2013 04 20 23 21 10.598     2013 04 20 23 21 15.282       4.7
1041
 2013 04 20 13 55 10.151     2013 04 20 13 57 50.752     160.6
1042
 2013 04 20 14 37 50.756     2013 04 20 14 38 42.770      52.0
1043
 2013 04 20 08 27   .275     2013 04 20 08 30 42.486     222.2
 2013 04 20 16 43 53.591     2013 04 20 16 46 40.862     167.3
1044
1045
 2013 04 20 04 04 30.409     2013 04 20 04 07 31.677     181.3
 2013 04 20 21 05 20.980     2013 04 20 21 08 54.814     213.8
1046
 2013 04 20 04 02 33.965     2013 04 20 04 05 22.887     168.9
 2013 04 20 21 05 27.708     2013 04 20 21 08 44.860     197.2
1047
1048
 2013 04 20 12 17 44.861     2013 04 20 12 20 37.430     172.6
 2013 04 20 22 19 20.622     2013 04 20 22 21 53.405     152.8
1049
 2013 04 20 09 56 28.932     2013 04 20 09 59   .379     151.4
 2013 04 20 19 57  1.851     2013 04 20 19 59 36.792     154.9
1050
 2013 04 20 02 29 53.840     2013 04 20 02 30 20.369      26.5
 2013 04 20 19 32 55.985     2013 04 20 19 36 42.484     226.5
1051
 2013 04 20 21 04  1.117     2013 04 20 21 07 21.170     200.1
1052
 2013 04 20 13 57  4.843     2013 04 20 13 57 57.620      52.8
 2013 04 20 22 14 53.658     2013 04 20 22 17 26.325     152.7
1053
 2013 04 20 08 59 18.569     2013 04 20 09 00 32.147      73.6
 2013 04 20 22 30  4.985     2013 04 20 22 33  1.783     176.8
1054
1055
 2013 04 20 13 12 18.990     2013 04 20 13 15 51.097     212.1
1056
 2013 04 20 01 17 40.890     2013 04 20 01 20 15.703     154.8
 2013 04 20 11 17  5.800     2013 04 20 11 19 51.398     165.6
1057
 2013 04 20 04 33 40.250     2013 04 20 04 34 53.132      72.9
 2013 04 20 06 11 31.531     2013 04 20 06 15 19.697     228.2
 2013 04 20 11 07 20.604     2013 04 20 11 09 57.401     156.8
1058
 2013 04 20 20 52 24.963     2013 04 20 20 55 25.020     180.1
1059
 2013 04 20 02 58 20.897     2013 04 20 03 01 49.665     208.8
 2013 04 20 09 32 22.413     2013 04 20 09 33 46.691      84.3
1060
1061
 2013 04 20 01 57 26.251     2013 04 20 02 00 32.223     186.0
 2013 04 20 13 44 52.988     2013 04 20 13 47 31.633     158.6
1062
 2013 04 20 09 13 40.750     2013 04 20 09 16 26.227     165.5
 2013 04 20 17 30 29.303     2013 04 20 17 33 25.547     176.2
1063
 2013 04 20 18 32 30.863     2013 04 20 18 35 14.579     163.7
1064
 2013 04 20 01 01 24.182     2013 04 20 01 04 26.505     182.3
 2013 04 20 14 43 16.400     2013 04 20 14 44 30.149      73.7
1065
 2013 04 20 04 23 48.715     2013 04 20 04 26 24.689     156.0
1066
 2013 04 20 01 43 52.651     2013 04 20 01 46 25.820     153.2
1067
 2013 04 20 10 53 28.475     2013 04 20 10 56 10.655     162.2
 2013 04 20 17 26 39.777     2013 04 20 17 29 56.876     197.1
1068
1069
 2013 04 20 03 30 57.858     2013 04 20 03 34 23.669     205.8
 2013 04 20 15 21 34.697     2013 04 20 15 24  7.727     153.0
1070
 2013 04 20 05 51 55.157     2013 04 20 05 54 47.205     172.0
1071
 2013 04 20 23 06 48.514     2013 04 20 23 08 26.687      98.2
1072
 2013 04 20 02 41  4.875     2013 04 20 02 43 40.820     155.9
1073
 2013 04 20 16 15 55.668     2013 04 20 16 18 36.687     161.0
1074
 2013 04 20 07 33 23.364     2013 04 20 07 36 15.725     172.4
1075
 2013 04 20 00 14 41.408     2013 04 20 00 17 43.215     181.8
 2013 04 20 13 53 36.401     2013 04 20 13 56 47.920     191.5
1076
 2013 04 20 03 48 11.175     2013 04 20 03 51 49.944     218.8
 2013 04 20 10 22 14.066     2013 04 20 10 25 50.602     216.5
1077
 2013 04 20 04 50  6.096     2013 04 20 04 51 33.063      87.0
 2013 04 20 21 52 23.415     2013 04 20 21 54 59.235     155.8
1078
 2013 04 20 03 25  6.929     2013 04 20 03 27 49.622     162.7
 2013 04 20 17 02   .032     2013 04 20 17 04 35.258     155.2
1079
 2013 04 20 13 36 16.156     2013 04 20 13 38 58.505     162.3
1080
 2013 04 20 20 00 58.929     2013 04 20 20 03 49.172     170.2
1081
 2013 04 20 01 10 52.118     2013 04 20 01 13 38.337     166.2
 2013 04 20 12 58 29.313     2013 04 20 13 01 27.933     178.6
1082
 2013 04 20 05 02 56.839     2013 04 20 05 05 52.504     175.7
1083
1084
 2013 04 20 08 04  1.933     2013 04 20 08 06 39.059     157.1
 2013 04 20 23 24  2.300     2013 04 20 23 26 51.025     168.7
1085
 2013 04 20 05 19 44.652     2013 04 20 05 20 29.829      45.2
1086
 2013 04 20 05 42 22.028     2013 04 20 05 44 58.330     156.3
 2013 04 20 21 02 43.026     2013 04 20 21 05 37.874     174.8
1087
 2013 04 20 13 50 24.611     2013 04 20 13 53 40.819     196.2
1088
1089
 2013 04 20 05 16 34.806     2013 04 20 05 20  2.081     207.3
 2013 04 20 13 34 43.699     2013 04 20 13 38 15.871     212.2
1090
 2013 04 20 19 12 41.755     2013 04 20 19 13  6.837      25.1
1091
 2013 04 20 19 29 58.622     2013 04 20 19 32 31.958     153.3
1092
 2013 04 20 01 44 59.162     2013 04 20 01 48 38.645     219.5
 2013 04 20 17 07 54.120     2013 04 20 17 10 30.490     156.4
1093
 2013 04 20 02 50 39.551     2013 04 20 02 53 26.776     167.2
 2013 04 20 12 52 29.399     2013 04 20 12 55 14.891     165.5
1094
 2013 04 20 03 00 28.575     2013 04 20 03 03 45.793     197.2
 2013 04 20 04 38  4.647     2013 04 20 04 41 54.880     230.2
 2013 04 20 07 54 45.188     2013 04 20 07 54 56.716      11.5
 2013 04 20 09 33 10.340     2013 04 20 09 36 11.328     181.0
1095
 2013 04 20 12 16 15.036     2013 04 20 12 18 51.821     156.8
1096
 2013 04 20 05 05 57.048     2013 04 20 05 08 48.221     171.2
 2013 04 20 16 55 30.919     2013 04 20 16 58  3.942     153.0
1097
 2013 04 20 22 34 31.426     2013 04 20 22 37  8.720     157.3
1098
 2013 04 20 06 35 57.236     2013 04 20 06 39  5.908     188.7
1099
 2013 04 20 03 45 24.154     2013 04 20 03 45 52.752      28.6
 2013 04 20 10 25 50.873     2013 04 20 10 26  1.179      10.3
1100
 2013 04 20 05 22 44.389     2013 04 20 05 25 33.008     168.6
 2013 04 20 11 56 11.160     2013 04 20 11 59 26.475     195.3
1101
 2013 04 20 08 18 41.690     2013 04 20 08 21 20.922     159.2
1102
 2013 04 20 04 14 17.816     2013 04 20 04 17 51.232     213.4
1103
1104
1105
 2013 04 20 09 04 15.142     2013 04 20 09 07 13.585     178.4
1106
 2013 04 20 14 00 43.333     2013 04 20 14 03 29.091     165.8
 2013 04 20 20 34 48.183     2013 04 20 20 37 42.207     174.0
1107
 2013 04 20 04 30 25.354     2013 04 20 04 33 45.712     200.4
 2013 04 20 12 45 40.674     2013 04 20 12 48 27.540     166.9
1108
 2013 04 20 09 12   .849     2013 04 20 09 15   .748     179.9
1109
 2013 04 20 02 48  9.894     2013 04 20 02 50 43.290     153.4
1110
 2013 04 20 10 01 27.943     2013 04 20 10 04 29.285     181.3
 2013 04 20 18 16 31.833     2013 04 20 18 19  8.970     157.1
1111
1112
 2013 04 20 01 10 31.752     2013 04 20 01 13 18.122     166.4
 2013 04 20 12 57 58.337     2013 04 20 13 00 28.188     149.9
1113
 2013 04 20 01 13 17.194     2013 04 20 01 13 45.538      28.3
1114
 2013 04 20 08 54 14.242     2013 04 20 08 56 53.246     159.0
 2013 04 20 22 32 32.025     2013 04 20 22 36 12.430     220.4
1115
 2013 04 20 06 25  5.973     2013 04 20 06 28 22.079     196.1
 2013 04 20 23 27 13.907     2013 04 20 23 29 50.361     156.5
1116
 2013 04 20 03 36 54.797     2013 04 20 03 37 23.926      29.1
 2013 04 20 15 17 29.951     2013 04 20 15 20 50.326     200.4
1117
 2013 04 20 09 47 58.739     2013 04 20 09 50 36.661     157.9
 2013 04 20 21 41 34.209     2013 04 20 21 42 38.192      64.0
1118
1119
 2013 04 20 18 33 11.813     2013 04 20 18 35 45.056     153.2
1120
 2013 04 20 05 10 19.150     2013 04 20 05 13 40.010     200.9
1121
1122
 2013 04 20 04 47 24.681     2013 04 20 04 50 48.729     204.0
 2013 04 20 23 29 39.451     2013 04 20 23 32 15.383     155.9
1123
 2013 04 20 10 52  6.944     2013 04 20 10 55 13.953     187.0
 2013 04 20 17 27 16.498     2013 04 20 17 29 54.189     157.7
1124
 2013 04 20 16 45 43.196     2013 04 20 16 45 59.207      16.0
1125
 2013 04 20 13 04 39.731     2013 04 20 13 07 10.811     151.1
 2013 04 20 23 05 58.983     2013 04 20 23 09  6.360     187.4
1126
1127
 2013 04 20 04 54 53.607     2013 04 20 04 57 27.689     154.1
 2013 04 20 20 15 20.585     2013 04 20 20 18   .574     160.0
1128
 2013 04 20 10 48 30.274     2013 04 20 10 52  2.275     212.0
 2013 04 20 19 05 39.225     2013 04 20 19 08 13.044     153.8
1129
 2013 04 20 08 56 14.802     2013 04 20 08 59  6.226     171.4
 2013 04 20 22 32 17.318     2013 04 20 22 35 15.150     177.8
1130
 2013 04 20 09 42 50.881     2013 04 20 09 45 23.493     152.6
 2013 04 20 23 19 40.336     2013 04 20 23 22 15.270     154.9
1131
 2013 04 20 08 01 30.568     2013 04 20 08 04  4.405     153.8
1132
 2013 04 20 03 47  6.961     2013 04 20 03 50 47.460     220.5
 2013 04 20 10 22 36.914     2013 04 20 10 25 12.738     155.8
1133
 2013 04 20 11 24 38.661     2013 04 20 11 27 42.230     183.6
 2013 04 20 23 12 47.813     2013 04 20 23 15 54.729     186.9
1134
 2013 04 20 04 18 13.638     2013 04 20 04 20 53.134     159.5
 2013 04 20 16 08  8.210     2013 04 20 16 11   .256     172.0
1135
 2013 04 20 05 09 57.854     2013 04 20 05 10 22.351      24.5
1136
 2013 04 20 07 27 36.886     2013 04 20 07 30 32.939     176.1
 2013 04 20 19 17 15.588     2013 04 20 19 19 45.469     149.9
1137
 2013 04 20 05 17  5.249     2013 04 20 05 20  7.314     182.1
 2013 04 20 13 32 47.628     2013 04 20 13 36 24.382     216.8
1138
 2013 04 20 07 27 50.765     2013 04 20 07 31 28.102     217.3
 2013 04 20 19 15 10.395     2013 04 20 19 17 51.217     160.8
1139
 2013 04 20 11 35 50.510     2013 04 20 11 38 44.504     174.0
 2013 04 20 19 51  6.090     2013 04 20 19 53 46.763     160.7
1140
 2013 04 20 11 42  8.547     2013 04 20 11 42 22.280      13.7
 2013 04 20 13 16 16.266     2013 04 20 13 19 59.587     223.3
 2013 04 20 18 12  6.212     2013 04 20 18 14 56.246     170.0
1141
 2013 04 20 09 44 57.846     2013 04 20 09 47 55.243     177.4
1142
 2013 04 20 05 47 23.689     2013 04 20 05 51  2.709     219.0
 2013 04 20 19 21 37.482     2013 04 20 19 24 16.636     159.2
1143
 2013 04 20 02 09 46.922     2013 04 20 02 12 50.686     183.8
 2013 04 20 10 25 24.580     2013 04 20 10 28 25.781     181.2
1144
 2013 04 20 03 18  5.457     2013 04 20 03 20 39.255     153.8
1145
 2013 04 20 09 03 46.564     2013 04 20 09 06 25.001     158.4
 2013 04 20 20 49 48.098     2013 04 20 20 52 48.078     180.0
1146
 2013 04 20 07 14  9.147     2013 04 20 07 17 35.442     206.3
 2013 04 20 22 41  6.852     2013 04 20 22 41 53.958      47.1
1147
 2013 04 20 02 32 55.199     2013 04 20 02 35 34.386     159.2
 2013 04 20 17 54  9.462     2013 04 20 17 56 44.317     154.9
1148
 2013 04 20 06 28 33.113     2013 04 20 06 31 57.407     204.3
 2013 04 20 21 49  2.766     2013 04 20 21 51 40.328     157.6
1149
 2013 04 20 08 12 47.149     2013 04 20 08 15 19.512     152.4
1150
 2013 04 20 16 51 27.829     2013 04 20 16 54 54.493     206.7
1151
1152
 2013 04 20 20 41 21.067     2013 04 20 20 43 55.119     154.1
1153
1154
 2013 04 20 17 55 29.594     2013 04 20 17 58 33.696     184.1
1155
 2013 04 20 03 30   .434     2013 04 20 03 33 17.943     197.5
1156
 2013 04 20 00 34 28.073     2013 04 20 00 34 48.122      20.0
 2013 04 20 08 51 46.375     2013 04 20 08 54 34.125     167.8
1157
 2013 04 20 06 39 32.054     2013 04 20 06 40 55.141      83.1
 2013 04 20 18 30 47.993     2013 04 20 18 33 21.155     153.2
1158
 2013 04 20 00 07 43.177     2013 04 20 00 07 58.131      15.0
 2013 04 20 17 11 34.637     2013 04 20 17 14 38.914     184.3
 2013 04 20 22 10 28.093     2013 04 20 22 10 47.633      19.5
 2013 04 20 23 44 41.879     2013 04 20 23 46  2.451      80.6
1159
 2013 04 20 02 12 32.737     2013 04 20 02 15 45.347     192.6
 2013 04 20 08 46  3.775     2013 04 20 08 48 39.522     155.7
1160
 2013 04 20 02 11 59.793     2013 04 20 02 15 13.721     193.9
 2013 04 20 08 47 30.690     2013 04 20 08 50 34.895     184.2
1161
1162
 2013 04 20 03 15  8.852     2013 04 20 03 16  5.524      56.7
 2013 04 20 20 17 43.080     2013 04 20 20 20 35.056     172.0
1163
 2013 04 20 01 40 46.462     2013 04 20 01 43 20.915     154.5
 2013 04 20 18 44  3.423     2013 04 20 18 47 50.100     226.7
 2013 04 20 20 21 53.143     2013 04 20 20 25 40.184     227.0
1164
 2013 04 20 00 51 51.661     2013 04 20 00 55  7.355     195.7
 2013 04 20 19 33 43.965     2013 04 20 19 36 29.888     165.9
1165
 2013 04 20 06 43 36.638     2013 04 20 06 46 12.522     155.9
1166
 2013 04 20 14 23 40.170     2013 04 20 14 26 27.082     166.9
1167
 2013 04 20 08 18 38.323     2013 04 20 08 21 13.741     155.4
1168
 2013 04 20 12 49 56.244     2013 04 20 12 53  4.942     188.7
1169
 2013 04 20 04 19   .279     2013 04 20 04 22 37.685     217.4
 2013 04 20 16 08 12.991     2013 04 20 16 11 14.181     181.2
1170
 2013 04 20 01 57 29.558     2013 04 20 02 00 30.990     181.4
 2013 04 20 13 44 56.525     2013 04 20 13 47 33.770     157.2
1171
 2013 04 20 05 37 36.121     2013 04 20 05 40 16.360     160.2
 2013 04 20 22 40 59.892     2013 04 20 22 43 48.945     169.1
1172
1173
 2013 04 20 04 54 25.058     2013 04 20 04 57   .351     155.3
 2013 04 20 20 15 25.080     2013 04 20 20 18  1.127     156.0
1174
 2013 04 20 20 06 12.181     2013 04 20 20 09 51.927     219.7
1175
 2013 04 20 00 12 26.730     2013 04 20 00 12 32.388       5.7
1176
 2013 04 20 21 33 31.231     2013 04 20 21 37  3.192     212.0
1177
 2013 04 20 04 06 43.724     2013 04 20 04 09 22.697     159.0
 2013 04 20 19 28 40.080     2013 04 20 19 31 23.214     163.1
1178
1179
 2013 04 20 06 34  7.555     2013 04 20 06 36 58.151     170.6
 2013 04 20 20 10 57.897     2013 04 20 20 13 38.256     160.4
1180
 2013 04 20 16 24 34.715     2013 04 20 16 27 41.940     187.2
 2013 04 20 21 19 49.890     2013 04 20 21 23 30.806     220.9
1181
 2013 04 20 16 22 19.918     2013 04 20 16 24 59.816     159.9
 2013 04 20 22 56 28.577     2013 04 20 22 59 31.873     183.3
1182
 2013 04 20 02 41 28.892     2013 04 20 02 41 46.906      18.0
 2013 04 20 14 37 46.096     2013 04 20 14 38 50.570      64.5
1183
1184
 2013 04 20 10 49 28.765     2013 04 20 10 53  2.315     213.6
 2013 04 20 19 05   .880     2013 04 20 19 08 32.680     211.8
1185
1186
 2013 04 20 13 00 51.324     2013 04 20 13 01 10.598      19.3
1187
 2013 04 20 17 55 13.659     2013 04 20 17 55 39.895      26.2
1188
 2013 04 20 00 07 31.321     2013 04 20 00 10 52.033     200.7
 2013 04 20 17 11 15.890     2013 04 20 17 13 54.820     158.9
 2013 04 20 23 44 28.022     2013 04 20 23 47 38.281     190.3
1189
 2013 04 20 13 42 15.285     2013 04 20 13 45 35.091     199.8
1190
 2013 04 20 09 02 34.314     2013 04 20 09 05 38.175     183.9
 2013 04 20 20 51 26.684     2013 04 20 20 54 10.029     163.3
1191
1192
 2013 04 20 13 54 37.813     2013 04 20 13 57 16.991     159.2
1193
 2013 04 20 05 17 29.416     2013 04 20 05 18  7.627      38.2
 2013 04 20 13 35 18.120     2013 04 20 13 37 53.051     154.9
1194
1195
 2013 04 20 13 07 44.301     2013 04 20 13 10 16.484     152.2
1196
 2013 04 20 06 50 33.057     2013 04 20 06 53  6.264     153.2
1197
 2013 04 20 09 48 40.445     2013 04 20 09 49 56.211      75.8
1198
 2013 04 20 02 37 11.672     2013 04 20 02 40   .672     169.0
 2013 04 20 16 15  2.759     2013 04 20 16 17 40.466     157.7
1199
 2013 04 20 01 02 40.918     2013 04 20 01 06  3.449     202.5
 2013 04 20 14 40 59.268     2013 04 20 14 43 30.549     151.3
1200
 2013 04 20 14 24   .687     2013 04 20 14 26 41.339     160.7
1201
 2013 04 20 16 59 45.391     2013 04 20 17 02 34.584     169.2
1202
 2013 04 20 09 15 44.021     2013 04 20 09 18 27.795     163.8
 2013 04 20 17 28 57.664     2013 04 20 17 32 32.381     214.7
1203
 2013 04 20 01 01 34.909     2013 04 20 01 04 22.309     167.4
1204
 2013 04 20 01 44 20.838     2013 04 20 01 47 19.394     178.6
 2013 04 20 17 05 40.525     2013 04 20 17 09 17.294     216.8
1205
 2013 04 20 10 33 18.505     2013 04 20 10 35 51.799     153.3
1206
 2013 04 20 02 12 38.082     2013 04 20 02 15 12.162     154.1
 2013 04 20 08 46 47.179     2013 04 20 08 49 28.400     161.2
1207
 2013 04 20 08 27 51.716     2013 04 20 08 30 27.716     156.0
 2013 04 20 16 42 47.921     2013 04 20 16 45 42.024     174.1
1208
 2013 04 20 10 04 19.491     2013 04 20 10 05  4.615      45.1
 2013 04 20 11 42 11.110     2013 04 20 11 45 56.378     225.3
 2013 04 20 16 37 56.533     2013 04 20 16 40 33.733     157.2
1209
 2013 04 20 09 55 36.862     2013 04 20 09 58 24.920     168.1
 2013 04 20 19 57 37.716     2013 04 20 20 00 30.103     172.4
1210
 2013 04 20 21 24  5.846     2013 04 20 21 27 22.623     196.8
1211
 2013 04 20 03 42 21.809     2013 04 20 03 45 28.490     186.7
 2013 04 20 12 00  1.278     2013 04 20 12 03 30.953     209.7
1212
 2013 04 20 04 51 44.192     2013 04 20 04 55 22.576     218.4
 2013 04 20 21 51 53.598     2013 04 20 21 52 12.906      19.3
1213
 2013 04 20 06 51 55.083     2013 04 20 06 54 37.441     162.4
 2013 04 20 15 07 44.579     2013 04 20 15 10 59.147     194.6
1214
 2013 04 20 06 32  2.921     2013 04 20 06 32 38.901      36.0
 2013 04 20 20 12 12.620     2013 04 20 20 15  8.797     176.2
1215
 2013 04 20 11 25 47.283     2013 04 20 11 28 31.199     163.9
 2013 04 20 23 11 32.039     2013 04 20 23 11 53.310      21.3
1216
 2013 04 20 11 41 35.881     2013 04 20 11 44 45.723     189.8
 2013 04 20 16 36 56.521     2013 04 20 16 40  4.076     187.6
1217
 2013 04 20 12 48 27.826     2013 04 20 12 51   .488     152.7
1218
1219
 2013 04 20 20 47 33.038     2013 04 20 20 50 32.247     179.2
1220
 2013 04 20 19 06 18.404     2013 04 20 19 08 54.585     156.2
1221
1222
 2013 04 20 01 24 53.750     2013 04 20 01 28 28.752     215.0
 2013 04 20 08 00 42.347     2013 04 20 08 03 29.464     167.1
1223
1224
 2013 04 20 11 42 15.187     2013 04 20 11 45 20.818     185.6
 2013 04 20 16 37 25.131     2013 04 20 16 40  3.084     158.0
1225
 2013 04 20 00 36 21.619     2013 04 20 00 39   .814     159.2
 2013 04 20 08 49 14.555     2013 04 20 08 50 28.507      74.0
1226
 2013 04 20 12 54 35.911     2013 04 20 12 57 18.205     162.3
1227
 2013 04 20 00 32 55.188     2013 04 20 00 33 30.226      35.0
1228
 2013 04 20 12 20 35.751     2013 04 20 12 23 46.425     190.7
1229
 2013 04 20 13 35 13.401     2013 04 20 13 38 11.678     178.3
1230
 2013 04 20 04 32 26.670     2013 04 20 04 35  2.673     156.0
 2013 04 20 12 45 46.090     2013 04 20 12 49 29.361     223.3
1231
 2013 04 20 05 09  6.868     2013 04 20 05 11 49.027     162.2
1232
 2013 04 20 07 40  8.776     2013 04 20 07 42 48.858     160.1
 2013 04 20 15 55 18.376     2013 04 20 15 57 51.346     153.0
1233
 2013 04 20 07 34 54.813     2013 04 20 07 38 13.770     199.0
 2013 04 20 17 34  8.305     2013 04 20 17 36 40.706     152.4
1234
1235
 2013 04 20 09 58 29.280     2013 04 20 10 01 18.465     169.2
1236
 2013 04 20 22 26 29.284     2013 04 20 22 30  5.035     215.8
1237
 2013 04 20 09 02  1.695     2013 04 20 09 05 36.672     215.0
 2013 04 20 20 51 57.035     2013 04 20 20 54 38.012     161.0
1238
 2013 04 20 12 55 20.310     2013 04 20 12 57 59.428     159.1
1239
 2013 04 20 09 12 35.431     2013 04 20 09 15 13.416     158.0
1240
 2013 04 20 08 53 20.762     2013 04 20 08 56 59.799     219.0
 2013 04 20 22 33 33.641     2013 04 20 22 37 11.758     218.1
1241
 2013 04 20 03 38 17.731     2013 04 20 03 40 48.359     150.6
 2013 04 20 13 39  4.753     2013 04 20 13 41 51.579     166.8
1242
 2013 04 20 03 49   .897     2013 04 20 03 51 54.046     173.1
 2013 04 20 08 44  3.030     2013 04 20 08 47 31.359     208.3
1243
 2013 04 20 02 12 50.938     2013 04 20 02 15 43.253     172.3
 2013 04 20 08 47 31.897     2013 04 20 08 50  7.465     155.6
1244
 2013 04 20 06 28 10.450     2013 04 20 06 30 50.442     160.0
 2013 04 20 21 49 35.797     2013 04 20 21 52 44.631     188.8
1245
 2013 04 20 07 29 17.544     2013 04 20 07 31 51.213     153.7
 2013 04 20 19 15 38.709     2013 04 20 19 18 50.807     192.1
1246
 2013 04 20 22 30 10.057     2013 04 20 22 33 20.389     190.3
1247
 2013 04 20 10 41 56.715     2013 04 20 10 45 23.918     207.2
 2013 04 20 20 45 25.441     2013 04 20 20 48 37.214     191.8
1248
 2013 04 20 00 09 48.802     2013 04 20 00 13 25.520     216.7
 2013 04 20 15 30 49.103     2013 04 20 15 34 11.819     202.7
1249
 2013 04 20 12 25  7.197     2013 04 20 12 25 30.462      23.3
 2013 04 20 19 01 38.807     2013 04 20 19 02  4.500      25.7
1250
 2013 04 20 13 15 15.200     2013 04 20 13 15 40.859      25.7
 2013 04 20 18 14 40.366     2013 04 20 18 15 18.949      38.6
1251
 2013 04 20 09 13 32.536     2013 04 20 09 17 12.338     219.8
 2013 04 20 17 31 20.274     2013 04 20 17 33 55.580     155.3
1252
 2013 04 20 12 07 23.806     2013 04 20 12 10 14.996     171.2
1253
 2013 04 20 18 19 37.265     2013 04 20 18 22 15.911     158.6
1254
 2013 04 20 04 10 37.469     2013 04 20 04 14   .579     203.1
 2013 04 20 17 50  3.421     2013 04 20 17 53  7.448     184.0
1255
 2013 04 20 01 01 35.523     2013 04 20 01 05 21.528     226.0
 2013 04 20 14 41 25.679     2013 04 20 14 44 17.440     171.8
1256
 2013 04 20 01 52 25.534     2013 04 20 01 53  5.488      40.0
 2013 04 20 15 28 24.188     2013 04 20 15 29 22.757      58.6
1257
 2013 04 20 09 19 34.099     2013 04 20 09 22 13.289     159.2
 2013 04 20 14 14   .796     2013 04 20 14 17 13.446     192.7
1258
 2013 04 20 01 50  9.544     2013 04 20 01 52 58.546     169.0
 2013 04 20 15 26 32.008     2013 04 20 15 29 27.749     175.7
1259
 2013 04 20 03 45 58.598     2013 04 20 03 46  5.175       6.6
 2013 04 20 12 00 34.262     2013 04 20 12 01 25.754      51.5
1260
 2013 04 20 01 57  6.876     2013 04 20 02 00 24.490     197.6
 2013 04 20 13 44 45.850     2013 04 20 13 47 36.233     170.4
1261
 2013 04 20 08 31 34.559     2013 04 20 08 34 15.400     160.8
 2013 04 20 13 29 56.867     2013 04 20 13 30  1.529       4.7
 2013 04 20 15 04 16.371     2013 04 20 15 07 27.836     191.5
1262
 2013 04 20 22 20 27.533     2013 04 20 22 22 58.247     150.7
1263
 2013 04 20 09 41 49.754     2013 04 20 09 44 55.268     185.5
 2013 04 20 23 20 29.235     2013 04 20 23 23 17.748     168.5
1264
 2013 04 20 02 37 27.425     2013 04 20 02 38  9.377      42.0
1265
 2013 04 20 14 28 20.617     2013 04 20 14 32  1.493     220.9
1266
 2013 04 20 13 48 57.706     2013 04 20 13 51 45.172     167.5
1267
 2013 04 20 02 12 46.409     2013 04 20 02 15 21.224     154.8
 2013 04 20 08 47  2.074     2013 04 20 08 49 39.893     157.8
1268
 2013 04 20 06 39 56.203     2013 04 20 06 43 18.704     202.5
 2013 04 20 18 28  5.355     2013 04 20 18 31 29.828     204.5
1269
 2013 04 20 09 18  4.483     2013 04 20 09 21 28.924     204.4
 2013 04 20 15 53  5.600     2013 04 20 15 55 43.424     157.8
1270
 2013 04 20 06 04 55.850     2013 04 20 06 07 37.447     161.6
 2013 04 20 14 21 30.008     2013 04 20 14 24 18.424     168.4
1271
 2013 04 20 06 42 34.630     2013 04 20 06 45 51.587     197.0
 2013 04 20 18 26 49.009     2013 04 20 18 30 19.130     210.1
1272
 2013 04 20 04 52 28.736     2013 04 20 04 55  2.845     154.1
1273
 2013 04 20 03 16  8.226     2013 04 20 03 19  8.834     180.6
 2013 04 20 20 19 53.210     2013 04 20 20 22 31.469     158.3
1274
 2013 04 20 10 53 45.019     2013 04 20 10 56 27.039     162.0
 2013 04 20 15 48  8.638     2013 04 20 15 51 37.812     209.2
 2013 04 20 17 25 45.152     2013 04 20 17 27 19.435      94.3
1275
 2013 04 20 15 59 46.624     2013 04 20 16 00 41.889      55.3
1276
 2013 04 20 12 54 39.723     2013 04 20 12 57 15.337     155.6
1277
1278
 2013 04 20 21 40 39.890     2013 04 20 21 43 27.403     167.5
1279
 2013 04 20 16 23 21.543     2013 04 20 16 26  3.708     162.2
 2013 04 20 22 57 31.939     2013 04 20 23 00 10.034     158.1
1280
1281
 2013 04 20 06 24 26.380     2013 04 20 06 28  5.642     219.3
 2013 04 20 23 26 53.378     2013 04 20 23 29 33.876     160.5
1282
 2013 04 20 21 38   .417     2013 04 20 21 38  1.416       1.0
1283
 2013 04 20 09 08 58.178     2013 04 20 09 12 30.617     212.4
 2013 04 20 19 08 29.299     2013 04 20 19 11 12.178     162.9
1284
 2013 04 20 23 16 23.800     2013 04 20 23 19  8.012     164.2
1285
 2013 04 20 22 20 42.236     2013 04 20 22 21 56.253      74.0
1286
 2013 04 20 01 54  7.921     2013 04 20 01 57 45.155     217.2
1287
 2013 04 20 07 35  8.254     2013 04 20 07 37 58.095     169.8
 2013 04 20 17 34 33.106     2013 04 20 17 37  4.262     151.2
1288
 2013 04 20 03 42 48.139     2013 04 20 03 46 28.204     220.1
 2013 04 20 12 00 40.994     2013 04 20 12 03 20.866     159.9
1289
 2013 04 20 05 45 57.528     2013 04 20 05 49  3.679     186.2
 2013 04 20 19 22 25.435     2013 04 20 19 25 37.799     192.4
1290
1291
 2013 04 20 05 18 25.157     2013 04 20 05 18 30.460       5.3
 2013 04 20 13 34 45.827     2013 04 20 13 38 15.560     209.7
1292
 2013 04 20 06 53  7.429     2013 04 20 06 56 19.479     192.0
 2013 04 20 15 08 53.760     2013 04 20 15 11 57.164     183.4
1293
 2013 04 20 12 20 10.886     2013 04 20 12 20 26.366      15.5
1294
 2013 04 20 01 46 47.070     2013 04 20 01 47  6.951      19.9
 2013 04 20 17 04 16.396     2013 04 20 17 04 32.564      16.2
1295
 2013 04 20 14 01 37.026     2013 04 20 14 05  6.019     209.0
 2013 04 20 20 36 30.457     2013 04 20 20 39 15.050     164.6
1296
1297
 2013 04 20 08 05 18.147     2013 04 20 08 08 27.602     189.5
1298
 2013 04 20 06 53 38.172     2013 04 20 06 56 12.848     154.7
 2013 04 20 15 08  6.806     2013 04 20 15 11 15.380     188.6
1299
 2013 04 20 07 32 43.165     2013 04 20 07 35 36.993     173.8
1300
 2013 04 20 01 09 43.572     2013 04 20 01 12 28.386     164.8
 2013 04 20 12 58 12.683     2013 04 20 13 01  5.573     172.9
1301
 2013 04 20 02 45 33.501     2013 04 20 02 49  7.716     214.2
 2013 04 20 14 31 16.539     2013 04 20 14 33 57.133     160.6
1302
 2013 04 20 14 37  5.293     2013 04 20 14 39 40.659     155.4
1303
 2013 04 20 13 15 54.388     2013 04 20 13 18 39.718     165.3
 2013 04 20 18 10 48.125     2013 04 20 18 14  8.184     200.1
1304
1305
 2013 04 20 05 44 30.630     2013 04 20 05 47 27.650     177.0
1306
 2013 04 20 15 35 44.038     2013 04 20 15 39   .481     196.4
 2013 04 20 17 13 13.195     2013 04 20 17 13 25.902      12.7
 2013 04 20 22 09  2.262     2013 04 20 22 11 40.071     157.8
1307
 2013 04 20 05 05 59.090     2013 04 20 05 08 29.805     150.7
 2013 04 20 16 55  2.766     2013 04 20 16 57 43.871     161.1
1308
 2013 04 20 11 19 34.313     2013 04 20 11 22 43.755     189.4
1309
 2013 04 20 04 50 36.362     2013 04 20 04 53 29.692     173.3
 2013 04 20 21 54 13.486     2013 04 20 21 56 52.884     159.4
1310
1311
 2013 04 20 23 09  7.341     2013 04 20 23 12   .711     173.4
1312
 2013 04 20 08 11 34.034     2013 04 20 08 11 49.941      15.9
1313
 2013 04 20 04 25 12.727     2013 04 20 04 25 21.878       9.2
 2013 04 20 14 27 34.708     2013 04 20 14 30 22.494     167.8
1314
1315
 2013 04 20 06 52   .582     2013 04 20 06 55 28.662     208.1
 2013 04 20 15 09 29.315     2013 04 20 15 12  5.353     156.0
1316
 2013 04 20 17 04 47.325     2013 04 20 17 07 22.754     155.4
1317
 2013 04 20 09 07  3.663     2013 04 20 09 09 41.929     158.3
1318
 2013 04 20 00 30 31.595     2013 04 20 00 33 12.379     160.8
 2013 04 20 10 29 55.310     2013 04 20 10 32 59.488     184.2
1319
 2013 04 20 00 29 53.976     2013 04 20 00 32 59.393     185.4
 2013 04 20 10 29  8.469     2013 04 20 10 31 42.982     154.5
1320
 2013 04 20 09 14 13.658     2013 04 20 09 16 55.593     161.9
 2013 04 20 17 29 44.244     2013 04 20 17 32 22.603     158.4
1321
 2013 04 20 12 02 22.485     2013 04 20 12 04 57.855     155.4
1322
 2013 04 20 01 21  6.492     2013 04 20 01 24 34.895     208.4
 2013 04 20 09 36 32.097     2013 04 20 09 39 39.903     187.8
1323
 2013 04 20 03 47  6.512     2013 04 20 03 49 47.200     160.7
 2013 04 20 10 21   .237     2013 04 20 10 23 38.612     158.4
1324
 2013 04 20 09 11 53.742     2013 04 20 09 14 39.801     166.1
1325
1326
1327
 2013 04 20 00 10 23.273     2013 04 20 00 12 58.016     154.7
 2013 04 20 15 32 21.343     2013 04 20 15 35 20.448     179.1
1328
 2013 04 20 14 02 41.997     2013 04 20 14 05 58.577     196.6
 2013 04 20 18 58  3.897     2013 04 20 18 58 22.934      19.0
 2013 04 20 20 35 50.021     2013 04 20 20 36  6.079      16.1
1329
 2013 04 20 02 26  2.396     2013 04 20 02 29 43.881     221.5
 2013 04 20 21 07 53.192     2013 04 20 21 10 42.039     168.8
1330
1331
 2013 04 20 15 36 28.583     2013 04 20 15 39 14.050     165.5
 2013 04 20 22 10 18.620     2013 04 20 22 13  9.132     170.5
1332
 2013 04 20 04 30  1.355     2013 04 20 04 33  9.311     188.0
 2013 04 20 12 47 27.934     2013 04 20 12 50 24.263     176.3
1333
 2013 04 20 23 21 49.622     2013 04 20 23 24 37.240     167.6
1334
 2013 04 20 15 16 17.583     2013 04 20 15 19  1.621     164.0
1335
 2013 04 20 06 58 31.178     2013 04 20 07 01 21.228     170.1
 2013 04 20 11 53 29.857     2013 04 20 11 56 19.973     170.1
1336
1337
 2013 04 20 02 33 23.084     2013 04 20 02 36 30.799     187.7
 2013 04 20 17 52 45.979     2013 04 20 17 55 41.411     175.4
1338
 2013 04 20 02 08 26.813     2013 04 20 02 11 38.988     192.2
 2013 04 20 10 25 51.996     2013 04 20 10 28 39.246     167.3
1339
 2013 04 20 04 55 31.456     2013 04 20 04 58  4.849     153.4
 2013 04 20 20 15 12.210     2013 04 20 20 18 33.429     201.2
1340
1341
 2013 04 20 01 40 25.074     2013 04 20 01 43  5.691     160.6
 2013 04 20 20 22 18.244     2013 04 20 20 25 29.228     191.0
1342
 2013 04 20 13 41 42.633     2013 04 20 13 45 24.836     222.2
1343
 2013 04 20 05 19 30.067     2013 04 20 05 22  7.805     157.7
 2013 04 20 13 32 55.543     2013 04 20 13 36 25.758     210.2
1344
 2013 04 20 01 16   .857     2013 04 20 01 19 18.645     197.8
 2013 04 20 11 16 16.610     2013 04 20 11 19 40.713     204.1
1345
 2013 04 20 09 07 26.653     2013 04 20 09 10   .278     153.6
1346
1347
 2013 04 20 20 11 44.052     2013 04 20 20 14 42.876     178.8
1348
 2013 04 20 07 31 16.373     2013 04 20 07 34 47.507     211.1
1349
1350
 2013 04 20 04 10 37.149     2013 04 20 04 13 17.932     160.8
 2013 04 20 17 52 24.758     2013 04 20 17 53  4.439      39.7
1351
1352
 2013 04 20 13 12  9.163     2013 04 20 13 15 25.951     196.8
1353
 2013 04 20 06 05 25.243     2013 04 20 06 08 10.940     165.7
 2013 04 20 14 20 43.298     2013 04 20 14 23 17.981     154.7
1354
 2013 04 20 19 11 54.677     2013 04 20 19 15   .615     185.9
1355
 2013 04 20 00 13 34.760     2013 04 20 00 16 20.133     165.4
1356
 2013 04 20 06 43 25.028     2013 04 20 06 43 42.625      17.6
1357
 2013 04 20 18 30  5.550     2013 04 20 18 33 32.687     207.1
1358
 2013 04 20 07 23  9.884     2013 04 20 07 24 19.911      70.0
 2013 04 20 20 56 17.178     2013 04 20 20 59 19.647     182.5
1359
 2013 04 20 04 14 32.518     2013 04 20 04 17 41.294     188.8
1360
 2013 04 20 09 51 12.485     2013 04 20 09 54  1.753     169.3
 2013 04 20 21 37 12.048     2013 04 20 21 37 36.603      24.6
1361
1362
 2013 04 20 09 14 57.112     2013 04 20 09 15 16.297      19.2
1363
 2013 04 20 22 21 31.784     2013 04 20 22 24  3.121     151.3
1364
 2013 04 20 20 00 24.427     2013 04 20 20 02 57.703     153.3
1365
1366
1367
 2013 04 20 04 03 51.523     2013 04 20 04 07  6.431     194.9
 2013 04 20 21 05 26.999     2013 04 20 21 08 20.261     173.3
1368
 2013 04 20 06 37 13.062     2013 04 20 06 40  8.831     175.8
1369
 2013 04 20 00 24 32.854     2013 04 20 00 27 58.205     205.4
 2013 04 20 12 08 59.988     2013 04 20 12 12 19.385     199.4
1370
 2013 04 20 10 39 28.417     2013 04 20 10 39 59.054      30.6
1371
 2013 04 20 04 05 17.846     2013 04 20 04 07 59.607     161.8
1372
 2013 04 20 11 32 30.000     2013 04 20 11 35 12.921     162.9
 2013 04 20 21 30 26.304     2013 04 20 21 30 58.527      32.2
1373
 2013 04 20 03 29 54.467     2013 04 20 03 32 24.386     149.9
1374
 2013 04 20 04 23 24.577     2013 04 20 04 26 38.843     194.3
1375
 2013 04 20 13 59 42.027     2013 04 20 14 03 19.993     218.0
 2013 04 20 20 33 42.100     2013 04 20 20 37 14.045     211.9
1376
 2013 04 20 06 55 49.362     2013 04 20 06 58 35.419     166.1
 2013 04 20 13 29 45.035     2013 04 20 13 32 28.402     163.4
1377
 2013 04 20 13 59 54.862     2013 04 20 14 03   .282     185.4
 2013 04 20 20 38 56.768     2013 04 20 20 39 22.716      25.9
1378
 2013 04 20 11 38 14.642     2013 04 20 11 39 20.995      66.4
 2013 04 20 18 14 31.541     2013 04 20 18 17 57.167     205.6
1379
 2013 04 20 09 56 59.426     2013 04 20 09 59 54.382     175.0
 2013 04 20 19 57  5.817     2013 04 20 20 00  3.988     178.2
1380
 2013 04 20 03 21  6.925     2013 04 20 03 23 39.164     152.2
 2013 04 20 18 40 36.562     2013 04 20 18 43 59.977     203.4
1381
 2013 04 20 09 50  7.173     2013 04 20 09 52 58.129     171.0
 2013 04 20 21 38 22.152     2013 04 20 21 41 13.838     171.7
1382
 2013 04 20 08 57 17.813     2013 04 20 08 59 54.707     156.9
 2013 04 20 22 30 47.513     2013 04 20 22 34 23.379     215.9
1383
1384
 2013 04 20 02 54 26.392     2013 04 20 02 57  4.234     157.8
1385
 2013 04 20 05 12 32.433     2013 04 20 05 15 14.994     162.6
 2013 04 20 15 13   .716     2013 04 20 15 16  5.648     184.9
1386
 2013 04 20 03 29 23.688     2013 04 20 03 31 54.459     150.8
1387
1388
 2013 04 20 23 15  5.302     2013 04 20 23 18 22.870     197.6
1389
1390
1391
1392
 2013 04 20 04 51 34.662     2013 04 20 04 54 10.676     156.0
 2013 04 20 21 53 47.276     2013 04 20 21 56 42.823     175.5
1393
 2013 04 20 23 21 11.171     2013 04 20 23 23 46.001     154.8
1394
 2013 04 20 08 57 41.197     2013 04 20 09 00 34.478     173.3
1395
1396
1397
 2013 04 20 07 33 36.564     2013 04 20 07 36 34.673     178.1
 2013 04 20 17 37  1.624     2013 04 20 17 38 10.924      69.3
1398
1399
 2013 04 20 14 45 39.213     2013 04 20 14 48 15.661     156.4
 2013 04 20 23 00 43.064     2013 04 20 23 03 33.489     170.4
1400
 2013 04 20 06 09 41.029     2013 04 20 06 12 27.448     166.4
 2013 04 20 12 43 32.014     2013 04 20 12 46 22.889     170.9
1401
1402
1403
 2013 04 20 07 42 47.017     2013 04 20 07 45 24.091     157.1
 2013 04 20 14 17  5.219     2013 04 20 14 20 11.556     186.3
1404
 2013 04 20 13 55 49.424     2013 04 20 13 58 26.465     157.0
1405
 2013 04 20 21 48 14.990     2013 04 20 21 50 51.686     156.7
1406
 2013 04 20 06 45 39.387     2013 04 20 06 48 57.960     198.6
1407
 2013 04 20 16 03 42.941     2013 04 20 16 07   .515     197.6
1408
1409
 2013 04 20 06 42 49.272     2013 04 20 06 45 20.266     151.0
 2013 04 20 18 27 25.260     2013 04 20 18 28  8.075      42.8
1410
 2013 04 20 13 31 59.643     2013 04 20 13 35  1.783     182.1
1411
 2013 04 20 01 01 50.270     2013 04 20 01 04 25.249     155.0
 2013 04 20 14 43 38.726     2013 04 20 14 43 44.348       5.6
1412
 2013 04 20 02 38  6.432     2013 04 20 02 41 15.049     188.6
 2013 04 20 16 13 21.390     2013 04 20 16 15 52.004     150.6
1413
 2013 04 20 03 41 15.367     2013 04 20 03 41 43.699      28.3
1414
 2013 04 20 04 53 26.055     2013 04 20 04 53 46.249      20.2
 2013 04 20 20 17  7.683     2013 04 20 20 19 43.265     155.6
1415
 2013 04 20 07 26 35.228     2013 04 20 07 29 37.283     182.1
 2013 04 20 19 17 34.882     2013 04 20 19 20 34.043     179.2
1416
 2013 04 20 09 54 38.976     2013 04 20 09 57 13.814     154.8
1417
1418
 2013 04 20 07 26 19.447     2013 04 20 07 28 12.437     113.0
 2013 04 20 19 18 11.109     2013 04 20 19 20 49.798     158.7
1419
 2013 04 20 11 29 41.882     2013 04 20 11 32 12.512     150.6
 2013 04 20 21 31 21.423     2013 04 20 21 32  9.819      48.4
1420
 2013 04 20 08 08 14.742     2013 04 20 08 08 34.555      19.8
 2013 04 20 23 22   .465     2013 04 20 23 22 24.872      24.4
1421
 2013 04 20 10 39 58.718     2013 04 20 10 43 41.494     222.8
1422
 2013 04 20 16 49 10.947     2013 04 20 16 52 12.912     182.0
1423
 2013 04 20 00 06 46.822     2013 04 20 00 09 21.483     154.7
 2013 04 20 17 10  1.555     2013 04 20 17 13  7.811     186.3
 2013 04 20 23 43 37.847     2013 04 20 23 46 12.191     154.3
1424
1425
 2013 04 20 04 50 59.993     2013 04 20 04 54 23.063     203.1
 2013 04 20 21 54 40.508     2013 04 20 21 57 22.347     161.8
1426
1427
 2013 04 20 03 49  4.484     2013 04 20 03 51 40.142     155.7
 2013 04 20 08 43 42.667     2013 04 20 08 47   .377     197.7
1428
 2013 04 20 09 16 12.806     2013 04 20 09 19 32.277     199.5
 2013 04 20 15 50 15.546     2013 04 20 15 50 18.998       3.5
1429
 2013 04 20 00 09  3.337     2013 04 20 00 09 36.355      33.0
 2013 04 20 15 33 26.785     2013 04 20 15 36 55.328     208.5
1430
1431
 2013 04 20 14 23 34.457     2013 04 20 14 26 29.801     175.3
1432
 2013 04 20 16 16 21.119     2013 04 20 16 19 56.699     215.6
1433
 2013 04 20 11 28 44.756     2013 04 20 11 31 22.540     157.8
1434
1435
1436
1437
 2013 04 20 04 01 50.091     2013 04 20 04 04 33.443     163.4
 2013 04 20 22 43 11.309     2013 04 20 22 46 29.775     198.5
1438
 2013 04 20 15 35 23.381     2013 04 20 15 38  1.426     158.0
 2013 04 20 22 09 57.199     2013 04 20 22 12 47.882     170.7
1439
1440
 2013 04 20 06 35  2.495     2013 04 20 06 38 21.073     198.6
 2013 04 20 20 08 48.549     2013 04 20 20 11 45.673     177.1
1441
 2013 04 20 03 00 12.354     2013 04 20 03 03 24.464     192.1
 2013 04 20 04 37 39.785     2013 04 20 04 37 52.975      13.2
 2013 04 20 09 33 20.709     2013 04 20 09 36  3.700     163.0
1442
 2013 04 20 02 39 59.519     2013 04 20 02 43 11.359     191.8
1443
 2013 04 20 04 09 10.408     2013 04 20 04 12 49.189     218.8
1444
 2013 04 20 21 34  3.561     2013 04 20 21 37 48.279     224.7
1445
 2013 04 20 00 19 58.177     2013 04 20 00 23 15.387     197.2
1446
 2013 04 20 09 05 23.451     2013 04 20 09 07 56.714     153.3
1447
 2013 04 20 07 40 43.316     2013 04 20 07 43 24.126     160.8
 2013 04 20 15 55 36.437     2013 04 20 15 58 36.164     179.7
1448
 2013 04 20 01 46 52.164     2013 04 20 01 50   .895     188.7
 2013 04 20 17 04 52.776     2013 04 20 17 06  8.913      76.1
1449
 2013 04 20 12 22 26.260     2013 04 20 12 26 10.148     223.9
 2013 04 20 20 40 18.732     2013 04 20 20 42 53.889     155.2
1450
 2013 04 20 00 11 33.222     2013 04 20 00 14 44.138     190.9
 2013 04 20 15 31  5.753     2013 04 20 15 33 55.165     169.4
1451
 2013 04 20 10 32  9.749     2013 04 20 10 34 45.747     156.0
1452
 2013 04 20 08 54 41.140     2013 04 20 08 57 38.615     177.5
 2013 04 20 22 31 26.946     2013 04 20 22 34 55.773     208.8
1453
1454
 2013 04 20 00 59 56.463     2013 04 20 01 02 35.819     159.4
1455
 2013 04 20 08 05 23.579     2013 04 20 08 09  6.613     223.0
1456
1457
 2013 04 20 15 53 36.505     2013 04 20 15 56 33.602     177.1
1458
 2013 04 20 02 31 45.368     2013 04 20 02 35 13.789     208.4
 2013 04 20 17 55  1.649     2013 04 20 17 57 42.649     161.0
1459
 2013 04 20 10 52 36.143     2013 04 20 10 55 31.068     174.9
 2013 04 20 17 25 56.515     2013 04 20 17 28 35.550     159.0
1460
 2013 04 20 09 12 45.575     2013 04 20 09 15 58.926     193.4
 2013 04 20 17 30 38.626     2013 04 20 17 34 23.709     225.1
1461
1462
 2013 04 20 15 35  2.498     2013 04 20 15 35  3.656       1.2
 2013 04 20 17 13  2.855     2013 04 20 17 16 36.738     213.9
 2013 04 20 22 08 33.483     2013 04 20 22 11  8.019     154.5
1463
1464
1465
 2013 04 20 04 07 27.138     2013 04 20 04 08  9.763      42.6
 2013 04 20 21 04 31.392     2013 04 20 21 05 34.627      63.2
1466
 2013 04 20 06 07 20.266     2013 04 20 06 10  3.183     162.9
1467
 2013 04 20 19 06  1.471     2013 04 20 19 09 12.740     191.3
1468
 2013 04 20 10 01 23.935     2013 04 20 10 04  5.460     161.5
 2013 04 20 18 16 52.368     2013 04 20 18 19 34.433     162.1
1469
 2013 04 20 01 09 12.046     2013 04 20 01 10  1.133      49.1
1470
 2013 04 20 19 17 41.225     2013 04 20 19 21 11.185     210.0
1471
 2013 04 20 09 52 19.469     2013 04 20 09 55 27.790     188.3
1472
 2013 04 20 02 51 44.530     2013 04 20 02 54 29.815     165.3
 2013 04 20 12 52  4.246     2013 04 20 12 54 43.100     158.9
1473
 2013 04 20 15 34 58.138     2013 04 20 15 38 45.524     227.4
 2013 04 20 22 11   .449     2013 04 20 22 13 49.199     168.8
1474
 2013 04 20 12 14  2.663     2013 04 20 12 16 48.586     165.9
1475
 2013 04 20 06 54 59.009     2013 04 20 06 58 16.897     197.9
 2013 04 20 13 30 38.807     2013 04 20 13 34 14.879     216.1
1476
 2013 04 20 12 25 19.773     2013 04 20 12 28 38.595     198.8
 2013 04 20 18 59 22.121     2013 04 20 19 03  2.941     220.8
1477
 2013 04 20 10 52 23.896     2013 04 20 10 55 22.290     178.4
 2013 04 20 17 25 53.786     2013 04 20 17 28 28.961     155.2
1478
 2013 04 20 01 09 24.886     2013 04 20 01 12  3.528     158.6
 2013 04 20 12 58 23.720     2013 04 20 13 01 32.673     189.0
1479
 2013 04 20 09 19 26.383     2013 04 20 09 22 38.591     192.2
 2013 04 20 14 14 45.867     2013 04 20 14 18 30.862     225.0
1480
1481
 2013 04 20 14 27 35.022     2013 04 20 14 27 50.677      15.7
1482
 2013 04 20 02 55 10.830     2013 04 20 02 56  9.859      59.0
 2013 04 20 11 10 38.287     2013 04 20 11 14  7.039     208.8
1483
 2013 04 20 04 53 17.061     2013 04 20 04 54 37.736      80.7
 2013 04 20 20 16 59.661     2013 04 20 20 19 41.733     162.1
1484
 2013 04 20 13 16 17.882     2013 04 20 13 19 49.864     212.0
 2013 04 20 18 11 57.895     2013 04 20 18 14 48.377     170.5
1485
 2013 04 20 16 10 12.668     2013 04 20 16 12 58.715     166.0
1486
 2013 04 20 05 40 49.852     2013 04 20 05 44 23.570     213.7
 2013 04 20 21 04  1.924     2013 04 20 21 06 36.945     155.0
1487
 2013 04 20 08 52 19.746     2013 04 20 08 55  9.471     169.7
1488
 2013 04 20 09 14 42.128     2013 04 20 09 18  3.171     201.0
 2013 04 20 17 28 58.194     2013 04 20 17 31 37.997     159.8
1489
1490
1491
 2013 04 20 12 07 47.553     2013 04 20 12 10 58.735     191.2
1492
 2013 04 20 00 16 58.760     2013 04 20 00 19 59.716     181.0
 2013 04 20 13 51 24.044     2013 04 20 13 54  9.551     165.5
1493
 2013 04 20 04 51 13.959     2013 04 20 04 54   .582     166.6
 2013 04 20 21 53  9.157     2013 04 20 21 55 55.034     165.9
1494
 2013 04 20 14 47  4.422     2013 04 20 14 50 41.061     216.6
 2013 04 20 21 23  4.996     2013 04 20 21 26 51.531     226.5
1495
 2013 04 20 14 46 31.937     2013 04 20 14 49  5.097     153.2
 2013 04 20 22 59 46.457     2013 04 20 23 01 10.314      83.9
1496
 2013 04 20 06 41 41.644     2013 04 20 06 42 59.925      78.3
1497
 2013 04 20 23 26   .530     2013 04 20 23 29 19.852     199.3
1498
 2013 04 20 16 52 56.183     2013 04 20 16 56 40.669     224.5
1499
 2013 04 20 04 09  8.154     2013 04 20 04 11 54.825     166.7
1500
 2013 04 20 02 57 49.286     2013 04 20 03 01 39.704     230.4
1501
 2013 04 20 20 58 50.357     2013 04 20 21 02 17.987     207.6
1502
 2013 04 20 00 58 22.517     2013 04 20 01 01 32.333     189.8
 2013 04 20 16 18 33.510     2013 04 20 16 21  7.092     153.6
1503
 2013 04 20 14 43  8.357     2013 04 20 14 45 48.173     159.8
1504
 2013 04 20 14 29 24.717     2013 04 20 14 32 25.506     180.8
1505
 2013 04 20 06 38  2.980     2013 04 20 06 40 32.972     150.0
1506
 2013 04 20 05 39 34.329     2013 04 20 05 42 16.065     161.7
1507
1508
 2013 04 20 13 15 50.503     2013 04 20 13 18 30.353     159.8
 2013 04 20 18 10 36.396     2013 04 20 18 13 59.844     203.4
1509
 2013 04 20 09 54 30.518     2013 04 20 09 57 15.221     164.7
1510
 2013 04 20 00 40 22.555     2013 04 20 00 44 11.569     229.0
 2013 04 20 05 36 18.266     2013 04 20 05 39 16.309     178.0
1511
 2013 04 20 01 18  6.101     2013 04 20 01 21 18.050     191.9
 2013 04 20 11 15 43.369     2013 04 20 11 18 43.953     180.6
1512
 2013 04 20 01 46 35.695     2013 04 20 01 49 18.202     162.5
 2013 04 20 17 05 41.810     2013 04 20 17 08 59.776     198.0
1513
 2013 04 20 02 35 30.829     2013 04 20 02 39 12.845     222.0
1514
1515
 2013 04 20 02 37 39.017     2013 04 20 02 41 20.630     221.6
 2013 04 20 16 15 10.240     2013 04 20 16 18  7.201     177.0
1516
 2013 04 20 08 24 12.954     2013 04 20 08 26 54.433     161.5
1517
 2013 04 20 06 50 11.877     2013 04 20 06 50 16.935       5.1
 2013 04 20 15 13 30.139     2013 04 20 15 13 35.000       4.9
1518
 2013 04 20 05 23 35.213     2013 04 20 05 27  5.939     210.7
 2013 04 20 10 19 14.781     2013 04 20 10 22 29.205     194.4
1519
 2013 04 20 02 42  8.991     2013 04 20 02 44 46.313     157.3
1520
 2013 04 20 02 03 52.309     2013 04 20 02 06 38.747     166.4
 2013 04 20 12 04   .748     2013 04 20 12 06 50.897     170.1
1521
 2013 04 20 06 25 14.250     2013 04 20 06 28 24.221     190.0
 2013 04 20 23 27 18.252     2013 04 20 23 29 56.208     158.0
1522
1523
 2013 04 20 16 11 55.421     2013 04 20 16 14 42.493     167.1
1524
 2013 04 20 01 50  5.531     2013 04 20 01 52 40.852     155.3
 2013 04 20 15 27 31.785     2013 04 20 15 30 16.562     164.8
1525
 2013 04 20 03 19 28.611     2013 04 20 03 22  9.575     161.0
 2013 04 20 18 40 43.380     2013 04 20 18 43 36.724     173.3
1526
 2013 04 20 06 52 35.032     2013 04 20 06 55 58.005     203.0
 2013 04 20 15 09 17.606     2013 04 20 15 11 58.523     160.9
1527
 2013 04 20 20 05 25.466     2013 04 20 20 08 18.331     172.9
1528
1529
 2013 04 20 22 14 42.738     2013 04 20 22 17 50.709     188.0
1530
 2013 04 20 14 37 54.886     2013 04 20 14 40 57.377     182.5
1531
1532
 2013 04 20 20 54 17.686     2013 04 20 20 57 37.776     200.1
1533
 2013 04 20 08 26 33.830     2013 04 20 08 29 52.639     198.8
 2013 04 20 16 41 47.408     2013 04 20 16 44 36.750     169.3
1534
 2013 04 20 03 16 29.258     2013 04 20 03 19 16.898     167.6
 2013 04 20 20 19 43.499     2013 04 20 20 22 19.350     155.9
1535
1536
 2013 04 20 07 15   .171     2013 04 20 07 17 38.368     158.2
 2013 04 20 22 36 46.013     2013 04 20 22 40 22.953     216.9
1537
 2013 04 20 08 33 19.772     2013 04 20 08 36 28.427     188.7
 2013 04 20 13 28 32.243     2013 04 20 13 31 10.008     157.8
1538
 2013 04 20 13 13 23.014     2013 04 20 13 13 39.460      16.4
 2013 04 20 19 49 34.821     2013 04 20 19 52 13.894     159.1
1539
 2013 04 20 14 03   .395     2013 04 20 14 05 51.099     170.7
 2013 04 20 18 57 58.948     2013 04 20 19 01 31.106     212.2
1540
 2013 04 20 08 18 38.318     2013 04 20 08 21 13.082     154.8
1541
 2013 04 20 08 04 52.037     2013 04 20 08 07 32.016     160.0
 2013 04 20 23 23 52.715     2013 04 20 23 24  8.814      16.1
1542
 2013 04 20 19 07  4.694     2013 04 20 19 10  8.892     184.2
1543
 2013 04 20 02 45 48.224     2013 04 20 02 48 44.996     176.8
 2013 04 20 14 31 39.760     2013 04 20 14 34 29.946     170.2
1544
 2013 04 20 03 28 21.881     2013 04 20 03 31 27.894     186.0
1545
 2013 04 20 17 37 20.736     2013 04 20 17 38 21.768      61.0
1546
 2013 04 20 11 22 46.311     2013 04 20 11 26  2.635     196.3
 2013 04 20 23 15 25.321     2013 04 20 23 15 38.178      12.9
1547
1548
 2013 04 20 02 50 16.328     2013 04 20 02 53 49.377     213.0
 2013 04 20 12 53 10.438     2013 04 20 12 55 45.212     154.8
1549
 2013 04 20 00 32   .116     2013 04 20 00 35  6.251     186.1
1550
 2013 04 20 12 47 34.699     2013 04 20 12 47 47.954      13.3
1551
 2013 04 20 19 06 18.403     2013 04 20 19 08 51.285     152.9
1552
 2013 04 20 03 19 30.834     2013 04 20 03 22 56.405     205.6
 2013 04 20 18 40  5.756     2013 04 20 18 42 46.170     160.4
1553
1554
 2013 04 20 09 40 35.453     2013 04 20 09 43 32.879     177.4
1555
 2013 04 20 05 51  9.550     2013 04 20 05 53 50.343     160.8
1556
 2013 04 20 03 19 30.115     2013 04 20 03 22 48.486     198.4
 2013 04 20 18 42 10.085     2013 04 20 18 44 45.147     155.1
1557
 2013 04 20 03 36 37.553     2013 04 20 03 39 23.648     166.1
1558
 2013 04 20 13 55 46.827     2013 04 20 13 58 57.924     191.1
1559
1560
 2013 04 20 03 21 17.694     2013 04 20 03 23 56.830     159.1
 2013 04 20 18 40 39.093     2013 04 20 18 42 33.320     114.2
1561
 2013 04 20 16 04 50.297     2013 04 20 16 07 38.442     168.1
1562
 2013 04 20 00 12 29.238     2013 04 20 00 12 31.026       1.8
1563
1564
 2013 04 20 01 24  3.554     2013 04 20 01 26 53.577     170.0
1565
 2013 04 20 05 21 25.295     2013 04 20 05 23 59.609     154.3
 2013 04 20 11 55 36.936     2013 04 20 11 58 23.905     167.0
1566
1567
1568
 2013 04 20 03 37 36.756     2013 04 20 03 40 13.304     156.5
 2013 04 20 13 38 36.648     2013 04 20 13 42 14.663     218.0
1569
1570
 2013 04 20 12 13 28.197     2013 04 20 12 16 12.452     164.3
1571
1572
 2013 04 20 00 07 35.173     2013 04 20 00 10  9.446     154.3
 2013 04 20 17 10 12.378     2013 04 20 17 12 48.056     155.7
 2013 04 20 23 44 24.798     2013 04 20 23 47  1.188     156.4
1573
 2013 04 20 09 10  7.812     2013 04 20 09 13  2.670     174.9
 2013 04 20 19 09 31.847     2013 04 20 19 12 49.766     197.9
1574
 2013 04 20 02 53 58.917     2013 04 20 02 57 40.565     221.6
1575
 2013 04 20 02 05 42.068     2013 04 20 02 05 54.200      12.1
1576
1577
 2013 04 20 02 53 48.458     2013 04 20 02 56 22.829     154.4
1578
 2013 04 20 14 37  1.243     2013 04 20 14 39 32.567     151.3
1579
1580
 2013 04 20 03 40 52.464     2013 04 20 03 43 36.354     163.9
1581
 2013 04 20 06 45 21.423     2013 04 20 06 46 22.740      61.3
 2013 04 20 16 49 31.544     2013 04 20 16 52 52.102     200.6
1582
 2013 04 20 12 24 12.987     2013 04 20 12 26 48.121     155.1
 2013 04 20 20 38 39.179     2013 04 20 20 41 38.057     178.9
1583
 2013 04 20 05 46 47.683     2013 04 20 05 49 28.449     160.8
 2013 04 20 19 22 55.111     2013 04 20 19 25 27.964     152.9
1584
 2013 04 20 07 29 34.691     2013 04 20 07 32 10.346     155.7
 2013 04 20 19 15  8.552     2013 04 20 19 18 28.375     199.8
1585
 2013 04 20 22 21  9.314     2013 04 20 22 23 44.490     155.2
1586
 2013 04 20 22 24 12.562     2013 04 20 22 24 58.830      46.3
1587
 2013 04 20 13 50 12.701     2013 04 20 13 53  9.031     176.3
1588
 2013 04 20 04 12 20.414     2013 04 20 04 15  2.544     162.1
 2013 04 20 17 49 10.116     2013 04 20 17 51 42.085     152.0
1589
1590
 2013 04 20 00 15 55.481     2013 04 20 00 19 27.117     211.6
 2013 04 20 13 53 30.874     2013 04 20 13 56 21.728     170.9
1591
 2013 04 20 04 12  4.605     2013 04 20 04 14 55.104     170.5
 2013 04 20 17 48 15.903     2013 04 20 17 50 56.557     160.7
1592
 2013 04 20 05 55 30.366     2013 04 20 05 58 52.251     201.9
 2013 04 20 17 39 22.375     2013 04 20 17 41 25.371     123.0
1593
 2013 04 20 11 36 18.511     2013 04 20 11 39  9.204     170.7
 2013 04 20 19 51  7.322     2013 04 20 19 53 42.907     155.6
1594
 2013 04 20 06 36 37.850     2013 04 20 06 39 19.144     161.3
1595
1596
 2013 04 20 05 43 23.479     2013 04 20 05 46 12.132     168.7
1597
 2013 04 20 08 02 28.715     2013 04 20 08 05  2.388     153.7
 2013 04 20 23 24 14.621     2013 04 20 23 27 36.309     201.7
1598
 2013 04 20 03 27 49.954     2013 04 20 03 30 20.488     150.5
1599
